ganm_id,term,gloss,chapter_id,strophe_id,is_phrase
ganm_635,ზეგარდმო,ზემოდან,1,1,False
ganm_636,სულითა ყვნა,"სული მისცა, სულიერი გახადა",1,1,True
ganm_637,მისმიერი,"მისგან შექმნილი, 
მისეული",1,1,False
ganm_638,სიკვდიდმდე გასატანისა,სიკვდილამდე გასაყოლად,1,2,True
ganm_639,მუნ,იქ (იგულისხმება საიქიო ცხოვრება),1,2,False
ganm_640,თანა წასატანისა,თან წასაღების,1,2,True
ganm_641,შიმშერი,ხმალი,1,3,False
ganm_642,ბალახშ,საუკეთესო ლალი,1,3,False
ganm_643,ყანდი,ტკბილეული,1,3,False
ganm_644,ხამს,"ჯერ-არს, საჭიროა",1,3,False
ganm_645,მიშერისა,ველური თაფლისა,1,3,False
ganm_646,არ ავად გამორჩეული,კარგად გამორჩეული; კარგად შერჩეული სიტყვებით გამოხატული,1,4,True
ganm_647,ხეული,"(გულის) გამხევი, ნახევი ჭრილობის გამჩენი",1,4,False
ganm_648,ბაგე,ტუჩი,1,5,False
ganm_649,აწ,ახლა,1,6,False
ganm_650,შენგნით,შენგან,1,6,False
ganm_651,მათ სამთა გმირთა მნათობთა,იმ სამ მნათობისებრ გმირს,1,6,True
ganm_652,სჭირს ერთმანერთის მონება,"ერთმანეთთან არიან დაკავშირებულნი, ერთმანეთს საჭიროებენ",1,6,True
ganm_653,დაბადებით,ქვეყნის გაჩენიდან,1,7,False
ganm_654,ვინმცა ყოფილა,ვინ იქნებოდა?,1,7,True
ganm_655,ხელის–ხელ საგოგმანები,ხელიდან ხელში გადასაგორებელი,1,8,True
ganm_656,საჭოჭმანები,საყოყმანო,1,8,False
ganm_657,ხელ-მქმნელმან,გამხელებელმა,1,8,False
ganm_658,ნები,"დამსაჯოს, გამიკითხოს თავისი ნებისაებრ",1,8,False
ganm_659,ხელობით,"სიშმაგით, სიშმაგის გამო",1,9,False
ganm_660,სპა,მუდმივი ჯარი; მუდმივი ჯარის მებრძოლი,1,9,False
ganm_661,ვხელობ,"ვშმაგობ, გახელებული ვარ",1,9,False
ganm_662,კვლა,აქ; ისევ,1,9,False
ganm_663,სამარი,სამარისა,1,9,False
ganm_664,ენატრამცა,ინატრონ,1,10,False
ganm_665,ახლად ჩენა,"კვლავ ახელა, სინათლის დაბრუნება",1,10,True
ganm_666,მიჰხვდომია,"შეჰხვედრია, წილად ჰხვდომია",1,10,False
ganm_667,მიაჯეთ ვინ,"გამომექომაგეთ ვინმე, შემიწყალეთ ვინმემ!",1,10,True
ganm_668,სამთა ფერთა საქებელთა,სამხმოვან სიმღერას (ან: სიმღერებს),1,10,True
ganm_669,ლამის,დიაღაც რომ(?),1,10,False
ganm_670,ლექსთა უნდა ვლენა,"ლექსთა მიწოდება, სიტყვების მიცემა უნდა",1,10,True
ganm_671,უბნობდეს,ამბობდეს,1,11,False
ganm_672,მიწყივ,მუდამ,1,11,False
ganm_673,გულოვნობდეს,მამაცობდეს,1,11,False
ganm_674,კვლა,აგრეთვე,1,12,False
ganm_675,ამად,ამიტომ,1,12,False
ganm_676,რბევა,რბენინება,1,13,False
ganm_677,მისჭირდეს,"გაუჭირდეს, გაუძნელდეს",1,13,False
ganm_678,რა ვეღარ მიჰხვდეს ქართულსა,"როცა ვეღარ იპოვის, ვეღარ დაიმორჩილებს სიტყვას",1,14,True
ganm_679,ჩოგან,ცხენბურთის სათამაშო იარაღი,1,14,False
ganm_680,ყოლა,სრულებითაც,1,15,False
ganm_681,უცილობლობს,ჯიუტობს,1,15,False
ganm_682,ძალ-უც,შეუძლიათ,1,16,False
ganm_683,სრულ-ქმნა,დასრულება,1,16,False
ganm_684,ბედითი,"უსარგებლო, ცუდ-უბრალო",1,16,False
ganm_685,ხელად აქვს,"წესად, ჩვეულებად აქვთ",1,16,True
ganm_686,სათრეველად,"გასამასხარავებლად, ხუმრობით გასაკილავად",1,17,False
ganm_687,რაცა ოდენ,რაც კი,1,17,True
ganm_688,ხამს,"საჭიროა, ჯერ-არს, უნდა",1,18,False
ganm_689,მობდეს,"აფუჭებდეს, აუქმებდეს, აფერხებდეს",1,18,False
ganm_690,უჩნდეს,"ჰყავდეს, ეგულებოდეს",1,18,False
ganm_691,მისგან კიდე,მის გარდა,1,18,True
ganm_692,ნურა,ნურაფერი,1,18,False
ganm_693,ცანით,შეიტყეთ!,1,19,False
ganm_694,გამიქიქია,"დამიმცირებია, დამიგმია, გამიბიაბურებია",1,19,False
ganm_695,ჯიქი,"ლეოპარდი, პანტერა",1,19,False
ganm_696,ქვემორე,ქვემოთ,1,19,False
ganm_697,გამოსაგები,"გამოსათქმელი, გამოსახატი",1,20,False
ganm_698,საზეო,"ზეციური, ზეცისკენ მიმართული",1,20,False
ganm_699,თმობამცა ჰქონდა,მოთმინება ჰქონდეს,1,20,True
ganm_700,მიჰხვდებიან,"მისწვდებიან, ეწევიან",1,21,False
ganm_701,დაშვრების,დაიღლება,1,21,False
ganm_702,დავალდებიან,შეწუხდებიან,1,21,False
ganm_703,ვთქვნე ხელობანი ქვენანი,"ვიტყვი, აგიწერთ „ქვენა” ანუ მიწიერ გრძნობებს",1,21,True
ganm_704,ჰხვდებიან,"ეხებიან, ეკუთვნიან",1,21,False
ganm_705,ოდენ,მხოლოდ,1,21,False
ganm_706,ბნდებიან,"გონებას კარგავენ, იბნიდებიან",1,21,False
ganm_707,"მით, რომე","იმიტომ, რომ",1,22,True
ganm_708,ვერ-მიხვდომისა,"ვერმიახლოების, სატრფოსთან თავისი მიზნის ვერმიღწევის",1,22,False
ganm_709,საღმრთო სიახლე,ღმერთთან სიახლოვე,1,22,True
ganm_710,დაშვრების აღმაფრენითა,"იღლება, ძალას ხარჯავს ზეცისკენ სწრაფვაში",1,22,True
ganm_711,კვლა,ხოლო,1,22,False
ganm_712,ქვე უც,"დაბლა, ამ ქვეყნად აქვს",1,22,True
ganm_713,ვითა,როგორც,1,23,False
ganm_714,გვარი,ზეციური „იდეა”,1,24,False
ganm_715,სიძვა,"გარყვნილება, სქესობრივი აღვირახსნილობა",1,24,False
ganm_716,უზის,"უძევს, გავლებული აქვს",1,24,False
ganm_717,ნაუბარი,ნათქვამი,1,24,False
ganm_718,ხამს,"უნდა, საჭიროა",1,25,False
ganm_719,ხანიერი,"გამტანი, ერთგული",1,25,False
ganm_720,უში,"ოხვრა, ვაება, კვნესა",1,25,False
ganm_721,კუშტი,"მკაცრი, უკარებელი",1,25,False
ganm_722,მიჰხვდეს,შეჰხვდეს,1,25,False
ganm_723,ქუში,"პირქუში, უღიმღამო, გულჩათხრობილი",1,25,False
ganm_724,აუზვავდეს,გაუთამამდეს,1,26,False
ganm_725,შეუზარდეს,შეუშინდეს,1,26,False
ganm_726,ყველაკაი,ყოველივე,1,26,False
ganm_727,ნურა ჰგავა,"ნუ ენაღვლება, ნუ დაეძებს",1,26,True
ganm_728,უხმობს,უწოდებს,1,27,False
ganm_729,თმობასა;,მოთმინებას,1,27,False
ganm_730,მღერასა,თამაშს,1,27,False
ganm_731,ბედითსა,"ამაოს, ცუდ-უბრალოს",1,27,False
ganm_732,ვინ იქმს სოფლისა თმობასა,"ვინც ქვეყანას დათმობს, ვინც სატრფოსთვის ყველაფერს გაწირავს",1,27,True
ganm_733,პირველი,აქ: საუკეთესო,1,28,False
ganm_734,თავის-წინა,მარტოობაში,1,28,False
ganm_735,ნიადაგმცა ჰქონდა,მუდამ ჰქონდეს,1,28,True
ganm_736,ხალვა,ფიქრიანი განმარტოება,1,28,False
ganm_737,ალვა,"აალება, წვა",1,28,False
ganm_738,დათმოს,მოითმინოს,1,28,False
ganm_739,ხამს,"საჭიროა, ჯერ-არს",1,29,False
ganm_740,ხვაშიადსა,გულისნადებს,1,29,False
ganm_741,ბედითად,"ტყუილად, ამაოდ",1,29,False
ganm_742,ზმიდეს,შვრებოდეს,1,29,False
ganm_744,მოყვარესა,სატრფოს,1,29,False
ganm_745,აყივნებდეს,არცხვენდეს,1,29,False
ganm_746,უჩნდეს,მიაჩნდეს,1,29,False
ganm_747,უშმაგო,"გონზე მყოფი, არაშმაგი",1,30,False
ganm_748,გაამჩივნოს,გათქვას,1,30,False
ganm_749,რამცა ირგო,"რას ირგებს, რას მოიგებს?",1,30,True
ganm_750,რათამეღა ასახელოს,"რაღათი ასახელებს, რაღათი შეუძლია ასახელოს?",1,30,True
ganm_751,მოაყივნოს,შეარცხვინოს,1,30,False
ganm_752,რა ჰგავა,რა ენაღვლება?,1,30,True
ganm_753,აყივნებს,არცხვენს,1,31,False
ganm_754,წყლულსა,დაჭრილსა,1,31,False
ganm_755,ტირილსა ემართლების,"შეიძლება ტირილი მოვუწონოთ, ტირილისათვის არ დავგმოთ",1,32,True
ganm_756,დაეთვლების,ჩაეთვლება,1,32,False
ganm_757,მისგან კიდე,მის გარდა,1,32,True
ganm_758,დააჩნდეს,შეეტყოს,1,32,False
ganm_759,კაცთა ეახლების,ადამიანებთან იქნება,1,32,True
ganm_6009,სვიანი,ბედნიერი,2,33,False
ganm_6010,ყმიანი,მრავალი ყმის ანუ ვასალის მყოლი,2,33,False
ganm_6011,მორჭმული,"გამარჯვებული, წარმატებული",2,33,False
ganm_6012,უებრო,"უბადლო, სწორუპოვარი",2,33,False
ganm_6013,კვლა,აგრეთვე,2,33,False
ganm_6014,მოუბარი,მოლაპარაკე,2,33,False
ganm_6015,ოდენ,მხოლოდ,2,34,False
ganm_6016,მისთა მჭვრეტთა,მის მნახველებს,2,34,True
ganm_6017,ხამს,"უნდა, საჭიროა",2,34,False
ganm_6019,ბევრად ასული,რავალი ასი,2,34,True
ganm_6020,რა გაიზარდა,რომ გაიზარდა,2,35,True
ganm_6021,გაივსო,დასრულდა,2,35,False
ganm_6022,ამო,"აქ: ნელი, ტკბილი",2,35,False
ganm_6023,ერთგან,რთად,2,36,False
ganm_6024,სასაუბნაროსა,"სასაუბროს, სამსჯელოს",2,36,False
ganm_6025,უმთენაროსა,გაუთენებელს,2,36,False
ganm_6026,გარდასრულვარ,"გადავსულვარ, დრო გამსვლია",2,37,False
ganm_6027,ასრე,ასე,2,37,False
ganm_6028,კადრეს,"მოახსენეს, უთხრეს",2,38,False
ganm_6029,ეგრეცა,მაინც,2,38,False
ganm_6030,გვმართებს მისივე ჯერობა,ასვე უნდა დავჯერდეთ,2,38,True
ganm_6031,სული,უნი,2,38,False
ganm_6032,ხმდა,საჭირო იყო,2,39,False
ganm_6033,გლმობია,გტკენიათ,2,39,False
ganm_6034,შენაფლობი,შენაპყრობი,2,39,False
ganm_6035,გათნევთ,"გეპირფერებით, საამებლად გეუბნებით",2,40,False
ganm_6036,კვლა,სხვა დროსაც,2,40,False
ganm_6037,დია;,ბევრჯერ,2,40,False
ganm_6038,განაცხადი,"ნათელი, ბრწყინვალე",2,40,False
ganm_6039,სპასპეტი,სარდალი,2,41,False
ganm_6040,ამირ-სპასალარი,სამხედრო მინისტრი,2,41,False
ganm_6041,სარო,იპაროსის ხე,2,41,False
ganm_6042,ნაზარდი,"ტანადი, ნაკვთიანი",2,41,False
ganm_6043,უწვერული,იგულისხმება: ახალგაზრდა,2,41,False
ganm_6044,სადარო,"შესადარი, მსგავსი",2,41,False
ganm_6045,ჰკლვიდის,კლავდა,2,41,False
ganm_6046,რა მოჰშორდის,რომ მოშორდებოდა ხოლმე,2,42,True
ganm_6047,შეიქმს,"გახდის, აქცევს",2,42,False
ganm_6048,მიჰხვდა,"ჰხვდა, ერგო",2,43,False
ganm_6049,სოქ-,სოქი - ალი,2,43,False
ganm_6050,მომხვდების,შემხვდება,2,43,False
ganm_6051,ნუთუ,ეგებ,2,43,False
ganm_6052,განანათლნეს ყოველნი,"გაანათოს ყოველივე, ყველანი",2,44,True
ganm_6054,ვით,როგორც,2,44,False
ganm_6053,შემსხმელმან,ქების მთქმელმა,2,44,False
ganm_6055,ხასი,"დიდებული,",2,45,False
ganm_6056,სპასპეტი,სარდალი,2,45,False
ganm_6057,რომე,რომ,2,45,False
ganm_6058,ურქმელი,უთქმელი,2,45,False
ganm_6059,სკიპტრა,"სამეფო კვერთხი, მეფის ძალაუფლების სიმბოლო",2,46,False
ganm_6060,ცნობითა ზე-მხედველითა,ზეცისკენ მიპყრობილი გონებით,2,46,True
ganm_6061,სხვაგნით,სხვა მხრიდან,2,47,False
ganm_6062,ბუკსა ჰკრეს,ბუკს (სასულე საკრავს) ჩაჰბერეს,2,47,True
ganm_6063,წინწილა,"მუსიკალური იარაღი, ლითონის თეფშების მსგავსი",2,47,False
ganm_6064,ყრის,ხრის,2,47,False
ganm_6065,ამად,ამიტომ,2,48,False
ganm_6066,სწვრთის,"ასწავლის, არიგებს, ჰმოძღვრავს",2,48,False
ganm_6067,ითავსებოდა,იცვლებოდა,2,48,False
ganm_6068,ამისად ქმნამდის,სანამ ამას არ ვიზამდი,2,48,True
ganm_6069,დამევსებოდა,ჩამიქრებოდა,2,48,False
ganm_6070,აქათგან,ამიერიდან,2,49,False
ganm_6071,ვინათგან,ვინაიდან,2,50,False
ganm_6072,დება რა სავარგულია?,"მდებარე ნივთი, უხმარი ნივთი რა გამოსადეგია?",2,51,True
ganm_6073,წვრთასა,"დარიგებას, დამოძღვრას",2,52,False
ganm_6075,საჭურჭლე,"განძეულობა, სიმდიდრე",2,53,False
ganm_6076,ყველაკასა,ყველაფერს,2,54,False
ganm_6077,ამოაგებს,"აავსებს, გაამდიდრებს",2,54,False
ganm_6079,საჭურჭლესა,"სიმდიდრეს, განძს",2,54,False
ganm_6080,ამილახორო,"ამილახორი - მეჯინიბეთუხუცესი, სახელმწიფოს საცხენო მეურნეობის განმგებელი",2,55,False
ganm_6081,მოასხი,გამორეკე,2,55,False
ganm_6082,რემა,ჯოგი,2,55,False
ganm_6083,მოიღეს,მოიტანეს,2,55,False
ganm_6084,ლარსა,ლარი - ძვირფასი ნივთები და ქსოვილები,2,55,False
ganm_6085,ალაფობდეს,"ალაფობდნენ, სამხედრო ნადავლსავით იტაცებდნენ",2,56,False
ganm_6086,ტაიჭსა,ცხენს,2,56,False
ganm_6087,ქვე-ნაბამსა,"ადგილზე ნაბამს, ნაკვებს, ღონეზე მოსულს",2,56,False
ganm_6088,ბუქსა,თოვლნარევ ქარს,2,56,False
ganm_6089,მუნ,იქ,2,57,False
ganm_6090,დაღრეჯილობა,"მოწყენა, ნაღველი",2,57,False
ganm_6091,ამისი ცილობა,ამაზე დავა,2,57,True
ganm_6092,მჭვრეტთაგან მოსანდომი,შემხედველთა თვალის დამატყვევნელი,2,58,True
ganm_6093,ჩაუქი,"მარდი, სწრაფი",2,58,False
ganm_6094,ცუდსა,ტყუილ - უბრალოს,2,59,False
ganm_6095,გონებასა,ფიქრში,2,59,False
ganm_6096,თვარა,თორემ,2,59,False
ganm_6097,ყოლა,სრულებით,2,59,False
ganm_6098,ვჰკადროთ,"ვუთხრათ, შევბედოთ",2,59,False
ganm_6099,კენარი,ტანწერწეტი ხე,2,60,False
ganm_6100,ქცევითა,იხვრა–მოხვრით,2,60,False
ganm_6101,მუხლ-მოყრით,ცალი მუხლის მოდრეკით,2,60,False
ganm_6102,დაგიღრეჯია,"მოგიწყენია, დაღონებულხარ",2,61,False
ganm_6103,საბოძვარ,"ხშირი, უხვი",2,61,False
ganm_6104,შემოჰხედნა,შემოჰხედა,2,62,False
ganm_6105,ბრძანებანი უიმედნა,"მისთვის საიმედოდ, კეთილგანწყობილად ელაპარაკა",2,62,True
ganm_6106,დაიყბედნა,"დაიყბედა, წამოროშა",2,62,False
ganm_6107,სითგანცა,საითაც კი,2,63,False
ganm_6108,სამამაცონი ზნენი,სავაჟკაცო საქმე,2,63,True
ganm_6109,სათუთობითა,"ნაზად, ნებივრად",2,64,False
ganm_6110,ანუმცა მგვანდა,ან მგვანებოდა,2,64,True
ganm_6111,ცოტასა შემწევს,ცოტა მემსგავსება,2,64,True
ganm_6112,მოაფენდა,"აფენდა, ასხივებდა",2,65,False
ganm_6113,თავსა ჩემსა,ჩემ თავს ვფიცავ!,2,66,True
ganm_6114,ფარმანი,"უვნებლობის, პატიების წინასწარი დასტური, ზეპირი ან წერილობითი",2,66,False
ganm_6115,არ გამხადო კადნიერად,"თავხედობაში, მორიდების არცოდნაში არ ჩამომართვა",2,66,True
ganm_6116,რადმცა ვიწყინე,რად ვიწყენდი? რად ვიწყინო?,2,67,True
ganm_6117,მის მზისა მოწუნარისა,"იმ მზეზე უმჯობესის, იმ მზეთუნახავის",2,67,True
ganm_6118,მიწაცა თქვენი,"თქვენს წინაშე იგივე, რაც მიწა და მტვერი",2,68,True
ganm_6119,მოვასხნეთ,მოვიყვანოთ,2,68,False
ganm_6120,მოასპარეზედ,"მებრძოლად, სავაჟკაცო საქმეთა მცოდნედ",2,68,False
ganm_6121,ცუდნიღა უკუთქმანია,ახლა უკვე ამაოა ნათქვამის გადათქმა,2,68,True
ganm_6122,წყლიანი,"ხალისიანი, გუნებიანი",2,69,False
ganm_6123,მეტად-რე,"მეტად, ძალიან",2,69,False
ganm_6124,ბედად-რე,ბედად,2,69,False
ganm_6125,დაცილება,შეცილება,2,70,False
ganm_6126,კლება,"შეშინება, უკან დახევა",2,70,False
ganm_6127,ვიქმოდეთ მოწმად ჩვენთანა ხლებასა,"ვიახლოთ, ახლოს ვიყოლიოთ",2,70,True
ganm_6128,ვისძი,თუ ვის,2,70,False
ganm_6129,გააჩინეს,"დათქვეს, გადაწყვიტეს",2,71,False
ganm_6130,ვლიდეს,"დადიოდეს, იაროს",2,71,False
ganm_6131,მარებლად,მვლელად,2,72,False
ganm_6132,მიუმცდარებლად,შეუცდომლად,2,72,False
ganm_6133,დასცევით,"შემორეკეთ, შეაკავეთ, გაფანტვის საშუალება არ მისცეთ",2,73,False
ganm_6134,თავნი ამისთვის არენით,ამისთვის იარეთ,2,73,True
ganm_6135,ამზოდ აწვივნეს,მზადყოფნა უბრძანეს,2,73,True
ganm_6136,მუნ,იქ,2,73,False
ganm_244,ნაზარდი,"ტანადი, ნაკვთიანი",3,74,False
ganm_245,სოსანი,შროშანი,3,74,False
ganm_246,ძოწეულითა მოსილი,"წითელი მოსილი, ჩაცმული, შემოსილი",3,74,True
ganm_247,პირად ბროლ-ბალახშოსანი,კანთეთრი და ბაგეწითელი,3,74,True
ganm_248,პირ-ოქრო რიდე ეხვია,"ქსოვილისაგან დამზადებული რიდე, თავ-კისრის მოსასხამი",3,74,True
ganm_250,ტაიჭოსანი,ცხენოსანი,3,74,False
ganm_251,მგრგვლივ,ირგვლივ,3,75,False
ganm_252,გარე შემოჰკრვიდეს,გარშემო შეეკრათ.,3,75,True
ganm_253,სპანი,"ჯარი, ჯარისკაცები",3,75,False
ganm_254,სრვიდეს,"ხოცავდნენ, ახვედრებდნენ",3,75,False
ganm_255,ვლიდით,იარეთ.,3,76,False
ganm_256,ფიცხელსა,"მაგარი, ძნელი მოსაზიდი",3,76,False
ganm_257,ნაკრავსა,მონარტყამს,3,76,False
ganm_258,ყოვლგნით,ყველა მხრიდან,3,76,False
ganm_259,კიდითა,"კიდიდან, ნაპირიდან.",3,76,False
ganm_260,კანჯარი,გარეული ვირი,3,77,False
ganm_261,გაუხდეს,გამოედევნენ,3,77,False
ganm_262,ჭვრეტადმცა სჯობდა,სანახავად აჯობებდა,3,77,True
ganm_263,დაუშვრომელი,დაუღალავი.,3,77,False
ganm_264,ცხენთა მათთა ნატერფალნი,ცხენის ფლოქვებისგან აყრილი მიწა,3,78,True
ganm_265,მიასხმიდეს,ასხამდნენ.,3,78,False
ganm_266,დაკოდილნი,დაჭრილნი,3,78,False
ganm_267,წასდგმიდეს,დგამდნენ.,3,78,False
ganm_268,შემოისხეს,გამოირეკეს.,3,79,False
ganm_269,შეესწრნეს,"შეესწრნენ, შეეფარნენ",3,80,False
ganm_270,მაშვრალნი,დაღლილნი,3,80,False
ganm_271,მოსწყდეს,"მოეშვნენ, ძალა გამოელიათ",3,80,False
ganm_272,რაზომცა,თუმცა,3,80,False
ganm_273,მხნენი,ძლიერნი.,3,80,False
ganm_274,ამხანაგობდეს,ხუმრობდნენ,3,81,False
ganm_275,რომე,რომელნიც,3,81,False
ganm_276,უკანა ჰყვებოდეს,"ახლდნენ, დაჰყვებოდნენ.",3,81,True
ganm_277,თქვენგან არ გვეთნებოდეს,"პირფერობას, მაამებლობას ნუ დაგვიწყებთ.",3,81,True
ganm_278,ჰკადრეს,მოახსენეს.,3,82,False
ganm_279,ნუ გემცთარებით,შეცდომად ნუ ჩაგვითვლით,3,82,True
ganm_280,ყოლა,სრულებით,3,82,False
ganm_281,აწვეცა დაგვხოც,ამ წამშიც რომ დაგვხოცო,3,82,True
ganm_282,ჰგავ,ჰგავხარ,3,82,False
ganm_283,უფროსი,მეტი.,3,83,False
ganm_284,რაც ოდენ,რაც კი.,3,83,True
ganm_285,შეუტყორცია,უსვრია.,3,83,False
ganm_286,გაგვიხოცია,გაგვიწმენდია,3,83,False
ganm_287,უჩს,"ეჩვენება, მიაჩნია",3,84,False
ganm_288,მღერა,თამაში,3,84,False
ganm_289,მიჯნურობა,სიყვარული,3,84,False
ganm_290,ლაღობს,ხუმრობს,3,84,False
ganm_291,საგრილად,"გასაგრილებლად, დასასვენებლად",3,85,False
ganm_292,გარდახდეს,"ჩამოხდნენ ცხენებიდან, ჩამოქვეითდნენ.",3,85,False
ganm_293,უფროსნი ბზეთასა,ბზეზე უმრავლესნი,3,85,True
ganm_294,უთქს,უდგათ,3,85,False
ganm_295,უხმნესი სხვათა მხნეთასა,სხვა ძლიერებზე უძლიერესნი.,3,85,True
ganm_489,მოყმე,"მეომარი, რაინდი",4,86,False
ganm_490,სადავითა ჰყვა,"სადავით ჰყავდა, სადავით ეჭირა",4,86,True
ganm_491,ლომსა და ვითა გმირსა,ლომისა და გმირის მსგავსს,4,86,True
ganm_492,კაბა,ზედა ჩასაცმელი (კაცისა),4,87,False
ganm_493,გარე-თმა,ბეწვით გარეთკენ მიქცეული,4,87,False
ganm_494,სარქმელი,დასახური,4,87,False
ganm_495,ნაჭედი,შეჭედილი,4,87,False
ganm_496,უსხოსი მკლავისა,მკლავზე მსხვილი,4,87,True
ganm_497,უცხო პირად და ტანად,"პირისახითა და ტანით უცხო, უჩვეულო, მშვენიერი",4,88,True
ganm_498,ფიცხლად,სწრაფად,4,88,False
ganm_499,ჯანად,ძლიერად,4,88,False
ganm_501,მოდი წინაშე,"მოდი ჩემს წინაშე, გამოცხადდი, მეახლე",4,88,True
ganm_502,საუბრად მის ყმისა,"იმ მოყმესთან, რაინდთან გამოსალაპარაკებლად",4,89,True
ganm_503,თავ-ჩამოგდებით,"თავდახრით, თავჩაქინდრვით, მწარედ",4,89,False
ganm_504,ჭვრეტით,"საჩვენებლად, შემხედველთა მოსატყუებლად",4,89,False
ganm_505,მოლიზღარი,"თვალთმაქცი, თავის მომჩვენებელი",4,89,False
ganm_506,ჰგია,"დევს, დაგებულია",4,89,False
ganm_507,მოსცალდა სიტყვისა თქმად აღარისად,"სიტყვის თქმა ვეღარ შეძლო, სიტყვის სათქმელად ძალა ვეღარ მოიკრიბა",4,89,True
ganm_508,შეუზარდა,შეუშინდა,4,90,False
ganm_509,გაუუმეცარდა,"ვერ შენიშნა, ყურადღება არ მიაქცია",4,90,False
ganm_510,არა ესმა,ვერ გაიგონა.,4,91,True
ganm_511,ზახილისა,"ძახილის, ყვირილის ერთობსრულებით",4,91,False
ganm_512,უგრძნობარი,"ვერგამგები, ვერშემტყობი",4,91,False
ganm_513,უცხოდ რადმე,"საკვირველად, უჩვეულოდ",4,91,True
ganm_514,ცეცხლთა ნადებარი,"ცეცხლმოდებული, ტანჯული",4,91,True
ganm_515,მისმან თავისა წონამან,"მისმა თავის მზემ, მის თავს ვფიცავ",4,92,True
ganm_516,დააგდო,შეწყვიტა,4,92,False
ganm_517,ბაგეთათ,"ბაგეთაგან, ტუჩებიდან",4,92,False
ganm_518,გარე შემობრუნდა,მოტრიალდა.,4,93,True
ganm_519,გამირეტდეს,"გამირეტდნენ, გამიშეშდნენ",4,93,False
ganm_520,გა-ცა-წყრა,გაწყრა კიდეც,4,94,False
ganm_521,უც,აქვს,4,94,False
ganm_522,ჩხარი,ჩხარუნი.,4,95,False
ganm_523,თვალნი მოარნა,თვალები მოატარა,4,95,True
ganm_524,არას მოუბარია,არაფრის მთქმელია.,4,95,True
ganm_525,მკლავნი გაიმამაცურნა,"მკლავები გაიმამაცურა, საბრძოლველად გაემზადა",4,96,True
ganm_526,გამართეს,გაიშვირეს,4,97,False
ganm_527,გლახ,"შორისდებული, სიბრალულის გამომხატველი",4,97,False
ganm_528,საწყალობელად,შესაბრალად,4,97,False
ganm_529,გაგულისდა,გაჯავრდა,4,98,False
ganm_530,რაზომნიცა,რამდენნიც,4,98,False
ganm_531,დაასახნა,დაამსგავსა.,4,98,False
ganm_532,ივაგლახნა,"დამწუხრდა, ჩივილი დაიწყო.",4,98,False
ganm_533,უკადრი,"ამაყი, მიუკარებელი",4,99,False
ganm_534,ტაიჭი,ცხენი,4,99,False
ganm_535,მიუქს,მიუგავს,4,99,False
ganm_536,რა ცნა,რომ გაიგო.,4,100,True
ganm_537,ეძებდეს,ეძებდნენ,4,100,False
ganm_538,მისგან წანარბენსა,მის გავლილს,4,100,True
ganm_539,უკვირდა,უკვირდათ.,4,101,False
ganm_540,წახდომა,"წასვლა, გაქრობა",4,101,False
ganm_541,აქამდისი,დღევანდლამდელი,4,102,False
ganm_542,დანავღლება,"დანაღვლიანება, გამწარება",4,102,False
ganm_543,ძალ-უც,შეუძლია,4,102,False
ganm_544,მადლი,მადლობა,4,102,False
ganm_545,დაღრეჯილი,დაღონებული.,4,103,False
ganm_546,უზრახვიდა,"ძრახავდა, ამტყუნებდა",4,103,False
ganm_547,დაღრეჯილი,დაღონებული.,4,104,False
ganm_548,უჩს,მიაჩნია,4,104,False
ganm_549,ჯალაბი,"კარზე მყოფნი, სასახლის მკვიდრნი.",4,104,False
ganm_550,აჯრილი,"თავშეყრილი, მჭიდროდ მომდგარი.",4,104,False
ganm_551,გაბედითდა,"გაცუდდა, გაუქმდა",4,104,False
ganm_552,ჩაღანა,სიმებიანი საკრავი,4,104,False
ganm_553,ესმა,"გაიგონა, ყური მოჰკრა",4,105,False
ganm_554,ცილობა,"შეცილება, გაჯიბრება",4,105,False
ganm_556,მოლარე,"მეფის ქონების მმართველი, უახლოესი მსახური",4,105,False
ganm_557,ძილია თუ ღვიძილობა?,(მეფეს) სძინავს თუ ჰღვიძავს?,4,105,True
ganm_558,ყმა,"მოყმე, რაინდი",4,106,False
ganm_559,შესლვა არ ჩემგან ჟამით-ა,ჩემი შესვლის დრო არაა.,4,106,True
ganm_560,გამოხდა,გავიდა,4,107,False
ganm_561,ჯავარი,მარგალიტის თვალი,4,107,False
ganm_562,წეღა,"ა ხლაღა, ეს–ესაა",4,107,False
ganm_563,დაღრეჯით გცნა,"გაიგო, რომ დაღონებული ხართ",4,107,True
ganm_564,ვით გავსძლეო,როგორ გავძლოო?,4,108,True
ganm_565,ჭმუნვა,"ნაღველი, მწუხარება",4,108,False
ganm_566,გამიქარვე,გამიფანტე,4,108,False
ganm_567,წყლულსა,დაწყულებულს,4,108,False
ganm_568,ლხინთა რად დავლეო,"ლხინი რატომ გამომლევიაო, რატომ აღარ ვილხენო",4,108,True
ganm_569,მთვარისა მოვანებასა,მთვარის შესვლას მის საკუთარ ბინაში,4,109,True
ganm_570,მახლავ რად არა,რატომ ჩემთან არ ხარ?,4,109,True
ganm_571,აგრე,ასე,4,110,False
ganm_572,ვეჭვ,მგონი,4,110,False
ganm_573,უბრძანა,უთხრა,4,111,False
ganm_574,რაზომცა,რამდენადაც კი,4,111,False
ganm_575,დამისახია,"დამისახავს, მიმიჩნევია",4,111,False
ganm_576,მომაქარვები,"გამქარვებელი, გამფანტავი, უკუ–მყრელი",4,111,False
ganm_577,მუფარახი,"წამალი, გუნებაზე მომყვანი",4,111,False
ganm_578,ვეჭვ,მგონი,4,111,False
ganm_579,რა სცნა,რომ გაიგებ,4,111,True
ganm_580,მამართლო,მომიწონო,4,111,False
ganm_581,სულთქმა,ოხვრა,4,111,False
ganm_582,ყმასა რასმე,"ვინმე მოყმეს, რაინდს.",4,112,True
ganm_583,სამყარო,"მყარი ზეცა, ცარგვალი",4,112,False
ganm_584,ჩემად ნახვად,ჩემ სანახავად,4,112,True
ganm_585,გავგულისდი,გავბრაზდი,4,112,False
ganm_586,რა მნახა,რომ დამინახა,4,113,True
ganm_587,შესაპყრობლად,დასაჭერად,4,113,False
ganm_588,შევუზახენ,"მის წინააღმდეგ მოვიხმე, შემოვუსიე",4,113,False
ganm_589,ეშმა,ეშმაკი.,4,113,False
ganm_590,ჯერთცა,ჯერაც,4,113,False
ganm_591,მეოცნა,"მომეჩვენა, მომელანდა",4,113,False
ganm_592,აწ,ეხლა,4,114,False
ganm_593,რული,როგორი? რისგან შექმნილი და წარმოშობილი?,4,114,False
ganm_594,კაცთა ხორცისად ვით ითქმის,"როგორ ითქმის, რომ ადამიანური ხორცის მქონეა?",4,114,True
ganm_595,უცილოდ,უთუოდ.,4,114,False
ganm_597,ყოვლმან პირმან ვაგლახ მიყოს,ყველა შემიბრალებს,4,115,True
ganm_598,ვეღარავინ მინეტარნეს,ვერავინ შემომნატრებს.,4,115,True
ganm_599,დღენი მესხნენ,"დღეები მექნება, ცოცხალი ვიქნები",4,115,True
ganm_600,დანაყბედსა,"ყბედურად, განუსჯელად ნათქვამს",4,116,False
ganm_601,მხედსა,შემხედველს.,4,116,False
ganm_602,მეფეთა ზედა მფლობელი,მეფეებზე გაბატონებული,4,117,True
ganm_603,ბრძანება-მიუთხრობელი,"ისეთი, რომელსაც სიტყვა ვერ შესწვდება",4,117,False
ganm_604,ყოველგნით,ყველა მხრიდან,4,117,False
ganm_605,მისთა ამბავთა მცნობელი,მისი ამბის შემტყობი.,4,117,True
ganm_606,ადრე სცნობ,მალე შეიტყობ,4,117,True
ganm_607,ეკეთაცა,კარგიც ეჩვენა,4,118,False
ganm_608,დაგმორჩილდე,დაგიჯერებ,4,118,False
ganm_609,ვქმნა,ვიზამ,4,118,False
ganm_610,მოასხენეს,მოიყვანეს,4,119,False
ganm_611,ოთხთავე ცისა კიდეთა,ქვეყნის ოთხსავე მხარეს,4,119,True
ganm_612,პატიჟთა,ტანჯვათ.,4,119,False
ganm_613,სხვად ნურად,სხვა ნურაფრისთვის,4,119,True
ganm_614,წიგნი,წერილი.,4,119,False
ganm_615,იგი ყმა,"ის მოყმე, რაინდი",4,120,True
ganm_616,კვლა და კვლა,კიდევ და კიდევ,4,120,True
ganm_617,დია,ბევრი.,4,120,False
ganm_618,დანაბადი,შექმნილი,4,120,False
ganm_619,ცუდად მაშვრალნი,"ამაოდ, უსარგებლოდ შრომაგარდახდილნი",4,120,True
ganm_620,ზადი,"ნაკლი, ხინჯი.",4,120,False
ganm_621,ხმელნი მოვიარენით,ხმელეთი მოვიარეთ,4,121,True
ganm_622,იგი ყმა,"ის მოყმე, რაინდი.",4,121,True
ganm_623,მოიგვარენით,"მოიგვარეთ, მოახერხეთ",4,121,False
ganm_624,სიცუდე,"ტყუილი, მოლანდება.",4,122,False
ganm_625,ზეო,ზემოდან,4,122,False
ganm_626,შეჭირვება,"მწუხარება, ნაღველი",4,122,False
ganm_627,არა მგამა,არ მენაღვლება,4,122,True
ganm_628,ყოლა,სრულებით,4,122,False
ganm_629,ადიადა,ამრავლა.,4,123,False
ganm_630,მგოსანი,მომღერალი,4,123,False
ganm_631,მუშაითი,"ჯამბაზი, აკრობატი",4,123,False
ganm_632,დია,ბევრი,4,123,False
ganm_633,შემოხადა,შემოიპატიჟა.,4,123,False
ganm_634,სხვამცა რა დაბადა,"სხვას რას შექმნის, რას გააჩენს?",4,123,True
ganm_296,საწოლს,საძინებელ ოთახში,5,124,False
ganm_297,ოდენ,მხოლოდ,5,124,False
ganm_298,მანგი,მთვარე,5,124,False
ganm_299,მიჰხვდა,"წილად ჰხვდა, ეღირსა.",5,125,False
ganm_300,კაბა,ზედა ჩასაცმელი (კაცისა).,5,125,False
ganm_301,ამოა,"საამოა, სასიამოვნოა",5,125,False
ganm_302,ჭვრეტა,"ხედვა, ცქერა",5,125,False
ganm_303,უკადრი,ამაყი,5,126,False
ganm_304,ვისთა ვამთაგან,"ვისზე ოხვრისგანაც, ვისთვის „ვაჰმე”-ს თქმისგანაც",5,126,True
ganm_305,იგი უებრო,"ის სწორუპოვარი, შეუდარებელი",5,126,True
ganm_306,ქუშად,"პირქუშად, დარდიანად",5,126,False
ganm_307,უკუნი,"წყვდიადი, სიბნელე",5,126,False
ganm_308,გაძრცვილსა ტანსა,შიშველ ტანზე,5,127,True
ganm_309,ემოსნეს,ეცვა,5,127,False
ganm_310,ყარყუმნი,"ყარყუმის ბეწვი, თეთრი ფერისა",5,127,False
ganm_311,უსაპირო,"საპირედაუდებელი, ქსოვილით გაუწყობელი",5,127,False
ganm_312,ებურნეს,"ეხვივნენ, მოხურული ჰქონდა",5,127,False
ganm_313,მოშლით,უწესრიგოდ,5,127,False
ganm_314,რიდე,"პირსაბურავი, მოსასხამი",5,127,False
ganm_315,საჭირონი,საძნელონი,5,127,False
ganm_317,მას თეთრსა ყელსა,იმ თეთრ ყელზე,5,127,True
ganm_318,ეკიდნეს,"1 ეკიდნენ აქ: ეფარნენ, ჩამოშვებული ჰქონდა 2 ეხებოდნენ",5,127,False
ganm_319,არ უხშირონი,ხშირნი.,5,127,True
ganm_320,ძოწეული,წითელი,5,128,False
ganm_321,თა რიდითა,"პირსაბურავი, მოსასხამი.",5,128,True
ganm_322,ცნობითა მშვიდითა,"მშვიდად, გონებადაწყნარებით",5,128,True
ganm_323,სელნი დაუდგნა,სავარძელი დაუდგა.,5,128,True
ganm_324,ზარი,"შიში, რიდი",5,129,False
ganm_325,მწადდა,მინდოდა,5,129,False
ganm_326,ქუშად,"პირქუშად, მწუხარედ.",5,129,False
ganm_327,ცნობისა,გონების,5,129,False
ganm_329,საზაროსა,"ზარდამცემის, შესაზარის",5,130,False
ganm_330,და-ცა-ჭნების,დაჭკნება,5,130,False
ganm_331,აზრად არად აღარა მცალს,არაფრის ფიქრის უნარი აღარ მაქვს,5,130,True
ganm_332,თავი ჩემი მეგონების,"ჩემი თავის დარდი მაქვს, ჩემი თავის ბედი მაფიქრებს",5,130,True
ganm_333,გეკურნების,"გეკურნებათ, გეშველებათ.",5,130,False
ganm_334,დუხჭირად,"უჟმურად, უღიმღამოდ",5,131,False
ganm_335,მოგხვდა,"წილად გხვდა, გერგო",5,131,False
ganm_336,წამის ყოფად,უცბად,5,131,True
ganm_337,საეჭვი,მოსალოდნელი,5,131,False
ganm_338,გენახა,გენახათ,5,132,False
ganm_339,მას უკანით,მას მერე,5,132,True
ganm_340,გონებამან მისმან,მასზე ფიქრმა,5,132,True
ganm_341,დამამხოცა,"დამამხო, გამტანჯა",5,132,False
ganm_342,გენუკვი,"გევედრები, გთხოვ",5,132,False
ganm_343,კიდით კიდე,კიდიდან კიდემდე,5,132,True
ganm_344,მოჰლახო,მოიარო,5,132,False
ganm_345,დაუტყვია,დაუტყვევებია.,5,133,False
ganm_346,ასრე გითხრა,,5,134,True
ganm_347,ამად ორად,ამ ორი მიზეზით.,5,134,True
ganm_348,მიჯნური,"მოტრფიალე, თაყვანისმცემელი",5,134,False
ganm_349,გაამყარე,დაამტკიცე.,5,135,False
ganm_350,დამხსნა შეჭირვება,"მიხსნა, განმათავისუფლო მწუხარებისგან",5,135,True
ganm_351,შეგეყრები,"შეგხვდები, მოგებებები, ერთად ვიქნებით",5,135,False
ganm_352,მოუბნარი,"მოუბარი, მოლაპარაკე",5,136,False
ganm_353,უფურჭვნელი,გაუშლელი,5,136,False
ganm_354,შევირთო რაცა ქმარი,თუ ვინმე ქმრად შევირთო,5,137,True
ganm_355,დასანთქმარი,დასანთქმელი,5,137,False
ganm_356,ვინ გიშერი აწამწამე,ვისაც წამწამებად გიშერი გაქვს,5,138,True
ganm_357,რამცა გკადრე,რა გითხრა?,5,138,True
ganm_358,რამცა შევიწამე,რა მოვითხოვო? რა ვისურვო?,5,138,True
ganm_359,გამიწამე,"გადამიწყვიტე, მომისაჯე",5,138,False
ganm_360,განაღამცა,დიაღაც რომ,5,138,False
ganm_361,მედიადა,დიადად მეჩვენა,5,139,False
ganm_362,იეფად-ა,უხვადაა,5,139,False
ganm_363,რადმცა შევიწყალე,რატომ დავინანებ? როგორ დავინანებ!,5,140,True
ganm_364,რამც ვივალე,რას დავიდებ ვალად?,5,140,True
ganm_365,დააპირეს ესე პირი,"ეს გადაწყვიტეს, ამ აზრზე შეთანხმდნენ",5,141,True
ganm_366,გასალდეს,გასალდნენ,5,141,False
ganm_367,გარდეხადა,"გამოევლოთ, გადაეხადათ",5,141,False
ganm_368,ჭვირი,გამჭვირვალე საგანში მოკიაფე შუქი.,5,141,False
ganm_369,ილაღობეს,"იხუმრეს, იმხიარულეს",5,142,False
ganm_370,ასად აგეს,"გააასეს, ბევრი ისაუბრეს",5,142,True
ganm_371,ბალახში,ლალი,5,142,False
ganm_373,ასადაგეს;,"გააშიშვლეს, გამოაჩინეს",5,142,False
ganm_374,მჭვრეტთა,შემხედველებმა,5,142,False
ganm_375,ხელი,"შმაგი, გახელებული",5,142,False
ganm_376,სად აგეს!,სად წაიყვანეს? რა უყვეს? რა დაჰმართეს?,5,142,True
ganm_377,ასადაგეს”.,"დასადაგავი, დასაწვავი გახადეს.",5,142,False
ganm_378,რეტად,"გაოგნებულად, გონდაკარგულად",5,143,False
ganm_379,ბროლსა სეტყვს,ბროლის ცრემლს ღვრის,5,143,True
ganm_380,ვარდსა აზრობს,ლოყებს ცრემლით ღარავს,5,143,True
ganm_381,მჭევრსა,"წერწეტს, მოხდენილს",5,143,False
ganm_382,ადრე,მალე.,5,144,False
ganm_383,გასრულვარ,გავმხდარვარ,5,144,False
ganm_384,უყვითესად-რე,უყვითლესად,5,144,False
ganm_386,ვერ-ჭვრეტა,ვერნახვა,5,144,False
ganm_387,რა მომხვდეს,როცა მომიწევს,5,144,True
ganm_385,კვლა,კიდე.,5,144,False
ganm_388,უგრძესად-რე,უფრო ხანგრძლივად.,5,144,False
ganm_389,ხამს,"საჭიროა, ჯერ-არს",5,144,False
ganm_390,დამიც,"დამიდევს, დამიდგენია, მიმიღია",5,144,False
ganm_391,რა მიჰლულნის,რომ მიერულებოდა ხოლმე,5,145,True
ganm_392,შეკრთის,შეკრთებოდა ხოლმე,5,145,False
ganm_393,დაიზახის,წამოიყვირებდა ხოლმე,5,145,False
ganm_394,პატიჟი,ტანჯვა,5,145,False
ganm_395,ეოცების.,უოცკეცდება,5,145,False
ganm_396,ღაზოდ,"ძლიერ სურვილად, მიზნად",5,146,False
ganm_397,რა გათენდა,რომ გათენდა,5,146,True
ganm_398,სალამაზოდ,მოსაწონად,5,146,False
ganm_399,სადარბაზოდ,"მეფის წინაშე წარსადგომად, სააუდიენციოდ",5,146,False
ganm_400,ეჯიბი,სასახლის მსახური,5,147,False
ganm_401,შენარონი,შენაგზავნი,5,147,False
ganm_402,გკადრებ,"მოგახსენებ, თქმას გიბედავ",5,147,False
ganm_403,პირი მიწისა,დედამიწის პირი,5,147,True
ganm_404,ცნან,"შეიტყონ, გაიგონ",5,147,False
ganm_405,"წავიდე, მოვიარო, ვილაშქრო და ვინაპირო","წავალ, მოვივლი",5,148,True
ganm_406,გულსა ვჰგმირო,გულს ლახვარივით დავასობ,5,148,True
ganm_407,მორჩილ-ქმნილთა გავახარო,მორჩილებს გავახარებ,5,148,True
ganm_408,გკადრნე,მოგართმევ,5,148,False
ganm_410,ქველობა,"ვაჟკაცობა, სიყოჩაღე, ძლიერება",5,149,False
ganm_411,თაყვანის-სცა,"მდაბლად, მოხრით თავი დაუკრა",5,150,False
ganm_413,მოეკიდა,"მოეჭდო, მოეხვია",5,151,False
ganm_414,მას დღე მათი ჩანს გაყრილი,"იმ დღეს გაიყარნენ, გაშორდნენ ერთმანეთს",5,151,True
ganm_415,გონიერი გული,"ფიქრიანი, მზრუნველი გული",5,151,True
ganm_416,ლბილი,"რბილი, ჩვილი, ლმობიერი",5,151,False
ganm_417,მხნე,ძლიერი.,5,152,False
ganm_418,ზედა წაჰრთო,ზედ წაამატა,5,152,True
ganm_419,ნივთი,"სიმდიდრე, საფასე",5,152,False
ganm_420,მისცილდების,ავიწყდება,5,152,False
ganm_421,რა მივიდა,რომ მივიდა,5,153,True
ganm_422,შიგან გახდა სამეფოსა,გავრცელდა სამეფოში,5,153,True
ganm_423,იეფოსა,უხვს,5,153,False
ganm_424,არ მოსცთების სიარულსა,"მიდის გაუჩერებლად, დროს არ კარგავს",5,153,True
ganm_425,სიხარულსა სადაფოსა,"დიდი, დაფდაფის დასაკრავი სიხარული ჰხვდათ წილად",5,153,True
ganm_426,საზაროდ სანაპიროსა,მოსაზღვრე ქვეყნის ან ქვეყნების ზარის დამცემად,5,154,True
ganm_427,ამო,სასიამოვნო.,5,154,False
ganm_428,სავაზიროსა,სათათბიროდ,5,154,False
ganm_430,ცეცხლი დებული,მოდებული ცეცხლი,5,155,True
ganm_431,იმედებული,საიმედოდ ნათქვამი,5,155,False
ganm_432,გაგივლენიან,დამხმარებიხარ,5,156,False
ganm_433,ვისგან მქონდეს პატიჟნი,ვისგანაც ტანჯვა მქონდა,5,156,True
ganm_434,მოულხენიან,"დაუამებია (ჩემი ტკივილი), შეუმსუბუქებია (ჩემი ტანჯვა)",5,156,False
ganm_435,ზრულსა,დამზრალს,5,157,False
ganm_436,მიცან,გამიგე,5,158,False
ganm_437,მის ყმისა დაკარგულისა,"იმ დაკარგული მოყმის, რაინდის",5,158,True
ganm_438,სრულ-ვქმნა,ავასრულებ.,5,158,False
ganm_439,მომხვდეს ხისაცა რგულისა,ხესავითაც (ხესავით ტანწერწეტიც) რომ იყოს,5,158,True
ganm_440,მინდა,"მმართებს, ვალად მაქვს",5,159,False
ganm_441,ხამს,"საჭიროა, ჯერ-არს, გვმართებს",5,159,False
ganm_442,ყოფა,"ქმნა, მოქმედება, მოქცევა",5,159,False
ganm_443,დაუვსია,ჩაუქრია,5,159,False
ganm_444,"ხამს, თუ",საჭიროა,5,159,True
ganm_445,მიუხდეს,"ეცეს, შეებრძოლოს, იერიში მიიტანოს",5,159,False
ganm_446,უმოყვრნესი,"მოყვარენი, მეგობარნი",5,160,False
ganm_447,გნუკევ,გევედრები.,5,160,False
ganm_448,ჩემ წილ,ჩემ მაგიერ,5,160,True
ganm_449,თავადად ჩემთა სპათასა,ჩემი ჯარების სარდლად,5,160,True
ganm_450,ვერა ვიქმ მე განდობასა სხვათასა,სხვებს ვერ ვანდობ,5,160,True
ganm_451,ალაშქრებდი,"ალაშქრე, აბრძოლე ხოლმე!",5,161,False
ganm_452,ჰპატრონობდი,უსარდლე ხოლმე!,5,161,False
ganm_453,წიგნსა სწერდი,წერილი წერე!,5,161,True
ganm_454,სძღვნობდი,"უძღვენი, მიართვი ხოლმე!",5,161,False
ganm_455,დაასახე,დაამსგავსე,5,162,False
ganm_456,ხვაშიადი,"გულისნადები, საიდუმლო",5,162,False
ganm_457,ნუთუმცა შემოვბრუნდი,ეგებ დავბრუნდე,5,162,True
ganm_458,ჰკადრე,მოახსენე,5,163,False
ganm_459,მიჰხვდა,"შეჰხვდა, დაემართა",5,163,False
ganm_460,საჭურჭლე,სიმდიდრე,5,163,False
ganm_461,რვალია,სპილენძი,5,163,False
ganm_462,მომეხმარე,გამომადექი!,5,164,False
ganm_468,მონამან,"აქ: ვასალმა, ყმამ (შერმადინმა)",5,165,False
ganm_463,შეეზარა,"შეშინდა, შეძრწუნდა, ზარი დაეცა",5,165,False
ganm_464,თვალთათ,თვალებიდან,5,165,False
ganm_465,ვითა,როგორც,5,165,False
ganm_466,დასდგები,დარჩები,5,165,False
ganm_471,დაგაგდებო,დაგტოვებო,5,166,False
ganm_472,რაგვარა,როგორ,5,166,False
ganm_473,რამც გიფერე? რამც გიგვანე?,"შენსას ჩემი რა მივამსგავსო? შენებრი მე რა გავაკეთო? წამიტანე — თან წამიყოლე, წამიყვანე.",5,166,True
ganm_474,ჭრელად,"ეშმაკურად, თვალთმაქცობით",5,167,False
ganm_474,ჭრელად,"ეშმაკურად, თვალთმაქცობით",5,167,False
ganm_475,მიჰხვდეს,ერგება,5,167,False
ganm_474,ჭრელად,"ეშმაკურად, თვალთმაქცობით",5,167,False
ganm_474,ჭრელად,"ეშმაკურად, თვალთმაქცობით",5,167,False
ganm_478,ხვაშიადი,გულისნადები,5,168,False
ganm_479,უშენოსა,"სხვას, თუ არ შენ",5,168,False
ganm_480,სანაპირო,"საზღვარი, ქვეყნის განაპირა მხარე",5,168,False
ganm_481,იბარგა,დაიბანაკა,5,168,False
ganm_482,"კვლა ნუთუმცა შემოვიქეც, ღმერთმან სრულად არ დამკარგა","მერე, ეგებ, მოვბრუნდე, ღმერთმა სავსებით ხელი არ ამაღოს, არ დამკარგოს.",5,168,True
ganm_483,ფათერაკი,"ხიფათი, ფათერაკი, ავი ბედისწერა",5,169,False
ganm_484,მცავს,"მიცავს, მდარაჯობს",5,169,False
ganm_485,დასი,ციურ ძალთა გუნდი.,5,169,False
ganm_486,აქათ,"აქედან, დღეიდან",5,169,False
ganm_487,ფლასი,"ძაძა, სამგლოვიარო ტანსაცმელი",5,169,False
ganm_488,ხასი,"წარჩინებული, დიდებული",5,169,False
ganm_2,ამას ზედა,ამაზე,6,170,True
ganm_3,ჩემისა საწადლისა მიდგომილნო,ჩემი სურვილის ერთგულნო,6,170,True
ganm_4,ყოვლნო,ყოველნო,6,170,False
ganm_5,შემოხდილნო,"დაძახებულნო, მოწვეულნო",6,170,False
ganm_6,მიწაცა თქვენი,თქვენს წინაშე მიწა და მტვერი,6,171,True
ganm_7,გაჭრა,"ველად გაჭრა, ადამიანთაგან განშორება",6,171,False
ganm_8,მიც,მაქვს,6,172,False
ganm_9,თავისა ზე,"ჩემს თავზე, ჩემს თავს",6,172,True
ganm_10,ღარიბად,"უცხოდ, მოგზაურად, სამშობლოდან გადახვეწილად",6,172,False
ganm_11,ჩემად კერძად,ჩემ ნაცვლად,6,173,True
ganm_12,პატრონობდეს,"ბატონობდეს, მმართველობდეს",6,173,False
ganm_13,ზრვიდეს,აზრობდეს,6,173,False
ganm_14,შემცოდესა,დამნაშავეს,6,173,False
ganm_15,ყველაკასა,ყველას,6,173,False
ganm_16,ვითა ძმა და ვითა შვილი,ვითა - როგორც,6,174,True
ganm_17,ბუკსა იკრას,"სასულე საკრავს, ბუკს ჩაჰბეროს",6,174,True
ganm_18,წყლიანმა,"მომხიბლავმა, მშვენიერმა, მჭევრმეტყველმა",6,175,False
ganm_19,წელთა ოქრო შემოირტყა,ქამარში ოქრო ჩაიდო,6,175,True
ganm_20,საღარიბოდ,სამგზავროდ,6,175,False
ganm_21,მასვე წამსა,იმავე წამს,6,175,True
ganm_22,არა დაზმა,არ დაყო,6,175,True
ganm_23,მომხრედ,მხლებლად,6,176,False
ganm_24,გაითავისწინა,გაიმარტოვა,6,176,False
ganm_25,გარე შემობრუნდა,გატრიალდა,6,176,True
ganm_26,მიწყივ,მუდამ,6,176,False
ganm_27,გაეკიდა.,"გაკიდეგანდა, გვერდზე გავიდა",6,177,False
ganm_28,ვინმცა ნახა სულიერმან ანუ ვინმცა გაეკიდა,ვინ ნახავდა სულიერი ან ვინ გაეკიდებოდა?,6,177,True
ganm_29,კაეშნისა,"დარდის, სევდის",6,177,False
ganm_30,ტვირთად ვარგად,"კარგ, საპატიო ტვირთად.",6,177,True
ganm_31,უცხენმალეს,უფრო მალი ცხენის პატრონი,6,178,False
ganm_32,ვისმცა დანერგვიდეს,"ვის დანერგავს მშვენიერ ხესავით, ვის გააჩენს?",6,179,True
ganm_33,სხვაგნით,სხვა მხრიდან,6,179,False
ganm_34,მოასხმიდეს,მოჰყავდათ,6,179,False
ganm_35,ხასნი,წარჩინებულნი,6,180,False
ganm_36,ულები,დაულურჯებელი,6,180,False
ganm_37,გვეარმისცა,არმადაც მიგვაჩნია,6,181,False
ganm_38,უშენოსა,"სხვას, თუ არ შენ",6,181,False
ganm_39,განაღამცა გმორჩილობდით,დიაღაც დაგემორჩილებით,6,181,True
ganm_40,აპატრონეს,გააბატონეს,6,181,False
ganm_41,თაყვანის-სცა,"ქედი მოუხარა, თავი მდაბლად დაუკრა მორჩილების ნიშნად",6,181,False
ganm_42,დიანოსი,"„დიაგნოზი“ ასტროლოგიურ-მეტეოროლოგიური თხზულების სათაურია,",7,182,False
ganm_43,ეზროს:,ასტროლოგიურ-მეტეოროლოგიური თხზულების ავტორის სახელი,7,182,False
ganm_44,საბრალოა,"შესაბრალია, დასანანია",7,182,False
ganm_45,"დაეთრთვილოს, და-ცა-ეზროს",(უამინდობას) დაეთრთვილოს და გაეყინოს.,7,182,True
ganm_46,ბალახში,საუკეთესო ლალი,7,182,False
ganm_47,ლერწამი ტანად ეზროს,ზრო — აქ: ტანი. ტანი ჰქონდეს ლერწამივით,7,182,True
ganm_48,გაღარიბდეს,"უთვისტომო, უცხო მგზავრად იქცეს",7,182,False
ganm_49,სამყოფთაგან იაბეზროს,"საცხოვრებელს, სამშობლოს მოჰშორდეს, გაუცხოვდეს",7,182,True
ganm_50,ოთხ-ახმით,"ოთხით, ჭენებით",7,183,False
ganm_51,დააგდო,მიატოვა,7,183,False
ganm_52,მის მზისა,იმ მზის (თინათინის),7,183,True
ganm_53,"დანასა,","გააუხეშა, სინაზე წაართვა",7,184,False
ganm_54,გულსა დაცემა,გულში დარტყმა,7,184,True
ganm_55,ანასა,გააასა,7,184,False
ganm_56,დათმეო,მოითმინეო,7,185,False
ganm_57,დია,ძალიან,7,185,False
ganm_58,ბნდებოდა,"იბნიდებოდა, გონებას კარგავდა",7,185,False
ganm_59,თანა–ემოყვრებოდა,უმეგობრდებოდა,7,185,False
ganm_60,უჩნდის,ჰქონდა,7,186,False
ganm_61,ვთქვა ვისად,ვისი ვუწოდო (ჩემ გულს),7,186,True
ganm_62,ყოვლი,მთელი,7,187,False
ganm_63,არე არა,"არც ერთი არე, არც ერთი მიდამო.",7,187,True
ganm_64,ამას შიგან,ამასობაში,7,187,True
ganm_65,სამ თვედ მიიყარა,სამ თვეზე დავიდა,7,187,True
ganm_66,მიჰხვდა რასმე ქვეყანასა,აღმოჩნდა ერთ ქვეყანაში,7,188,True
ganm_67,მქისსა,"უსიამოვნო, მკაცრი",7,188,False
ganm_68,მიჰხვდა,შეჰხვდა.,7,189,False
ganm_69,მუნით,იქიდან,7,189,False
ganm_70,არად სანდომი ხიდისა,"ისეთი, რომელსაც ხიდი არ უნდა",7,189,True
ganm_71,ორგნითვე,ორივე მხრიდან,7,189,False
ganm_72,ზედა წადგა,ზედ წაადგა,7,190,True
ganm_73,შეექცევის,მიჰყვება.,7,190,False
ganm_74,ესხნეს,ჰქონდა,7,190,False
ganm_75,სულთქვამს,ოხრავს,7,190,False
ganm_76,დადგა საქმისა მრჩეველად,"აწონ-დაწონა, ყოყმანი დაიწყო",7,191,True
ganm_77,ეზომი,ამდენი,7,191,False
ganm_78,ვიყავ რად დღეთა მლეველად,"რად დავლიე, დავხარჯე ამდენი დღეები?",7,191,True
ganm_79,ვერა ვცნა,ვერაფერი გავიგო,7,191,True
ganm_80,ვარ ვისთა გზათა მკვლეველად,ვის გზა-კვალსაც ვეძებ,7,191,True
ganm_81,დავყვნე სხვანიცა ხანანი,"დავყო ხანი, დრო",7,192,True
ganm_82,ვცნნე,შევიტყო,7,192,False
ganm_83,მის თანანი,"მასთან დაკავშირებული, მისი, მისი შესახები.",7,192,True
ganm_84,გარდაუწყდეს,"გაუთავდეს, ამოეწუროს",7,192,False
ganm_85,მიჰხვდენ,"მოუწიოს, წილად ჰხვდეს",7,192,False
ganm_86,ღაწვისა ბანანი,ტირილი,7,192,True
ganm_87,დასაგვანანი,"შესაფერი, სათანადო",7,192,False
ganm_88,დავედ რებული,დაბარებული,7,193,True
ganm_89,რებული,"ნავალი, ნასიარულევი",7,193,False
ganm_89,რებული,"ნავალი, ნასიარულევი",7,193,False
ganm_89,რებული,"ნავალი, ნასიარულევი",7,193,False
ganm_90,იგონებს,ფიქრობს,7,193,False
ganm_89,რებული,"ნავალი, ნასიარულევი",7,193,False
ganm_92,სამართალნი შენნი ჩემთვის რად ამრუდენ,უსამართლოდ რატომ მექცევი?,7,194,True
ganm_93,ეზომნი სიარულნი,ამდენი სიარული,7,194,True
ganm_94,გამიცუდენ,"ტყუილად შემარჩინე, უსარგებლო გამიხადე",7,194,False
ganm_95,აჰფხვრენ,"აღმოფხვერი, ამოძირკვე",7,194,False
ganm_97,დღეთა ჩემთა,ჩემს სიცოცხლეში,7,194,True
ganm_96,ვერათ ოდეს დავიყუდენ,ვერაფრით ვერასოდეს ვერ შევაჩერე,7,194,True
ganm_98,მოკვე,მოკვდი,7,195,False
ganm_99,აუგიანსა,სირცხვილიანს,7,195,False
ganm_100,მის ყმისა,"იმ მოყმის, რაინდის",7,195,True
ganm_101,ვაგლახიანსა,შესაბრალს,7,195,False
ganm_102,იგონებს,ფიქრობს,7,195,False
ganm_103,წამ-წამ,წამდაუწუმ,7,195,False
ganm_105,იტყვის,ამბობს,7,196,False
ganm_106,დათმობა,მოთმენა,7,196,False
ganm_107,დღეთა მეტად,"სხვა დროს, თუ არ დაწესებულ ვადაში",7,196,True
ganm_108,მოვაწევ,"მოვახერხებ, შევძლებ",7,196,False
ganm_109,ცუდად,"ამაოდ, უსარგებლოდ.",7,196,False
ganm_110,განგებასა,"ღვთის ნებას, მოვლენათა ღვთაებრივ წინასწარგანსაზღვრულობას",7,196,False
ganm_111,შემიგიან,"გამიგია, გამიგონია",7,197,False
ganm_112,უღონიოდ,უთუოდ,7,197,False
ganm_113,აცორვებს,"თანაბრად, აუჩქარებლად მიჰყავს",7,198,False
ganm_114,ტაიჭსა,ცხენს,7,198,False
ganm_115,გასცუდებოდეს,"გაუქმებოდნენ, უსარგებლო გაჰხდომოდნენ",7,198,False
ganm_116,სტურფობდეს,ჰშვენოდნენ,7,198,False
ganm_117,საყე,"ჯოხი, სარი, სათიბში სამნად დასაყენებელი",7,198,False
ganm_118,სულთქვნა,ამოიოხრა,7,199,False
ganm_119,ივაგლახა,"იჩივლა, „ვაგლახ მეო” თქვა",7,199,False
ganm_120,მას მინდორსა დაემართა,იმ მინდორს დაუპირდაპირდა,7,199,True
ganm_121,არა შეუზახა,"არაფერი შეუძახა, ხმა არ გასცა",7,199,True
ganm_123,შამბისა,ბუჩქნარის,7,200,False
ganm_124,მეკობრეთა,ყაჩაღებს,7,201,False
ganm_125,თვარა,თორემ,7,201,False
ganm_126,კვლა,სხვა დროს,7,201,False
ganm_127,დაკოდილი,დაჭრილი,7,202,False
ganm_128,იჭირვოდეს,წუხდნენ,7,202,False
ganm_131,ავსენ,ჩააქრე,7,203,False
ganm_130,დაგვიწყნარდი,"მოგვიცადე, დადექი",7,203,False
ganm_131,ავსენ,ჩააქრე,7,203,False
ganm_132,ვერა გვარგო,თუ ვერაფერს გვიშველი,7,203,True
ganm_133,მოგვიმტკივნე,მოგვისამძიმრე,7,203,False
ganm_131,ავსენ,ჩააქრე,7,203,False
ganm_131,ავსენ,ჩააქრე,7,203,False
ganm_135,ეუბნა,ელაპარაკა,7,204,False
ganm_136,მოუბარეთა,მოლაპარაკეებმა,7,204,False
ganm_137,დია,ბევრი,7,204,False
ganm_139,გარდავხედით,"ჩამოვქვეითდით, დავდექით, დავბანაკდით",7,205,False
ganm_140,დავაწბილენით,"შევარცხვინეთ, ვაჯობეთ",7,206,False
ganm_141,დავეცილენით,"შევეცილეთ, შევეკამათეთ",7,206,False
ganm_142,სიტყვანი ვავაქილენით,"სიტყვები გავავექილეთ, ჩვენი თავის დასაცავად გამოვიყენეთ.",7,206,True
ganm_143,ვისარჩლეთ,ვიდავეთ,7,206,False
ganm_144,ავყარენით,"ავყარეთ, გავამგზავრეთ",7,207,False
ganm_145,გავაჩინოთ,"გადავწყვიტოთ, დავადგინოთ",7,207,False
ganm_146,თავსა ვეახლნეთ მარტონი,მარტო ჩვენი თავის ამარა დავრჩეთ,7,207,True
ganm_147,მართ ოდენ თავითა,მხოლოდ ჩვენ,7,207,True
ganm_148,ვიახლენით,თან წამოვიყვანეთ,7,208,False
ganm_149,მეაბჯრე,"სა¬ჭურველმტვირთველი, რაინდის მსახური, რომელიც მას ბრძოლაში გვერდით ახლავს",7,208,False
ganm_150,არას მოაზრენია,არაფერი (ცუდი) აზრად არ მოსდით,7,208,True
ganm_151,ანაზდად,"უცბად, მოულოდნელად",7,209,False
ganm_152,კუშტი,"სახემკაცრი, გაუცინარი",7,209,False
ganm_153,პირ-გამქუშავი,"პირქუში, გულჩათხრობილი",7,209,False
ganm_154,მერანი,გველეშაპისებრი მითიური არსება,7,209,False
ganm_155,გარე-თმა,ბეწვით გარეთ მიქცეული,7,209,False
ganm_156,მზეაო ქვეყანად,"მზე ქვეყნადააო, მიწაზე ჩამოსულაო",7,210,True
ganm_157,ნუ ვეუბნებით ცად ენით,ნუ მივმართავთ (მზეს) ცაში (რადგან იგი მიწაზე ყოფილა),7,210,True
ganm_158,დავსთხოვე,გამოვსთხოვე,7,211,False
ganm_159,ქენებით,ხვეწნით,7,211,False
ganm_160,შედეგმან,მომდევნომ,7,211,False
ganm_161,ვუალლეთ,"დავეთანხმეთ, მივეცით, ვუთხარით „ალალი იყოს”",7,211,False
ganm_162,ანატიფნა,"გაანატიფა, გაანაზა, გაცრიცა",7,212,False
ganm_163,გაამყიფნა,გაამკაცრა,7,212,False
ganm_165,არად ამოგვკრიფნა,არაფრად ჩაგვაგდო,7,212,True
ganm_166,დავეზიდენით,შესაძლოა ორგვარი გაგება: ა,7,213,False
ganm_167,მით ერთითა მათრახითა,იმ ერთი მათრახით,7,214,True
ganm_168,მისი რასმე მკადრებელი,"მისთვის რაღაცის მკადრებელი, შემბედავი",7,214,True
ganm_169,მოაწიწა,დაამცირა,7,214,False
ganm_170,კუშტი,"სახემკაცრი, გაუცინარი, უკადრებელი",7,214,False
ganm_171,მზეებრ და მთვარებლად,მზესა და მთვარესავით,7,215,True
ganm_173,მიჰხვდა,"წილად ჰხვდა, ერგო, მოუწია",7,216,False
ganm_174,ეზომი,ამდენი,7,216,False
ganm_175,ყოვნა,"დაყოვნება, დარჩენა",7,216,False
ganm_176,აღარა ხამს,აღარაა საჭირო,7,216,True
ganm_178,ღარიბი,"უცხო, მოსული კაცი, მოგზაური",7,217,False
ganm_179,საგაზრდილოსა,"სამშობლოს; იმ ქვეყანას, სადაც გავიზარდე",7,217,False
ganm_180,თქვენგან,"თქვენი გამოისობით, თქვენი წყალობით",7,217,False
ganm_181,მივჰხვდი,"მივაღწიე, ვეწიე",7,217,False
ganm_182,დასაღრეჯილოსა,დასაღონებელს,7,217,False
ganm_183,მივჰხვდი,"მივაღწიე, ვეწიე.",7,218,False
ganm_184,ნურას იქმს,ნურაფერს იზამს,7,218,True
ganm_185,ვნებასა,"ტანჯვას, ტკივილს, უბედურებას.",7,218,False
ganm_186,ნება-ნებასა,ნელ–ნელა.,7,218,False
ganm_187,მაშვრალნი,დაღლილნი.,7,218,False
ganm_188,გავაზი,მიმინო,7,219,False
ganm_189,ხეზითა,"ხეზიდან, წვრილი საბლიდან",7,219,False
ganm_190,ზეზი,ქათქათა თეთრი ტილო,7,219,False
ganm_192,დაივსო,ჩაიქრო,7,219,False
ganm_190,ზეზი,ქათქათა თეთრი ტილო,7,219,False
ganm_193,მიეწურა,"მიეწია, ახლოს მიუვიდა",7,220,False
ganm_194,იგონებდა,"ფიქრობდა, სწონიდა.",7,220,False
ganm_195,ვითა აგოს,"როგორ ქნას, როგორ მოაწყოს.",7,220,True
ganm_196,გააშმაგოს,გააშმაგებს.,7,220,False
ganm_197,ხამს,"საჭიროა, ჯერ-არს",7,220,False
ganm_198,გამოაგოს,"მოაგვაროს, მოახერხოს.",7,220,False
ganm_199,არ-სიწყნარე,"აჩქარება, მოუთმენლობა.",7,220,False
ganm_200,უცნობო,"უგონო, არაშერაცხადი",7,221,False
ganm_202,ეზომნი ჭირნიმცა რად ვაცუდენი,"ამდენი ჭირი, გარჯა რად გავაუქმო?",7,222,True
ganm_203,რაზომმც მოჰვლოდეს ზღუდენი,რამდენი ზღუდეებიც უნდა ჰქონდეს მოვლებული,7,222,True
ganm_205,ვძებნნე ღონენი ჩემნი არ-დასამრუდენი,"ვიღონებ რასმე, რაც ჩემ საქმეს გაასწორებს",7,222,True
ganm_206,მაშვრალნი,"დაღლილნი, გამრჯელნი",7,223,False
ganm_208,მოსალამენი,"მომრწყველნი, დამლამავნი",7,223,False
ganm_209,კლდეთა შიგან,კლდეებში,7,224,True
ganm_210,რასდენი,რამდენი,7,224,False
ganm_211,მუნით,იქიდან,7,225,False
ganm_214,გარდახდა,"ჩამოხდა, ჩამოქვეითდა",7,226,False
ganm_213,მოეჭდო,მოეხვია,7,226,False
ganm_215,ყმამან,"მოყმემ, რაინდმა",7,227,False
ganm_217,ჟამიერად,დროულად,7,227,False
ganm_218,გვწვიდეს,გვწვავდნენ.,7,227,False
ganm_219,იკრნა,იკრა,7,227,False
ganm_220,შებნდა,"დაბნდა, გული წაუვიდა",7,227,False
ganm_221,წვიმდეს,"აწვიმებდნენ, წვიმასავით ასველებდნენ",7,227,False
ganm_222,ეხვეოდეს,ეხვეოდნენ,7,228,False
ganm_223,მოსთქმიდიან,მოთქვამდნენ,7,228,False
ganm_224,მოსცემდიან,აძლევდნენ,7,228,False
ganm_225,სული დაიღო,გაჩუმდა,7,229,True
ganm_226,მან ქალმან,იმ ქალმა,7,229,True
ganm_227,ქვაბს,გამოქვაბულში,7,229,False
ganm_228,აბჯრისა წელ-მორტყმულობა,წელზე მოსარტყმელი აბჯარი,7,229,True
ganm_229,გარდახდა,გათავდა,7,229,False
ganm_230,ვცნა,შევიტყო,7,230,False
ganm_231,მითვე ფერითა,იმავე ფერით,7,230,True
ganm_233,ჩხერითა,ჩხარუნით,7,230,False
ganm_235,ეჯდა,"ისვენებდა გზის შემდეგ, ადგილზე რჩებოდა",7,231,False
ganm_235,ეჯდა,"ისვენებდა გზის შემდეგ, ადგილზე რჩებოდა",7,231,False
ganm_238,მოეხვივნეს,მოეხვივნენ.,7,231,False
ganm_235,ეჯდა,"ისვენებდა გზის შემდეგ, ადგილზე რჩებოდა",7,231,False
ganm_234,ეჯი,ერთი დღის გზა,7,231,False
ganm_235,ეჯდა,"ისვენებდა გზის შემდეგ, ადგილზე რჩებოდა",7,231,False
ganm_240,ნუთუ მზეაო,მზე ხომ არააო?,7,232,True
ganm_241,შეეარა,გაევლო,7,233,False
ganm_242,შევიპყრა,დავიჭირო,7,234,False
ganm_243,გავაბრჭობინო,განვასჯევინო,7,234,False
ganm_760,ქვაბი,გამოქვაბული,8,235,False
ganm_761,კარ-განხმული,კარგაღებული,8,235,False
ganm_762,გამოიჭრა,"გამოიქცა, გამოვარდა",8,235,False
ganm_763,ბაკმული,"სინათლის რკალი, ციურ მნათობთა დამახასიათებელი",8,235,False
ganm_765,ზახილით,ყვირილით,8,236,False
ganm_766,გარდაიჭრა,ცხენიდან ჩამოხტა,8,236,False
ganm_767,ზახილსა,ყვირილს,8,236,False
ganm_768,ერთ-სახესა,"გაბმულს, უწყვეტს",8,236,False
ganm_769,ჭვრეტადცა,დასანახადაც.,8,237,False
ganm_770,ებილწებოდა,"სძულდა, ეზარებოდა",8,237,False
ganm_771,მი და მო ძრწებოდა,"წრიალებდა, იბრძოდა",8,237,True
ganm_772,მწედ,"შემწედ, მშველელად",8,237,False
ganm_773,არ ემწებოდა,"შემწეობას არ უწევდა, ვერ უწევდა",8,237,True
ganm_774,მუხლთა უყრიდა,უჩოქებდა,8,237,True
ganm_775,თითითა ეხვეწებოდა,"ნეკის ნეკზე გადაჭდობით სთხოვდა, რაც დიდი ხვეწნის გამომხატველად ითვლება",8,237,True
ganm_776,სულე,გაჩუმდი!,8,238,False
ganm_777,რამც გიყავ,რას გიზამ?,8,238,True
ganm_778,უფერო-ქმნილნი,ფერდაკარგულნი,8,238,False
ganm_779,სარო,კვიპაროსი,8,238,False
ganm_780,ბაკმი,"სინათლის რკალი, ციურ მნათობთა დამახასიათებელი",8,238,False
ganm_782,აგრე,ასე,8,238,False
ganm_783,ბრჭობა,"მოსამართლეობა, მსაჯულობა",8,239,False
ganm_784,დამეხსენ,"თავი დამანებე, მომშორდი!",8,239,False
ganm_785,მნუკევ,"მთხოვ, მევედრები",8,239,False
ganm_786,მენუკევ,"მეხვეწები, მთხოვ",8,240,False
ganm_787,ვერა იქმს ვერცა კალამი წერასა,"ვერ დაწერს, ვერ აღწერს",8,240,True
ganm_788,ვაგლახი,"ვაება, გლოვა",8,240,False
ganm_789,ოდითგან,დიდი ხნიდან,8,241,False
ganm_790,თრთვილო,რთვილო,8,242,False
ganm_791,ზენარობით,ფიცით.,8,243,False
ganm_792,მიუყარნა მუხლნი,დაუჩოქა,8,243,True
ganm_793,ვერა ვერ დაჰყარა,"ვერაფერი წამოაცდენინა, ვერაფერს გამორჩა",8,243,True
ganm_794,გაგულისდა,გაჯავრდა,8,243,False
ganm_795,თმათა წამოზიდნა,"თმაში ხელი ჩაავლო, თმით დაითრია",8,243,True
ganm_796,ეზომი,ამდენი.,8,244,False
ganm_797,ვითა შეგარჩინო,როგორ შეგარჩინო,8,244,True
ganm_798,რაგვარა თუ,როგორ თუ,8,244,True
ganm_799,ცუდად,"ამაოდ, ტყუილ-უბრალოდ",8,244,False
ganm_800,აღარა არ გაწყინო,"აღარაფერს გაწყენ, აღარაფერს დაგიშავებ",8,244,True
ganm_801,თვარა,თორემ,8,244,False
ganm_803,მოგაკვდინო,მოგკლავ,8,244,False
ganm_804,ეგე ღონე,ეგ საშუალება,8,245,True
ganm_805,ავი:,ცუდი,8,245,False
ganm_806,მრთელი,ჯანსაღი.,8,245,False
ganm_807,მოუკვდავი,"არ მომკვდარი, ცოცხალი",8,245,False
ganm_808,რად რა გითხრა,რატომ გეტყვი რაიმეს?,8,245,True
ganm_809,სადამდისცა ვიყო ჭირთა უნახავი,სანამ არაფერი დამშავებია,8,245,True
ganm_810,აღარ მედგას,"აღარ მედგმება, აღარ მექნება",8,245,True
ganm_811,ზედა,ზედ,8,245,False
ganm_812,კვლა ეტყვის,კიდევ ეუბნება,8,246,True
ganm_813,რად მპოვე,"რად მიმიჩნიე? ვინ გგონივარ, რომ მაგას მთხოვ?",8,246,True
ganm_814,მეუბნები,მელაპარაკები,8,246,False
ganm_815,ვერ მათქმევინო,ვერ მათქმევინებ,8,246,True
ganm_816,მოგაკლვევინო,მოგაკვლევინებ,8,246,False
ganm_817,ვითა უსტარი ბედითი,როგორც უსარგებლო ბარათი,8,246,True
ganm_818,დაგახევინო,დაგახევინებ,8,246,False
ganm_819,პატიჟად,ტანჯვა,8,247,False
ganm_821,"მით, რომე","იმიტომ, რომ",8,247,True
ganm_822,დამხსნი,გადამარჩენ,8,247,False
ganm_823,მიჩს,მიმაჩნია,8,247,False
ganm_824,ყოვლი,მთელი,8,247,False
ganm_825,სოფელი,ქვეყანა,8,247,False
ganm_826,შემიწონია,"გამითანაბრებია, გამიტოლფასებია",8,247,False
ganm_827,გითხრნე,გითხრა,8,247,False
ganm_828,არ ეგების,"არ გამოვა, არ მოხერხდება",8,248,True
ganm_830,ასრე,ასე,8,248,False
ganm_831,თქმევა,თქმევინება,8,248,False
ganm_832,მოგონება,მოფიქრება,8,248,False
ganm_829,"აწ,",ახლა,8,248,False
ganm_835,ვით დავრჩე,როგორ ვიცოცხლო,8,248,True
ganm_836,კუშტ-გვარად,"ცოტა კუშტად, ცოტა მკაცრად",8,249,False
ganm_837,ქუშობს,"პირქუშადაა, გამწყრალია",8,249,False
ganm_838,ჯერთ,ჯერ,8,249,False
ganm_839,ქვე ზის,ზის,8,249,True
ganm_840,აღარას მოუბარი,აღარაფრის მთქმელი,8,249,True
ganm_841,კვლა იქით,იქით კიდევ,8,249,True
ganm_842,გულ-ნალმობარი,გულნატკენი,8,249,False
ganm_843,ამად,ამიტომ,8,250,False
ganm_844,მაგრა,მაგრამ,8,250,False
ganm_845,უჯდა უცხოს უცხო,"უცხოსთან უცხოდ იჯდა, არ გამოელაპარაკა",8,250,True
ganm_846,აუბარნა,ალაპარაკა,8,250,False
ganm_847,ცნა,"მიხვდა, გაიგო",8,250,False
ganm_848,მუხლნი მიუყარნა,დაუჩოქა,8,250,True
ganm_849,ვარგხარ,ვარგიხარ,8,251,False
ganm_851,დასადობლად,"დად, და-ძმური ურთიერთობის დასამყარებლად",8,251,False
ganm_852,დარჩომილვარ,დავრჩენილვარ,8,251,False
ganm_853,ღარიბად და ამად ობლად,"უცხოდ და, ამიტომ, ობლად",8,251,True
ganm_855,ეგრეცა,"მაინც, მიუხედავად ამისა",8,251,False
ganm_856,დამიც შენთვის დასანდობლად,"შენი დანდობისათვის, შენი სულგრძელობისათვის მომინდვია",8,251,True
ganm_857,"ამად, რომე","იმიტომ, რომ",8,251,True
ganm_858,შვიდ-გზის,შვიდჯერ,8,251,False
ganm_861,თუცა,თუმცა,8,252,False
ganm_862,ავად,ცუდად,8,252,False
ganm_863,ხამს,"საჭიროა, ჯერ არს",8,252,False
ganm_864,გაიგონე,"იფიქრე, გაითვალისწინე",8,252,False
ganm_865,სხვაგნით ყოვლგნით,სხვა ყველა მხრივ,8,252,True
ganm_866,უღონო ვარ,"უილაჯო ვარ, თავის შველის საშუალება არ მაქვს",8,252,True
ganm_867,სულთა მოგცემ გულისათვის,"სულს მოგცემ, თუ გული ჩემკენ მოიბრუნე",8,252,True
ganm_868,მეტიმცა რა გაქონე,მეტს რაღას მოგცემ? რაღა მოგცე?,8,252,True
ganm_869,რა,"როცა, რაკი",8,253,False
ganm_870,სმინება,გაიგონა,8,253,False
ganm_871,გულ-ამოხვინჩვით,გულამოსკვნით,8,253,False
ganm_872,ზახილით,"ძახილით, ხმამაღლა ყვირილით",8,253,False
ganm_873,წადილი მისცა,წადილი აუსრულა,8,253,True
ganm_874,გულისა ლხინება,"გულისტკივილის დაამება, მორჩენა, ლხენა",8,253,True
ganm_875,იტყვის,ამბობს (ავთანდილი),8,254,False
ganm_876,შეეცვალების,ეცვლება,8,254,False
ganm_877,ვისთვისმე,ვიღაცისთვის,8,254,False
ganm_878,უცილოდ,"უდავოდ, უთუოდ",8,254,False
ganm_879,ცრემლი ემალმალების,ჩქარ-ჩქარა მოსდის ცრემლი,8,254,True
ganm_880,კვლა,კიდევ,8,254,False
ganm_881,ეკრძალების,"უფრთხის, გაურბის",8,254,False
ganm_882,ხელი,"შმაგი, გახელებული",8,255,False
ganm_883,სულთა დგმისად,"სულის ქონა, სიცოცხლე",8,255,True
ganm_884,მიჰხვდების,"მივა, მისწვდება",8,255,False
ganm_885,მისრულვარ,მივსულვარ,8,255,False
ganm_886,სადა,სადაც,8,255,False
ganm_887,მი-,"ზმნისწინი „მისრულვარ” ზმნისა, განმეორებული აზრის გაძლიერების მიზნით",8,255,False
ganm_888,მისი სახე,ლაპარაკია თინათინზე,8,256,True
ganm_890,ასრე,ასე,8,256,False
ganm_891,მისთვის,მის გამო,8,256,False
ganm_892,ხელმან,"გაშმაგებულმა, გახელებულმა",8,256,False
ganm_893,გამოჭრილმან,"ველად გაჭრილმა, კლდე-ღრეში სახეტიალოდ გამოსულმა.",8,256,False
ganm_894,ვაალქატე,"გავაძუნწე, შევამცირე, მოვიკელი",8,256,False
ganm_895,ორისაგან ერთი,ორში ერთი,8,256,True
ganm_897,მააზატე,თავისუფლება მომეცი,8,256,False
ganm_898,პირველისა უამესი,"პირველზე უფრო საამო, თბილი",8,257,True
ganm_899,ეგე,ეგ,8,257,False
ganm_900,მოიგონე,"მოიფიქრე, მოისაზრე",8,257,False
ganm_901,დია რამე უკეთესი,ბევრად უკეთესი,8,257,True
ganm_902,შთამოსთესი,დასთესე,8,257,False
ganm_903,აწ,ახლა,8,257,False
ganm_904,მოყვარე,მეგობარი,8,257,False
ganm_905,დისაგანცა უფრო დესი,დაზე უფრო და,8,257,True
ganm_906,მაშა,მაშ,8,258,False
ganm_907,შენად ღონედ,"შენ საშველად, შენ სარგოდ",8,258,True
ganm_908,მოიგონე,"მოიფიქრე, გამონახე",8,258,False
ganm_909,არ ეგების,არ შეიძლება,8,258,True
ganm_910,მოვკვდე,მოვკვდები,8,258,False
ganm_912,მიჰხვდები,"მიაღწევ, ეწევი",8,259,False
ganm_913,უცილოდ,"უდავოდ, უსათუოდ",8,259,False
ganm_914,რაზომცა ცრემლსა ჰმილდები,"რამდენიც უნდა იტირო, ცრემლის მილად იქცე",8,259,True
ganm_915,მოგხვდების,"მოგიწევს, მოგიხდება",8,259,False
ganm_916,სოფლისა,"ქვეყნის, წუთისოფლის",8,259,False
ganm_917,ეგე,ეგ,8,260,False
ganm_918,მოვიდოდეს,მოდიოდნენ,8,260,False
ganm_919,სადაურნი,აქ: რომელიღაც ადგილის მცხოვრებნი.,8,260,False
ganm_920,სადმე გზასა,"სადღაც, რომელიღაც გზაზე",8,260,True
ganm_921,შიგან ჭასა,ჭაში,8,260,True
ganm_922,ზედა მიდგა,ზედ მიადგა,8,260,True
ganm_923,ჩაჰყიოდა,ჩასძახოდა,8,260,False
ganm_924,იზახის,იძახის,8,260,False
ganm_925,მოსახმელად,მოსატანად,8,261,False
ganm_926,"მწადსო, თუმცა ამოგზიდე","მინდა, რომ ამოგიყვანო",8,261,True
ganm_927,მას ქვეშეთსა,იმ ქვევით მყოფს,8,261,True
ganm_928,გაეცინნეს,გაეცინა,8,261,False
ganm_929,შემოჰყივლა,"შემოუძახა, დაუყვირა",8,261,False
ganm_930,აწ,ახლა,8,262,False
ganm_931,საბელი,თოკი,8,262,False
ganm_932,სხვად,სხვა მხრივ,8,262,False
ganm_933,უღონოა,შეუძლებელია,8,262,False
ganm_934,უშენოდ,"სხვისგან, თუ არა შენგან",8,262,False
ganm_935,აპყრობა ხელისა,შველა,8,262,True
ganm_936,"ხელისა,","შმაგისა, გახელებულისა",8,262,False
ganm_937,თვარა,თორემ,8,262,False
ganm_938,გვარლი,თოკი ან დოლბანდი,8,262,False
ganm_940,ნაუბარი,ნალაპარაკევი,8,263,False
ganm_941,უცილოდ,"უდავოდ, ნამდვილად",8,263,False
ganm_942,მოყმე,"რაინდი, მეომარი",8,263,False
ganm_943,ვინათგან,ვინაიდან,8,263,False
ganm_944,აქანამდის,"აქამდის, დღემდის",8,263,False
ganm_945,დამთმობარი,მომთმენი,8,263,False
ganm_946,გითხრობს,გეტყვის.,8,264,False
ganm_947,არვისგან დაიხსოვნების,"არავინ იცის, არავის მეხსიერებაში არ ინახებ",8,264,True
ganm_948,რაზომცა დაგეყოვნების,"შესაძლოა სამგვარი გაგება: 1. (დაიცადე) რამდენი დაგვიანებაც, დაცდაც შეგიძლია, 2. თუმცა ეს შეგაყოვნებს, 3. რაც უნდა დაგაგვიანდეს (ალ. ჭინჭარაული).",8,264,True
ganm_949,გითხრა,გეტყვი,8,265,False
ganm_950,იმა მოყმისა ხელისა,"იმ გახელებული, შმაგი რაინდის",8,265,True
ganm_951,რომელსა,რომელსაც,8,265,False
ganm_952,სულთქმა სულთქმისა ბევრისა,"ბევრი ოხვრის ამოოხვრა, ბევრი ამოსუნთქვა",8,265,True
ganm_953,მაშა თუ არ ერთხელისა,განა ერთხელისა!,8,265,True
ganm_954,ვერას გითხრობ,ვერაფერს გეტყვი,8,266,True
ganm_955,ამისთანსა,ამასთან ერთად სათქმელს,8,266,False
ganm_956,ისი,ის,8,266,False
ganm_957,არონინებს,ატარებს,8,266,False
ganm_958,მჭევრსა,"წერწეტს, მოხდენილს",8,266,False
ganm_959,მემაჯანსა,თავზარდამცემს,8,266,False
ganm_960,აწვე,ახლავე,8,266,False
ganm_961,არა ვიცი,არ ვიცი,8,266,True
ganm_962,გვედრებ,"გთხოვ, გევედრები",8,267,False
ganm_964,რა მოვიდეს,რომ მოვა,8,267,True
ganm_965,შევეხვეწო,შევეხვეწები,8,267,False
ganm_966,ნუთუ ვით რა მოვაგვარო,ეგებ როგორმე რამე მოვაგვარო,8,267,True
ganm_967,შეგამეცნნე,გაგაცნობთ ერთმანეთს,8,267,False
ganm_968,შევაყვარო,შევაყვარებ,8,267,False
ganm_969,საყვარელსა გაახარო,საყვარელი გაახარო,8,267,True
ganm_970,დაჰრთო ნება,დაჰყაბულდა,8,268,True
ganm_971,ამას ზედან,აქ: ამის თქმაზე,8,268,True
ganm_972,მოიხედნეს,მოიხედეს,8,268,False
ganm_973,ხევით,ხევიდან,8,268,False
ganm_974,ესმა,მოესმათ,8,268,False
ganm_975,ჩხაპუნება,წყლის ჩხაპუნი,8,268,False
ganm_976,გამოსრული,გამოსული,8,268,False
ganm_977,უკურიდნეს,"მოერიდნენ, გაეცალნენ",8,268,False
ganm_978,მუნ,იქ,8,268,False
ganm_979,ჟამად,დროულად,8,269,False
ganm_980,გინა,გინდა,8,269,False
ganm_981,მაგრა,მაგრამ,8,269,False
ganm_982,თავი უჩინო ქმენ,"გაუჩინარდი, დაიმალე!",8,269,True
ganm_983,იმა ყმისა მეუნებლე,"იმ მოყმის ნების არ მცნობი, არშემსრულებელი, მისი წინააღმდგომი",8,269,True
ganm_985,"ნუთუ ვით რა მოვაგვარო, შენი ნახვა არ ეწყინა","ეგებ როგორმე რამე მოვაგვარო, შენი ნახვა არ ეწყინოს",8,269,True
ganm_986,გარდახდა,"ჩამოხდა, ჩამოქვეითდა",8,270,False
ganm_987,შვენოდა,"მშვენიერი, კარგი შესახედი იყო",8,270,False
ganm_988,კაპარჭ,ისრების ჩასაწყობი ბუდე,8,270,False
ganm_989,ატირდეს,ატირდნენ,8,270,False
ganm_990,მაღლად,ხმამაღლა,8,270,False
ganm_991,ზღვათაცა შესამალითა,"ისეთით, რომელიც მალე იდენს, თავისი სიუხვის გამო, და სწრაფად, მძლავრად შეერთვის ზღვას",8,270,True
ganm_992,სარკმლით,"სარკმლიდან, ფანჯრიდან",8,270,False
ganm_994,მან ქალმან,იმ ქალმა.,8,271,True
ganm_995,შეიღო,შეიტანა,8,271,False
ganm_996,დადუმდეს,დადუმდნენ,8,271,False
ganm_998,სარკმლით,"სარკმლიდან, ფანჯრიდან",8,272,False
ganm_999,უჭვრეტდა,უყურებდა,8,272,False
ganm_1000,ტყვე,პატიმარი,8,272,False
ganm_1001,საკნით ნააზატები,საკნიდან გამოშვებული,8,272,True
ganm_1002,მან ქალმან,იმ ქალმა,8,272,True
ganm_1003,ქვეშე,ქვეშ,8,272,False
ganm_1004,ნატები,ტყავის ხალები,8,272,False
ganm_1005,სულთქვამს,ოხრავს,8,272,False
ganm_1007,სატები,საჩრდილობელი. გიშრის სატები წამწამებია,8,272,False
ganm_1008,მან ქალმან,ქალმა,8,273,True
ganm_1010,ეგონა,"უნდოდა, ფიქრობდა",8,273,False
ganm_1011,მიუპყრა,"მიუტანა, მიაწოდა",8,273,False
ganm_1012,უცოხნელისა,დაუღეჭავის.,8,273,False
ganm_1013,თუცა,თუმცა,8,274,False
ganm_1014,ყოლა,სრულებით,8,274,False
ganm_1015,დიდნი დაიზახნა,ხმამაღლა დაიყვირა,8,274,True
ganm_1016,ვითა რეტი,"როგორც უგონო, რეტდასხმული",8,274,True
ganm_1017,იზახდის,ყვიროდა,8,274,False
ganm_1019,ცალ-კერძ,"ცალკე, მეორე მხარეს",8,274,False
ganm_1020,შენამჭვრეტი,შემყურე,8,274,False
ganm_1021,წაგეკიდა,"დაგემართა, გადაგხდა",8,275,False
ganm_1022,ჰყვეს,ჰყავდნენ,8,275,False
ganm_1023,ბარგი,ტვირთი,8,275,False
ganm_1024,დაეფანჩა,გაეშალა,8,275,False
ganm_1025,მარეკი,ნადირის შემოსარეკად გამოსული მონადირეები,8,275,False
ganm_1026,შეყრად,შესახვედრად,8,276,False
ganm_1027,შევიწყალე,შევიბრალე,8,276,False
ganm_1028,მათგან მკრთალი,მათ დანახვაზე შემკრთალი ან: მათ გამორიდებული,8,276,True
ganm_1029,ნუთუმცა უკუმრიდა,"ეგებ გამერიდოს, წავიდეს",8,276,True
ganm_1030,რა გათენდეს,რომ გათენდება,8,276,True
ganm_1031,ას-ნაკეცი,ასკეცი,8,277,False
ganm_1032,მხეცთა თანა,მხეცებთან,8,277,True
ganm_1033,იარები,დადიხარ,8,277,False
ganm_1034,ტევრად,"ტევრში, ტყეში",8,277,False
ganm_1035,არას კაცსა,არც ერთ კაცს,8,277,True
ganm_1036,არ იახლებ,"ახლოს არ იყოლიებ, არ იკარებ",8,277,True
ganm_1037,საუბრად,"სასაუბროდ, სალაპარაკოდ",8,277,False
ganm_1038,შემაქცევრად,გამრთობად,8,277,False
ganm_1039,ვერას,ვერაფერს,8,277,False
ganm_1040,ცუდად,"ტყუილად, ამაოდ, უსარგებლოდ",8,277,False
ganm_1041,ყოვლი,მთელი,8,278,False
ganm_1042,პირი ქვეყანისა,"დედამიწის პირი, ქვეყანა",8,278,True
ganm_1043,ერთობ სრულად,"მთლიანად, სულ",8,278,True
ganm_1044,შემაქცევრად,გამრთობად,8,278,False
ganm_1045,ვითა,როგორ,8,278,False
ganm_1046,გეახლოს,"ახლოს გყავდეს, შენთან იყოს",8,278,False
ganm_1047,თუცა,თუმცა,8,278,False
ganm_1048,წახდეს,დაიკარგოს,8,278,False
ganm_1049,ესე,ეს,8,278,False
ganm_1050,უბრძანა,უთხრა,8,279,False
ganm_1051,მსგავსი,შესაფერი,8,279,False
ganm_1052,მაგრა,მაგრამ,8,279,False
ganm_1053,ძალ-უც,შეუძლია,8,279,False
ganm_1054,სოფლად,ქვეყნად,8,279,False
ganm_1055,მოსრულისა,მოსულის,8,279,False
ganm_1058,ეტლსა ჩემსა,ჩემს თანავარსკვლავედზე,8,280,True
ganm_1059,დაჰბადა,გააჩინა,8,280,False
ganm_1060,სიახლე,სიახლოვე,8,280,False
ganm_1062,ვინმცა გასძლნა,ვინ გაძლებდა? ვინ გასძლებს?,8,280,True
ganm_1063,ანუ,ან,8,280,False
ganm_1064,ვინმცა შეეცადა,ვინ შეეცდება?,8,280,True
ganm_1065,შენგან კიდე,შენს გარდა.,8,280,True
ganm_1066,ხორციელი,ადამიანი,8,280,False
ganm_1067,მივის,მყავს,8,280,False
ganm_1068,ჰკადრა,უთხრა.,8,281,False
ganm_1069,ვიშიშვი,ვშიშობ,8,281,False
ganm_1070,ვიაჯ,გთხოვ,8,281,False
ganm_1071,დია,ძალიან,8,281,False
ganm_1072,ვაზირობა,მრჩევლობა,8,281,False
ganm_1071,დია,ძალიან,8,281,False
ganm_1071,დია,ძალიან,8,281,False
ganm_1075,არა,არაფერი,8,281,False
ganm_1076,უსაზომო,"უზომო, გადამეტებული",8,281,False
ganm_1071,დია,ძალიან,8,281,False
ganm_1078,იყომცა,იყოს; უნდა იყოს,8,282,False
ganm_1079,ჭკუითა მეტის-მეტითა,უფრო მეტი ჭკუით,8,282,True
ganm_1080,ნადირთა ახლავ,ნადირებთან ხარ,8,282,True
ganm_1081,გულითა რეტითა,"გონდაკარგული, თავის დაუფლების ვერშემძლე",8,282,True
ganm_1082,იახლო,ახლოს იყოლიო,8,282,False
ganm_1083,ილხენდე,დარდს იმსუბუქებდე,8,282,False
ganm_1084,ჭვრეტითა,"ცქერით, ხედვით",8,282,False
ganm_1085,იადონი,ბულბული. ბულბულო რაღაც მცენარეა,8,282,False
ganm_1086,მენუკვი,"მთხოვ, მევედრები",8,283,False
ganm_1087,გამიცხადე,გამიმხილე,8,283,False
ganm_1088,მემცა ვით დავბადე,მე როგორ გავაჩინო? როგორ შევქმნა?,8,283,True
ganm_1089,მემცა რას ვეცადე,მე რას ვეცადო?,8,283,True
ganm_1090,განაღამცა,"დიაღაც რომ, სწორედაც რომ",8,283,False
ganm_1091,ასრე,ასე,8,283,False
ganm_1092,კვლა,ისევ,8,284,False
ganm_1093,გაგსაჯე,"შეგაწუხე, თავი მოგაწყინე",8,284,False
ganm_1094,შეგონებითა,"დამოძღვრით, დარიგებით",8,284,False
ganm_1095,მაგრა,მაგრამ,8,284,False
ganm_1096,გეახლოს,"გახლდეს, შენთან იყოს",8,284,False
ganm_1097,ილხენდე,"დარდს იქარვებდე, იმსუბუქებდე",8,284,False
ganm_1098,შემეცნებითა,გაცნობით,8,284,False
ganm_1099,არ იყო არ-სავნებლისა ვნებითა,"არ ავნო, არაფერი დაუშავო მას, ვისაც რაიმეს დაშავება არ დაუმსახურებია",8,284,True
ganm_1100,სიყვარულმან მისმან,იმის სიყვარულს ვფიცავ!,8,285,True
ganm_1101,ვისთვის,ვისთვისაც,8,285,False
ganm_1102,ხელი,"შმაგი, გახელებული",8,285,False
ganm_1103,თავსა ვარებ,დავდივარ,8,285,True
ganm_1104,არას,არაფერს,8,285,False
ganm_1105,არათ ოდეს,არასოდეს არაფრით,8,285,True
ganm_1107,მის ყმისა,"იმ მოყმის, რაინდის",9,286,True
ganm_1108,არს მისად მაგულვანებლად,"აგულიანებს მას (ავთანდილს), ამხნევებს",9,286,True
ganm_1109,მოჰყვანდა,მოჰყავდა,9,286,False
ganm_1110,რა ნახა,რომ ნახა,9,286,True
ganm_1111,ტარიელ,ტარიელმა,9,286,False
ganm_1113,ჰმართებს,"ეკუთვნის, შეეფერება",9,287,False
ganm_1114,დარად,შესადარებლად,9,287,False
ganm_1115,ცით,ციდან,9,287,False
ganm_1116,უღრუბლოთ,უღრუბლოდან,9,287,False
ganm_1117,ვარგიყო,ვარგოდა,9,287,False
ganm_1118,ხედ არად,"არაფერ ხედ, ვერაფერ ხედ",9,287,True
ganm_1119,ჰგვანდეს,ჰგვანდნენ.,9,287,False
ganm_1121,უცხოობით არ დაჰრიდეს,არ მოერიდნენ (ერთმანეთს) უცხოობის გამო,9,288,True
ganm_1122,ხლეჩდეს,ხლეჩდნენ,9,288,False
ganm_1124,გამოსჭვირდეს,"ბრწყინავდნენ, ანათებდნენ",9,288,False
ganm_1125,ღირდეს,ღირდნენ,9,288,False
ganm_1126,მობრუნდეს,მობრუნდნენ,9,289,False
ganm_1127,შეუპყრა,დაუჭირა,9,289,False
ganm_1128,ერთგან,ერთად,9,289,False
ganm_1129,დასხდეს,დასხდნენ,9,289,False
ganm_1130,სულსა უღებდა,აჩუმებდა,9,289,True
ganm_1131,ბნელ-იქმთ,დააბნელებთ,9,289,False
ganm_1132,ყმასა,"მოყმეს, რაინდს",9,290,False
ganm_1133,მესწრაფების,"მეჩქარება, მოუთმენლად ვარ",9,290,False
ganm_1134,დაფარული,აქ: საიდუმლო,9,290,False
ganm_1135,ანუ,ან.,9,290,False
ganm_1136,სით,საიდან.,9,290,False
ganm_1137,ვახსოვ,ვახსოვარ,9,290,False
ganm_1139,ვის თავი გინაზებია,ვინც (მიუხედავად შენი ლომ-გმირობისა) ნაზი ხარ,9,291,True
ganm_1140,უშრეტი,ჩაუქრობელი,9,291,False
ganm_1141,მგზებია,მნთებია,9,291,False
ganm_1143,მეფედ მათად მას ხედვენ,მას (იგულისხმება: თინათინს) თავის მეფედ თვლიან,9,292,True
ganm_1144,მონები,"აქ: ქვეშევრდომები საერთოდ, ყმები და არა „მონები” ამ სიტყვის ჩვეულებრივი აზრით",9,292,False
ganm_1145,თუცა,თუმცა,9,292,False
ganm_1146,გინახავ,გინახავარ,9,292,False
ganm_1147,თუ ვითა გიაზრებია,"თუკი გახსოვს, თუკი მოიგონებ",9,292,True
ganm_1148,გახსოვსცა,გახსოვს კიდევ?,9,292,False
ganm_1144,მონები,"აქ: ქვეშევრდომები საერთოდ, ყმები და არა „მონები” ამ სიტყვის ჩვეულებრივი აზრით",9,292,False
ganm_1151,ზედა გარდგეკიდენით,ზედ წამოგადექით,9,293,True
ganm_1152,ხაფად,"უხეშად, მკვახედ, დაურიდებლად",9,293,False
ganm_1153,უკანა გამოგკიდენით,უკან გამოგადევნეთ,9,293,True
ganm_1154,სრულად,მთლად,9,293,False
ganm_1155,ყველაკასა,ყველას,9,294,False
ganm_1156,დაგვაშმაგნა,გაგვაშმაგა,9,294,False
ganm_1157,თავი სრულად გავაშეთეთ,"სულ გავგიჟდით, გავხელდით",9,294,True
ganm_1158,ჭმუნვა,"მწუხარება, დარდი.",9,295,False
ganm_1159,ნებიერი,"გალაღებული, თავისი ნების ახდომას ჩვეული",9,295,False
ganm_1160,"ვერცა ყმა, ვერცა ბერია","ვერც ახალგაზრდა, ვერც ბებერი",9,295,True
ganm_1161,ეთერი,"გამჭვირვალე, უმსუბუქესი ნივთიერება, რომლითაც, ძველთა წარმოდგენით, სავსეა მსოფლიო სივრცე",9,295,False
ganm_1162,მიცან,გამიგე,9,296,False
ganm_1163,მის ყმისა წახდომილისა,იმ დაკარგული მოყმის,9,296,True
ganm_1164,საქმისა მის,იმ საქმის.,9,296,True
ganm_1165,ვერ-ჭვრეტა,"ვერხედვა, ვერდანახვა",9,296,False
ganm_1166,გაღიმილისა,გაღიმების,9,296,False
ganm_1167,აქანამდის,აქამდე.,9,297,False
ganm_1168,მკვდართა დაგესახა,მკვდრებისთვის მიგემსგავსებინა,9,297,True
ganm_1169,ძმა რომელთა,ვისი ძმაც,9,297,True
ganm_1170,სამე,სადღაც,9,297,False
ganm_1171,ა”,არის,9,297,False
ganm_1172,აეხსენა,"მოაგონდა, გაახსენდა",9,298,False
ganm_1173,ომი,"ბრძოლა, შეტაკება",9,298,False
ganm_1174,იტყვის,ამბობს,9,298,False
ganm_1175,ეგე,ეგ,9,298,False
ganm_1176,თუცა,თუმცა,9,298,False
ganm_1177,ერთგან,ერთად,9,298,False
ganm_1178,გნახენ,გნახეთ,9,298,False
ganm_1179,მით,იმიტომ,9,298,False
ganm_1180,მომეგონა,მომაგონდა,9,298,False
ganm_1181,წარმწყმედელი,დამღუპველი,9,298,False
ganm_1182,რა ს მაქმნევდით,რაში გამომიყენებდით?,9,299,True
ganm_1189,რა,"როცა, რაკი",9,299,False
ganm_1189,რა,"როცა, რაკი",9,299,False
ganm_1183,გინდოდი,გინდოდით,9,299,False
ganm_1185,რა თა,რით,9,299,True
ganm_1189,რა,"როცა, რაკი",9,299,False
ganm_1184,ვჰგვანდით,ვგავდით,9,299,False
ganm_1186,მორჭმულნი,"გამარჯვებულნი, წარმატებულნი, გალაღებულნი",9,299,False
ganm_1187,სთამაშობდით,ერთობოდით,9,299,False
ganm_1189,რა,"როცა, რაკი",9,299,False
ganm_1188,ღ აწ ვთა,ლოყებს,9,299,True
ganm_1193,აწ,ახლა,9,299,False
ganm_1189,რა,"როცა, რაკი",9,299,False
ganm_1190,შესაპყრობლად,დასაჭერად,9,299,False
ganm_1191,მომწიენით,მომადევნეთ,9,299,False
ganm_1192,გაჰგულვანდით,"გათამამდით, გაკადნიერდით",9,299,False
ganm_1193,აწ,ახლა,9,299,False
ganm_1194,ვეჭვ,მგონია,9,299,False
ganm_1195,რომე,რომ,9,299,False
ganm_1196,თანა,თან,9,299,False
ganm_1198,ხელმწიფობით შემებრალნეს,"შემებრალა იმიტომ, რომ ხელმწიფე იყო",9,300,True
ganm_1199,არა,არაფერი,9,300,False
ganm_1200,შევუზრახე,ვუთხარი,9,300,False
ganm_1201,დავასახე,"დავამსგავსე, შევადარე",9,300,False
ganm_1203,კაცმან ვერ ასწრას,კაცი ვერ მოასწრებს,9,301,True
ganm_1204,"დაფახვა, დაწამწამება",დახამხამება,9,301,True
ganm_1205,გავექცევი,გავურბი,9,301,False
ganm_1206,ვისგანცა ჩემი არას ვცნა ამება,"ვისაც შევატყობ, რომ არაფრად მსიამოვნებს, არ მეამება",9,301,True
ganm_1207,მიღმა,მიმართ,9,301,False
ganm_1208,გამეგო,"გადამეწყვიტა, გულში მქონდა",9,301,False
ganm_1209,შეწამება,"თქმა, გამოლაპარაკება",9,301,False
ganm_1211,ავად,ცუდად,9,301,False
ganm_1213,აწ,ახლა,9,302,False
ganm_1214,ვაშად,"ბედნიერად, მშვიდობიანად",9,302,False
ganm_1216,სარო,კვიპაროსი,9,302,False
ganm_1217,მამაცად,ვაჟკაცად,9,302,False
ganm_1213,აწ,ახლა,9,302,False
ganm_1218,ვით,როგორ,9,303,False
ganm_1219,მაგისად ნაცვლად,მაგის სამაგიეროდ,9,303,True
ganm_1220,რამც ვიყავ,რა უნდა ვიყო,9,303,True
ganm_1221,სახე,"მსგავსება, მსგავსი, შესადარი",9,303,False
ganm_1222,ზეცით,ზეციდან,9,303,False
ganm_1223,ზენისა,ზეციურისა,9,303,False
ganm_1224,შეგცვლის,გცვლის,9,303,False
ganm_1225,პატიჟი,ტანჯვა,9,303,False
ganm_1226,ეგზომთა,ამდენის,9,303,False
ganm_1227,ვინ,ვინც,9,304,False
ganm_1228,დამიგდია,მიმიტოვებია,9,304,False
ganm_1229,"იგი იქმნას, რაცა გინდა","ის მოხდეს, რაც შენ გინდა",9,304,True
ganm_1230,იაგუნდი,"ძვირფასი ქვა, ბაც-მოლურჯო ფერისა",9,304,False
ganm_1231,გეახლო,"შენთან ახლოს ვიყო, გახლდე",9,304,False
ganm_1232,არა,"არარა, არაფერი",9,304,False
ganm_1233,მემხურვალების,"მხურვალე, მგზნებარე მგონია",9,305,False
ganm_1234,რა გევალების,"რა გმართებს, რა ვალი გაძევს?",9,305,True
ganm_1235,მაგრა,მაგრამ,9,305,False
ganm_1237,მაგრა,მაგრამ. ჩემსა,9,306,False
ganm_1238,გამოჭრილვარ,"ველად, ტყე-ღრეში სახეტიალოდ გამოვქცეულვარ",9,306,False
ganm_1239,ასრე,ასე,9,306,False
ganm_1240,შემიქმს,"გამხდის, მაქცევს",9,306,False
ganm_1241,ერგების,ეშველება,9,307,False
ganm_1242,წვევა,"შეთავაზება, გამოწვევა, თხოვნა, რჩევა",9,307,False
ganm_1244,ეგრე,მაინც,9,307,False
ganm_1245,არ ეგების,"არ შეიძლება, არ ხერხდება",9,307,True
ganm_1246,ესე,ეს,9,307,False
ganm_1247,ხელი,"შმაგი, გახელებული",9,307,False
ganm_1248,წაეგების,"თავს წირავს, თავს იმეტებს, გადაგებულია",9,307,False
ganm_1249,ცნას,"შეიტყობს, გაიგებს",9,307,False
ganm_1250,"ქმნას, რა ღონე აეგების","იზამს, რაც შესაძლებელია",9,307,True
ganm_1251,ლამოდა,"ლამობდა, ცდილობდა",9,308,False
ganm_1252,რასამე,რამის.,9,308,False
ganm_1254,"ნუ, თუ ყოს ღმერთმან!",ნუ იზამს ღმერთი,9,308,True
ganm_1255,მემცა ვით მივეც,როგორ მივცემ? როგორ მივცე?,9,308,True
ganm_1256,თუ რას სცნობს,"თუ რამეს შეიტყობს, გაიგებს",9,308,True
ganm_1252,რასამე,რამის.,9,308,False
ganm_1258,ლხენა,"შემსუბუქება, დაამება ტკივილისა, შვება",9,308,False
ganm_1259,რაცაღა,რაც,9,308,False
ganm_1260,სწადს,"სწადია, ჰსურს.",9,308,False
ganm_1261,განგება,"ღვთის ნება-სურვილი, მის მიერ მოვლენათა წინასწარი ცოდნა და განსაზღვრა",9,308,False
ganm_1262,ზენა,ზეციური,9,308,False
ganm_1263,ამას დაყმუნდა,"ამაზე გაჩუმდა, ამას დაჰყაბულდა",9,309,True
ganm_1264,დაავლებული,"დაფერფლილი, დანაცრებული.",9,309,False
ganm_1265,მას აქათ,"მას აქეთ, მას შემდეგ",9,309,True
ganm_1266,არა იცი,არ იცი,9,309,True
ganm_1267,ლები,"დალურჯებული, ნაცემი ადგილი",9,309,False
ganm_1268,ესე,ეს,9,309,False
ganm_1271,ესე,ეს,9,309,False
ganm_1270,კვლა,მეორე მხრივ; მაგრამ,9,309,False
ganm_1268,ესე,ეს,9,309,False
ganm_1271,ესე,ეს,9,309,False
ganm_1272,ყმა,"მოყმე, რაინდი",9,309,False
ganm_1273,დავალებული,"დაღონებული, შეწუხებული, მოტეხილი",9,309,False
ganm_1274,მაგრა,მაგრამ.,9,310,False
ganm_1275,ცნობითა,გონებით,9,310,False
ganm_1277,პირველ,ჯერ ერთი.,9,310,False
ganm_1278,შეყრის,აერთებს,9,310,False
ganm_1279,მოყვარულთა,"ერთი-მეორის მოსიყვარულეებს, შეყვარებულებს",9,310,False
ganm_1280,ჩემით რათმე მიზეზითა,"ჩემი მიზეზით, ჩემი წყალობით",9,310,True
ganm_1281,ანაგზი,"ანანთები, სიმხურვალე, ალი",9,310,False
ganm_1282,იდოს,"დად გაიხადოს, დად მიიღოს",9,311,False
ganm_1283,"ხამს, თუ","საჭიროა! ჯერ-არს, რომ",9,311,True
ganm_1282,იდოს,"დად გაიხადოს, დად მიიღოს",9,311,False
ganm_1285,რათ,რით,9,311,False
ganm_1286,აცხოვნოს,"აცოცხლოს, გადაარჩნოს.",9,311,False
ganm_1282,იდოს,"დად გაიხადოს, დად მიიღოს",9,311,False
ganm_1288,ისმენდი,ისმინე!,9,311,False
ganm_1282,იდოს,"დად გაიხადოს, დად მიიღოს",9,311,False
ganm_1290,დაბნედილსა,გულშემოყრილს.,9,312,False
ganm_1291,მაპკურებდი,მაპკურე ხოლმე!,9,312,False
ganm_1292,სულთქმა,ოხვრა,9,312,False
ganm_1293,გაათანისთანე,"გააუწყვეტე, გაახშირე!",9,312,False
ganm_1294,ჯდა,იჯდა,9,313,False
ganm_1294,ჯდა,იჯდა,9,313,False
ganm_1295,გაახვნა,"გააღო, გახსნა",9,313,False
ganm_1296,გაამყარნა,გაამყარა,9,313,False
ganm_1297,სულთქვნა,ამოიოხრა,9,313,False
ganm_1298,დაიზახნა,დაიყვირა,9,313,False
ganm_1299,გონება,1. გონება. 2. ფიქრი,9,314,False
ganm_1300,არა ვიცი,არ ვიცი,9,314,True
ganm_1302,დანერგულო,"დარგულო. ხეო, ედემს დანერგულო",9,314,False
ganm_1303,ისმენდი,ისმინე;,10,315,False
ganm_1304,მოეც,მიეც!,10,315,False
ganm_1305,გონება,1. ფიქრი. 2. გონება,10,315,False
ganm_1306,ვითა,როგორ,10,315,False
ganm_1307,ძლივ,ძლივს,10,315,False
ganm_1308,ვათქმევ,ვათქმევინებ,10,315,False
ganm_1309,ვინ ხელ-მქმნა,"ვინც გამახელა, გამაშმაგა",10,315,True
ganm_1310,ლხენასა,"ტანჯვის დაამებას, შემსუბუქებას",10,315,False
ganm_1311,შევუცავ,"შევუპყრივარ, მოვუცავარ",10,315,False
ganm_1312,ყოვლი,ყოველი,10,316,False
ganm_1313,მცნობელი,"მცოდნე, გამგონე",10,316,False
ganm_1314,თვით იყო მპყრობელი,"თვითონ ეჭირა, თვითმპყრობელი მეფე იყო",10,316,True
ganm_1315,უკადრი,ამაყი,10,316,False
ganm_1316,მეფეთა ზედა მფლობელი,"მეფეებზე გაბატონებული, მეფეთა მეფე",10,316,True
ganm_1317,მძლე,ძლიერი,10,316,False
ganm_1319,ჯდა,"იჯდა, მეფობდა",10,317,False
ganm_1320,მებრძოლთა,"მოწინააღმდეგეთა, მასთან შემბრძოლებელთა",10,317,False
ganm_1321,მზარავი,შიშის ზარის დამცემი,10,317,False
ganm_1322,სრვა,"ხოცვა, მუსრვა",10,317,False
ganm_1324,ჰკადრებდის,უბედავდა,10,317,False
ganm_1325,ცხადი,ცხადად შემბრძოლებელი,10,317,False
ganm_1326,მპარავი,მიპარვით მისული,10,317,False
ganm_1327,იშვებდის,"შვებით ცხოვრობდა; განცხრომაში, სიამოვნებაში იყო",10,317,False
ganm_1328,ხალვა,მარტოობა,10,318,False
ganm_1329,მოსძულდა,მოეწყინა,10,318,False
ganm_1330,კაეშანთა,"სევდათა, მწუხარებათა",10,318,False
ganm_1331,წამიღია,წამირთმევია,10,318,False
ganm_1332,ძლევით,"ძალით, ძლიერებით",10,318,False
ganm_1333,ნაპირთა არები,"მონაპირე ქვეყნები, მოსაზღვრე ტერიტორიები",10,318,True
ganm_1334,ყოვლგნით,"ყველა მხრიდან, ყველა ადგილიდან",10,318,False
ganm_1335,გამისხმან,"გამიძევებია, განმიდევნია (მტრები)",10,318,False
ganm_1336,მორჭმით ვზი,"გამარჯვებული, ძლევამოსილი ვზივარ (ჩემს ტახტზე)",10,318,True
ganm_1338,ზეიმი და ზარები,"ზეიმი და დიდება, ქვეშევრდომთა და დღესასწაულთა მრავლობა",10,318,True
ganm_1339,შევეწყნარები,"მივეკედლები, ნებაყოფლობით დავექვემდებარები, მის სუვერენიტეტს ვცნობ",10,318,False
ganm_1340,ფარსადანს წინა,"ფარსადანთან, ფარსადანის წინაშე",10,319,True
ganm_1341,დაასკვნა,გადაწყვიტა,10,319,False
ganm_1342,სრულისა,მთელისა,10,319,False
ganm_1343,აწე,ახლა,10,319,False
ganm_1344,მწადს,"მწადია, მინდა",10,319,False
ganm_1345,ვცნა,"გავიგო, შევიტყო.",10,319,False
ganm_1346,ძალი გულისა,"სიმამაცე, ვაჟკაცობა, ძალა",10,319,True
ganm_1347,მცნობელმა,"გამგებმა, შემტყობმა",10,320,False
ganm_1348,ხმელთა,"ხმელეთის, დედამიწის",10,320,False
ganm_1349,ეგე,ეგ,10,320,False
ganm_1350,მპყრობელმა,"ტახტზე მჯდომმა, ხელისუფლების მჭერელმა",10,320,False
ganm_1351,აწ,ახლა,10,320,False
ganm_1352,ასრე,ასე,10,320,False
ganm_1353,ვითა,როგორც,10,320,False
ganm_1364,სწორად თავსა,თავის თანასწორად.,10,322,True
ganm_1365,ნაძლევი ვარ,სანაძლეოს ვდებ.,10,322,True
ganm_1366,ვისმცა ჰყავსა,ვინმეს თუ ჰყავს!,10,322,True
ganm_1368,ვჰგავ,ვგავარ.,10,322,False
ganm_1369,ასრე,ასე.,10,322,False
ganm_1370,ვითა,როგორც.,10,322,False
ganm_1371,ძე,შვილი (ვაჟი ან ქალი),10,323,False
ganm_1372,ესვა,ჰყავდათ,10,323,False
ganm_1373,დარსა,მსგავსს,10,323,False
ganm_1374,ჭმუნვა,მწუხარება,10,323,False
ganm_1375,ჰქონდა,ჰქონდათ,10,323,False
ganm_1376,მით,ამიტომ,10,323,False
ganm_1377,აეხვნეს,აეტანა.,10,323,False
ganm_1379,კრული,წყეული,10,323,False
ganm_1380,თვით ჩემივე გვარი არსა,"მით უმეტეს, რომ ჩემი გვარისაა.",10,323,True
ganm_1381,საპატრონოდ,"საბრძანებლად, მმართველად, მეფედ",10,324,False
ganm_1382,მზრდიდეს,მზრდიდნენ,10,324,False
ganm_1383,სრულთა ლაშქართა და ქვეყანათად,მთელი ჯარისა და ყველა ტერიტორიებისად,10,324,True
ganm_1384,ქცევა-ქმნათად,"ქცევისა, საქმისა, თავის დაჭერისა",10,324,False
ganm_1386,მითხრობდი,მითხარი ხოლმე!,10,325,False
ganm_1387,რაცა სცნა,რაც გაიგო,10,325,True
ganm_1388,ამბობა ცილისა,ტყუილის თქმა,10,325,True
ganm_1389,მიჩნდის,"მესახებოდა, მიმაჩნდა",10,325,False
ganm_1390,სილისა,ჭლექიანისა. აქ: დასუსტებულისა,10,325,False
ganm_1391,ჰგაოდის,"ენაღვლებოდა, დარდად ჰქონდა",10,325,False
ganm_1392,ყოლა,"სრულებით, სულაც",10,325,False
ganm_1394,ესე,ეს,10,326,False
ganm_1395,რა თქვა,რომ თქვა,10,326,True
ganm_1396,სულთქვნა,ამოიოხრა,10,326,False
ganm_1397,დაბნედა,"გონების დაკარგვა, გულყრა",10,326,False
ganm_1398,მიეწურა,მიუახლოვდა,10,326,False
ganm_1400,ჰგვანდა,ჰგავდა,10,326,False
ganm_1401,წიგნი,წერილი,10,327,False
ganm_1402,ოდეს,როცა,10,327,False
ganm_1403,ინდოეთი სრულად სცნობდა,"მთელი ინდოეთი გებულობდა, ტყობილობდა ამბავს",10,327,True
ganm_1402,ოდეს,როცა,10,327,False
ganm_1405,ყოვლი,"ყოველი, ყოველივე",10,327,False
ganm_1407,არსად შემოსრული,"არსებობაში მოსული, არსებული",10,327,True
ganm_1408,ნაუბარითა,ნალაპარაკევით,10,328,False
ganm_1409,ხარებად,"გასახარებლად, საზეიმოდ",10,328,False
ganm_1411,ზარითა,"ხმაურით, ხალხმრავლობით",10,328,False
ganm_1412,ყოვლგნით,ყველა მხრიდან,10,328,False
ganm_1413,მოვიდეს,მოვიდნენ,10,328,False
ganm_1414,ნიჭითა,"საჩუქრებით, ძღვნით",10,328,False
ganm_1415,საჭურჭლე,სიმდიდრე,10,328,False
ganm_1416,აივსნეს,აივსნენ,10,328,False
ganm_1417,საშობელი,ძეობის წვეულება,10,329,False
ganm_1418,ნასამალსა,სამად ნამრავლს,10,329,False
ganm_1419,სწორად ვუჩნდით,"თანასწორად ვუღირდით, ერთიმეორეში არ გვარჩევდნენ",10,329,True
ganm_1420,ყმა,"მოყმე, რაინდი",10,330,False
ganm_1421,დაბნდა,გული წაუვიდა,10,330,False
ganm_1422,რა,როცა,10,330,False
ganm_1423,მიეწურა,მიადგა,10,330,False
ganm_1424,გულსა ჰმურა,გული შეუმურა,10,330,True
ganm_1425,სულად მოაქცია,"მოაბრუნა, გონზე მოიყვანა",10,330,True
ganm_1426,ისმენდი,ისმინე!,10,330,False
ganm_1427,მაგრა,მაგრამ,10,330,False
ganm_1428,დასტურ,ნამდვილად,10,330,False
ganm_1429,-ა,არის,10,330,False
ganm_1430,მას ქალსა,იმ ქალს,10,331,True
ganm_1431,იყო სახელად ხმობილი,"სახელად ჰქონდა, ერქვა",10,331,True
ganm_1432,ცნობილი,"ჭკვიანი, გონიერი",10,331,False
ganm_1433,მზისაგან ვერ-შეფრობილი,"ისეთი, რომელსაც მზე ვერ ედრებოდა, ვერ უტოლდებოდა",10,331,True
ganm_1434,იგი ასრე მოიწიფა,იგი (რომ) ამდენად გაიზარდა,10,332,True
ganm_1435,ვით,"აქ: რომ, რადგანაც, რაკიღა",10,332,False
ganm_1436,ხედვიდა,ხედავდა,10,332,False
ganm_1437,მწთომსა,"შემძლებელს, უნარის მქონეს",10,332,False
ganm_1438,რა შევიქმენ ამა ზომსა,"რომ გავხდი ამოდენა, აქამდე რომ მოვედი",10,332,True
ganm_1435,ვით,"აქ: რომ, რადგანაც, რაკიღა",10,332,False
ganm_1439,მოწამე,მოწმე.,10,333,False
ganm_1440,ყოვლისა,ყველაფრისა.,10,333,False
ganm_1441,ვით,როგორც.,10,333,False
ganm_1442,იტყოდეს,ამბობდნენ.,10,333,False
ganm_1444,აწ,ახლა.,10,333,False
ganm_1445,სახე,მსგავსი.,10,333,False
ganm_1446,ოდენ,მხოლოდ. ტაეპის აზრია: ახლა ჩემს მაშინდელ ჩრდილსღა ვგავარ.,10,333,False
ganm_1447,შიგან,შიგ,10,334,False
ganm_1448,საყოფი,"სამყოფი, ოთახი",10,334,False
ganm_1449,ფაზარი,ძვირფასი ქვაა,10,334,False
ganm_1450,სხდა,იდო,10,334,False
ganm_1451,კუბო,"ჩასაჯდომი საწოლი, ტახტრევანი",10,334,False
ganm_1452,პირსა,"განაპირას, სასახლის გარშემო",10,334,False
ganm_1453,სარაჯი,ღარი.,10,334,False
ganm_1454,მუნ,იქ,10,334,False
ganm_1455,ვისგან,ვისგანაც,10,334,False
ganm_1456,სახმილი,ცეცხლი,10,334,False
ganm_1457,მუჯამრითა,საცეცხურით,10,335,False
ganm_1458,ეკმეოდის,"ეკმეოდა, ენთო სურნელების დასაყენებლად",10,335,False
ganm_1459,ალვა,"აქ: ალოე, სურნელოვანი ხე",10,335,False
ganm_1460,ჯდის,იჯდა ხოლმე,10,335,False
ganm_1461,ჩამოვიდის,ჩამოვიდოდა ხოლმე,10,335,False
ganm_1462,რა დგის ჩრდილი,(ბაღს) რომ ჩრდილი მოადგებოდა ხოლმე,10,335,True
ganm_1463,სრა,სასახლე,10,336,False
ganm_1464,შარდი,ძვირფასი ტილო,10,336,False
ganm_1465,შეიქმნა პირითა მინა-ვარდითა,პირისახე მინა-ვარდივით გაუხდა,10,336,True
ganm_1466,ჰყვიან,ჰყავდნენ,10,336,False
ganm_1467,იმღერდის,თამაშობდა ხოლმე,10,336,False
ganm_1469,ვიყვი,ვიყავ ხოლმე,10,337,False
ganm_1470,გამიშვებდის,მიშვებდა ხოლმე,10,337,False
ganm_1472,ასპარეზსა,ასპარეზობას,10,337,False
ganm_1473,აქებდიან,აქებდნენ ხოლმე,10,337,False
ganm_1474,მოსრნის,ხოცავდა ხოლმე,10,338,False
ganm_1475,სრეულმან,ნასროლმა,10,338,False
ganm_1476,ვიბურთი,ვბურთაობდი ხოლმე,10,338,False
ganm_1477,მინდორით შემოქცეულმან,მინდვრიდან დაბრუნებულმა,10,338,True
ganm_1479,ნიადაგ,მუდამ,10,338,False
ganm_1480,პირმან ბროლ-ბალახშეულმან,ბროლივით თეთრმა და რჩეული ლალივით (ბალახშივით) ფერიანმა პირისახემ (ლაპარაკია ნესტან-დარეჯანზე),10,338,True
ganm_1481,გაუცუდდა,"გაუუქმდა, შეუწყდა",10,339,False
ganm_1482,ნიშატისა და ნიშისა,შვება-სიხარულის,10,339,True
ganm_1483,გაეხარნეს,გაუხარდათ,10,339,False
ganm_1484,ვის,ვისაც,10,339,False
ganm_1485,ზარი,"თავზარი, დიდი შიში, ძრწოლა",10,339,False
ganm_1486,დალევდის,"ლევდა, აძაბუნებდა",10,339,False
ganm_1487,მისგან შიშისა,მისი შიშისა,10,339,True
ganm_1488,ვჯე,ვიჯექი,10,340,False
ganm_1490,გაცუდებული,წუთისოფელზე გულაყრილი,10,340,False
ganm_1491,სულ-და ღებული,"გაჩუმებული, დაწყნარებული",10,340,True
ganm_1496,ღებული,შეღებილი,10,340,False
ganm_1492,გაყვანად,გასაყვანად,10,340,False
ganm_1493,ხასნი,წარჩინებული კარისკაცები,10,340,False
ganm_1494,მოვიდეს,მოვიდნენ,10,340,False
ganm_1495,მცნებული,ნაბრძანები,10,340,False
ganm_1496,ღებული,შეღებილი,10,340,False
ganm_1497,ვინ,ვინც,10,341,False
ganm_1498,სწორად,"თანასწორად, თანაბრად",10,341,False
ganm_1499,საჭურჭლე,საგანძური,10,341,False
ganm_1500,სრულისა,მთელისა,10,341,False
ganm_1501,საკარგავი,თანამდებობის მიღებასთან დაკავშირებით დროებით ნაბოძები მამული და თანამდებობრივი საზრუნავი,10,341,False
ganm_1502,საურავი,"საზრუნავი, თანამდებობა",10,341,False
ganm_1510,მცემდეს,მცემდნენ,10,343,False
ganm_1511,დარად,მსგავსად,10,343,False
ganm_1512,მის ხელისა საურავი,იმ (იგულისხმება: ტარიელის მამის ნაქონი) თანამდებობის შესრულება,10,343,True
ganm_1513,ურჩ ვექმენ,"ვეურჩე, უარი ვუთხარი",10,343,True
ganm_1514,ქცევა,სვლა,10,343,False
ganm_1516,მიჩნდა ზარად,საზარლად მესახებოდა,10,343,True
ganm_1517,მომეშვნეს,მომეშვნენ,10,343,False
ganm_1518,თაყვანის-ვეც ამირბარად,"თაყვანი ვეცი, მდაბლად თავი დავუკარი, როგორც მათმა ამირბარმა; თანამდებობა ვიკისრე",10,343,True
ganm_1519,თავადობა,უფროსობა,10,344,False
ganm_1520,ვნაპირობდი,"სანაპიროებს, მეზობელ ქვეყნებს ვარბევდი",10,344,False
ganm_1521,ხალვად ვჯდი,"ხალვათად, შვებით ვიყავი",10,344,True
ganm_1522,ზამი,ხალხმრავლობა,10,344,False
ganm_1523,თქვიან,ამბობდნენ,10,344,False
ganm_1524,ქმნათა,საქმეებისა,10,344,False
ganm_1525,დამვიწყდეს,დამავიწყდა,10,345,False
ganm_1526,თუც,თუმცა,10,345,False
ganm_1527,დიადი,ბევრი,10,345,False
ganm_1528,გიამბო,გიამბობ,10,345,False
ganm_1529,განა რაზომცა ძნელია,რაც გინდა ძნელი იყოს,10,345,True
ganm_1530,სოფელი,"ქვეყანა, წუთისოფელი",10,345,False
ganm_1531,მიწყივ,მუდამ.,10,345,False
ganm_1532,ნაკვესთა,გამოკვესილი ცეცხლის,10,345,False
ganm_1533,წინწალი,ნაპერწკალი,10,345,False
ganm_1534,დამეცეს,დამეცემა,10,345,False
ganm_1536,რა ხანი მოიტირა,"მას შემდეგ, რაც ერთხანს იტირა",11,346,True
ganm_1537,მის ჟამისა,"იმ დროის, იმ საათის",11,346,True
ganm_1539,ახმა,აღება,11,347,False
ganm_1540,მიტანად ქალისა,ქალთან მისატანად,11,347,True
ganm_1541,გამოვუხვენ,გამოვართვი,11,347,False
ganm_1542,ჩემად სადებლად ალისა,"ჩემი ცეცხლის მოსაკიდებლად, ჩემს ალში გასახვევად",11,347,True
ganm_1543,ხამს,"უნდა, საჭიროა",11,347,False
ganm_1544,სალი,სალ კლდესავით მაგარი,11,347,False
ganm_1545,უტურფესი,უფრო ლამაზი,11,348,False
ganm_1546,ყოვლისავე სალხინოსა,ყოველ სალხინო ადგილზე,11,348,True
ganm_1547,უამესი სირინოსა,სირინოზზე უფრო საამო,11,348,True
ganm_1548,ისხა,"იყო, ეგო",11,348,False
ganm_1549,სარაჯები,ღარები,11,348,False
ganm_1550,ზედა მოჰფარვიდა,"ზემოდან ფარავდა, ეფარა",11,348,True
ganm_1551,ოქსინო,ფერადი ხავერდი,11,348,False
ganm_1552,სწადდა,უნდოდა,11,349,False
ganm_1553,მის მზისა დარისა,იმ მზის მსგავსისა,11,349,True
ganm_1554,გარე,გარეთ,11,349,False
ganm_1555,ვდეგ,ვიდექი,11,349,False
ganm_1556,შევლო,შეიარა,11,349,False
ganm_1557,ვერას ვხედევდი,ვერაფერს ვხედავდი,11,349,True
ganm_1558,ოდენ,"მხოლოდ, ოღონდ",11,349,False
ganm_1559,გამოხმა,გამორთმევა,11,349,False
ganm_1560,აზიდნა,"აზიდა, ასწია",11,350,False
ganm_1561,ვდეგ,ვიდექ,11,350,False
ganm_1563,მეცა,მომხვდა,11,350,False
ganm_1564,ცნობა,გონება,11,350,False
ganm_1565,მივსცნე,მივცე,11,350,False
ganm_1567,ვამე,ვაიმე,11,350,False
ganm_1568,მას აქათ,მას აქეთ,11,350,True
ganm_1569,სახმილსა,ცეცხლს,11,350,False
ganm_1570,დავუწვავ,დავუწვავარ,11,350,False
ganm_1571,ნიადაგულსა,"მუდმივს, გაუნელებელს",11,350,False
ganm_1572,წახდეს,"წახდნენ, წავიდნენ",11,351,False
ganm_1573,მოწუნარენი,"არად ჩამგდებნი, დამჩაგრავნი, მჯობნი",11,351,False
ganm_1574,დაბნდა,"გული წაუვიდა, გონება დაკარგა",11,351,False
ganm_1575,სულთქვნა,ამოიოხრა.,11,351,False
ganm_1576,ყმა,მოყმე (ლაპარაკია ავთანდილზე),11,351,False
ganm_1577,ტიროდეს,ტიროდნენ,11,351,False
ganm_1578,სცემდეს,"სცემდნენ, აძლევდნენ",11,351,False
ganm_1579,იგი არენი,მიდამოები,11,351,True
ganm_1580,ჭმუნვით,"მწუხარებით, სევდით.",11,351,False
ganm_1581,ცუდ ქმნილან,"უქმი, უსარგებლო გამხდარან, ძალა გამოჰლევიათ",11,351,True
ganm_1582,ცნობად,გონზე,11,352,False
ganm_1583,ვერა,ვერაფერი,11,352,False
ganm_1584,სულთ-ითქვნა,ამოიოხრა,11,352,False
ganm_1585,ვამე,"ვაჰმე, ვაი მე",11,352,False
ganm_1586,ზარია,"საშინელებაა, შესაზარია",11,352,False
ganm_1587,მიმნდონი,მიმნდობნი,11,353,False
ganm_1588,საწუთრო,"ქვეყანა, წუთისოფელი",11,353,False
ganm_1589,რჩებიან,"თავს ირჩენენ, საზრდოობენ",11,353,False
ganm_1590,იშვებენ,"ხარობენ, ბედნიერობენ, შვება-განცხრომას ნახულობენ",11,353,False
ganm_1591,მაგრა,მაგრამ,11,353,False
ganm_1592,უმუხთლოდ,"უბედურების, საწუთროს სიმუხთლის წვნევის გარეშე",11,353,False
ganm_1593,ბოლოდ,ბოლოს,11,353,False
ganm_1589,რჩებიან,"თავს ირჩენენ, საზრდოობენ",11,353,False
ganm_1595,ჭკუასა ბრძენთასა,ბრძენთა ჭკუას,11,353,True
ganm_1596,რომელნი,რომლებიც,11,353,False
ganm_1589,რჩებიან,"თავს ირჩენენ, საზრდოობენ",11,353,False
ganm_1597,ისმენდი,ისმინე!,11,353,False
ganm_1589,რჩებიან,"თავს ირჩენენ, საზრდოობენ",11,353,False
ganm_1599,მივსცენ,მივეცი,11,354,False
ganm_1600,გავიღე,"გავიგენი, ვიპოვე",11,354,False
ganm_1608,ვისა,"ვაებისა, „ვა”–ს ძახილისა",11,354,False
ganm_1602,დავბნდი,"გული წამივიდა, გონება დავკარგე",11,354,False
ganm_1603,წამიხდა,"წამივიდა, დამეკარგა",11,354,False
ganm_1604,ძალი,ძალა,11,354,False
ganm_1608,ვისა,"ვაებისა, „ვა”–ს ძახილისა",11,354,False
ganm_1606,რა სულად მოვე,გონზე რომ მოვედი,11,354,True
ganm_1607,შემესმა,მომესმა,11,354,False
ganm_1608,ვისა,"ვაებისა, „ვა”–ს ძახილისა",11,354,False
ganm_1609,გარე,გარეშემო,11,354,False
ganm_1610,მომრტყმოდეს,"მომრტყმოდნენ, შემომდგომოდნენ",11,354,False
ganm_1611,ჯალაბნი,"აქ: სასახლის მკვიდრნი მეფის ოჯახის წევრები, მოახლეები და მოსამსახურეები",11,354,False
ganm_1608,ვისა,"ვაებისა, „ვა”–ს ძახილისა",11,354,False
ganm_1614,ვწევ,ვიწექი,11,355,False
ganm_1615,საგებელი,"ლოგინი, ქვეშაგები",11,355,False
ganm_1616,ზედ დამტიროდეს,დამტიროდნენ,11,355,True
ganm_1617,იხოკდეს,"იხოკდნენ, იკაწრავდნენ",11,355,False
ganm_1618,ღაწვისა,ლოყის,11,355,False
ganm_1619,მუყრნი,"ყურანის მკითხველნი, მოლები",11,355,False
ganm_1620,მოასხნეს,მოიყვანეს,11,355,False
ganm_1621,რა,"რომ, როცა",11,356,False
ganm_1622,თვალ-ახმული,თვალახელილი,11,356,False
ganm_1621,რა,"რომ, როცა",11,356,False
ganm_1621,რა,"რომ, როცა",11,356,False
ganm_1623,დია,ძალიან ძლიერად,11,356,False
ganm_1624,კვლა,ისევ,11,356,False
ganm_1625,დაბნედილი,გულწასული,11,356,False
ganm_1626,გარდმეთხია,გადამესხა.,11,356,False
ganm_1627,სრულნი,ყველა,11,357,False
ganm_1628,მუყრნი,მოლები,11,357,False
ganm_1629,მულიმნი,მაჰმადიანური რჯულის მოძღვარნი; მიჩნეულნი იყვნენ აგრეთვე მისნობისა და მკურნალობის მცოდნედ,11,357,False
ganm_1630,გარე შემომცვიდიან,გარს მადგნენ,11,357,True
ganm_1631,მუსაფი,"ყურანი, სჯულის წიგნი",11,357,False
ganm_1632,იკითხვიდიან,კითხულობდნენ,11,357,False
ganm_1635,ჩმახვიდიან,ჩმახავდნენ,11,357,False
ganm_1636,უშრეტნი,ჩაუქრობელნი,11,357,False
ganm_1637,მწვიდიან,მწვავდნენ,11,357,False
ganm_1638,იკვირვებდეს,უკვირდათ,11,358,False
ganm_1639,ესე,ეს,11,358,False
ganm_1640,რაგვარია,როგორია,11,358,False
ganm_1641,წამოვიჭრი,"წამოვიჭრებოდი, წამოვვარდებოდი ხოლმე",11,358,False
ganm_1642,მცთარი,"უაზრო, უკონტროლო",11,358,False
ganm_1643,შეიქმს,შექმნის,11,358,False
ganm_1645,ცნობა,გონება,11,359,False
ganm_1646,მივჰხვდი რასმე მიუმხვდარი,"შევიგენი მდგომარეობა მე, აქამდე ვერაფრის ვერშემგნებმა",11,359,True
ganm_1647,რაშიგან ვარ,რას ვშვრები? რა ამბავში ვარ!,11,359,True
ganm_1648,გარდამხდარი,გადასული,11,359,False
ganm_1650,თმობა,მოთმინება,11,359,False
ganm_1651,შემოქმედსა,შემქმნელს (იგულისხმება: ღმერთს),11,359,False
ganm_1652,ვჰკადრე,ვუთხარ,11,359,False
ganm_1653,სამუდარი,სამუდარო,11,359,False
ganm_1654,აჯა,"თხოვნა, ვედრება",11,360,False
ganm_1655,ძალი,ძალა,11,360,False
ganm_1656,დათმობისა,მოთმინები,11,360,False
ganm_1657,ცოტად ვითა,ცოტა როგორმე,11,360,True
ganm_1658,აღმადგინე,წამომაყენე,11,360,False
ganm_1659,მო-რე-ვჯობდი,მოვჯობინდი,11,360,False
ganm_1660,წყლული,"დაჭრილი, დაწყლულებული",11,360,False
ganm_1661,დია,ბევრი,11,361,False
ganm_1662,მოვიდოდა,მოდიოდა,11,361,False
ganm_1663,ახარებდეს,"ახარებდნენ, ახარეს",11,361,False
ganm_1664,უჩუმოდა,"გასჩუმებოდა, დუმდა მისი პატივისცემით",11,361,False
ganm_1665,აქათ,აქეთ,11,362,False
ganm_1666,მომისხდეს,მომისხდნენ. ლაპარაკია მეფე-დედოფალზე,11,362,False
ganm_1667,სახვრეტელი,"სახვრეპი, ბულიონი (?), ან: წამალი.",11,362,False
ganm_1668,აწ,ახლა.,11,362,False
ganm_1669,მრთელი,ჯანსაღი,11,362,False
ganm_1670,ვნახნე,ვნახო,11,362,False
ganm_1671,უარ,უარესად.,11,363,False
ganm_1672,გავხე,გავხდი,11,363,False
ganm_1673,არას ღირს-ა,"არაფრის ღირსია, არაფრად ღირს",11,363,True
ganm_1675,უფრო-რე,უფრო,11,364,False
ganm_1676,საწოლის მეკრე,"მსახური, რომელიც საწოლი ოთახის კარებს იცავს",11,364,True
ganm_1677,შემოდგა,შემოვიდა,11,364,False
ganm_1678,მოლარე,დაახლოებული მსახური,11,364,False
ganm_1679,ნეტარ,ნეტავ,11,364,False
ganm_1680,ვარქვი,ვუთხარი,11,365,False
ganm_1681,სხვად,"სხავგვარად, სხვა მხრივ",11,365,False
ganm_1682,ვითამცა ვქმენ,როგორ ვიზამდი?,11,365,True
ganm_1683,სითხე,სითხელე,11,365,False
ganm_1684,მისგან ეჭვი არა მქონდა,"მისგან (ნესტანისგან) არ ველოდი; არ მეგონა, თუ ეს ნესტანის შემონათვალი იყო",11,365,True
ganm_1685,მით,ამიტომ,11,365,False
ganm_1686,სით,საიდან,11,366,False
ganm_1687,ვუყვარ,ვუყვარვარ,11,366,False
ganm_1688,ვით,როგორ,11,366,False
ganm_1689,მკადრებს თხრობასა,მიბედავს თქმას,11,366,True
ganm_1690,უზრახობასა,უჟმურობას,11,366,False
ganm_1691,ჩემგან იმედსა გარდასწყვედს,დაკარგავს ჩემი აყოლიების იმედს,11,366,True
ganm_1692,გმობასა,"ლანძღვას, აუგის თქმას.",11,366,False
ganm_1693,ჰმართებდა,"ეკუთვნოდა, შეეფერებოდა",11,366,False
ganm_1694,გამოხდეს,"გამოვიდნენ, გაიარეს",11,367,False
ganm_1695,უფრო-რე,უფრო,11,367,False
ganm_1696,ვუჭვრეტდი,ვუცქერდი,11,367,False
ganm_1697,თამაშად,"სავარჯიშოდ, მანევრებისათვის",11,367,False
ganm_1698,დარბაზს,"მეფის კარზე, სასახლეში",11,367,False
ganm_1699,ვერა,ვერაფერი,11,368,False
ganm_1699,ვერა,ვერაფერი,11,368,False
ganm_1700,სისხლი დამწამეს,"იფიქრეს, რომ ზედმეტმა სისხლმა (წნევამ) შემაწუხა",11,368,True
ganm_1701,გახსნევა,გახსნევინება.,11,368,False
ganm_1703,ფარვად,დასამალად,11,368,False
ganm_1704,პატიჟთა,ტანჯვისა,11,368,False
ganm_1705,საეჭველისა,"მისახვედრის, საფიქრელის",11,368,False
ganm_1706,ხელ-გახსნილი,ვენაგაჭრილი,11,369,False
ganm_1707,საწოლს,საძინებელ ოთახში,11,369,False
ganm_1709,რაძინა,"ნეტავ, რა",11,369,False
ganm_1710,დავუზრახე,დავუძრახე,11,369,False
ganm_1711,ვინ-ა,ვინაა?,11,369,False
ganm_1712,წიგნი,წერილი,11,370,False
ganm_1713,ნებასა,"ნელა, დინჯად",11,370,False
ganm_1714,ლამოდა,"ლამობდა, ცდილობდა",11,370,False
ganm_1715,ჟამია,დროა,11,370,False
ganm_1716,მართალ ხარ გაკვირვებასა,"მართალი ხარ იმაში, რომ გიკვირს (ჩემი დაგვიანება)",11,370,True
ganm_1717,მე ნუ მეჭვ,ჩემგან ნუ მოელი.,11,370,True
ganm_1718,ვარქვი,ვუთხარი,11,371,False
ganm_1719,ლახვარნი ეგე,ეგ ლახვარნი (ლაპარაკია სიყვარულის ტანჯვაზე),11,371,True
ganm_1720,ვით,როგორ,11,371,False
ganm_1721,მმონებენ,მემორჩილებიან,11,371,False
ganm_1722,აზრად შეიქმან,მიხვდებიან (ლაპარაკია მეფე-დედოფალზე),11,371,True
ganm_1723,შეაწონებენ,აწონ-დაწონიან,11,371,False
ganm_1724,შეიგებენ,"შეიტყობენ, გაიგებენ",11,371,False
ganm_1725,მათთა არეთა,მათ სიახლოვეში,11,371,True
ganm_1726,მარონებენ,"გამატარებენ, მაჭაჭანებენ",11,371,False
ganm_1727,სმინება,"სმენა, გაგება",11,372,False
ganm_1728,ქმნაცა,ქმნა თუ არა?,11,372,False
ganm_1729,ვჰკადრე,"მოვახსენე, შევუთვალე",11,372,False
ganm_1730,ხელი გავიხსენ,ვენა გავაჭრევინე,11,372,True
ganm_1731,წინაშე,"თქვენთან, თქვენს წინაშე",11,372,False
ganm_1732,კვლა,კიდევ,11,372,False
ganm_1733,მმართებს,"მომეთხოვება, მჭირდება",11,372,False
ganm_1734,ლხინება,მომჯობინება,11,372,False
ganm_1735,დარბაზს,"კარზე, სასახლეში.",11,373,False
ganm_1737,მოუტივნა,"მიუტია, მიუშვა",11,373,False
ganm_1739,გასაგანნა,სასროლად გამოიყვანა,11,373,False
ganm_1740,იტყოდიან,ამბობდნენ.,11,373,False
ganm_1741,შაბა,"ყოჩაღ, კარგია!",11,373,False
ganm_1741,შაბა,"ყოჩაღ, კარგია!",11,373,False
ganm_1742,მას დღესა,იმ დღეს,11,374,True
ganm_1748,მას დღესა,იმ დღეს,11,374,True
ganm_1743,რებულნი,"მოვლილნი, ნავალნი",11,374,False
ganm_1744,მუტრიბნი,დამკვრელნი,11,374,False
ganm_1745,სულ-დაღებულნი,გაჩუმებულნი,11,374,False
ganm_1746,ღარიბად ქებულნი,"იშვიათად, უნიკალურად ცნობილი",11,374,True
ganm_1747,აუვსებელნი,უხვად დაუსაჩუქრებელნი,11,374,False
ganm_1742,მას დღესა,იმ დღეს,11,374,True
ganm_1748,მას დღესა,იმ დღეს,11,374,True
ganm_1749,ხლებულნი,"მხლებელნი, ახლოს მყოფნ",11,374,False
ganm_1750,ვეცდებოდი,ვცდილობდი,11,375,False
ganm_1751,არა მცალდა,"არ შემეძლო, ძალა არ მქონდა",11,375,True
ganm_1752,კრძალვა,"არიდება, დაცვა",11,375,False
ganm_1753,ვიგონებდი,"ვიხსენებდი, მასზე ვფიქრობდი.",11,375,False
ganm_1754,ალვად,ალად,11,375,False
ganm_1755,სწორნი,"ტოლები, ამხანაგები",11,375,False
ganm_1756,წავიტანენ,"წავიყვანე, წავიყოლიე",11,375,False
ganm_1757,მთქვიან,მაღიარებდნენ,11,375,False
ganm_1754,ალვად,ალად,11,375,False
ganm_1758,პატიჟთა,ტანჯვის,11,375,False
ganm_1754,ალვად,ალად,11,375,False
ganm_1760,მოლარემან შინაურმან,დაახლოებულმა მსახურმა,11,376,True
ganm_1761,ნაუბარი,"ნათქვამი, სათქმელი",11,376,False
ganm_1762,იკითხავს,კითხულობს,11,376,False
ganm_1763,ინახვისცა,"ინახვის თუ არა? შეიძლება თუ არა, რომ ვნახო?",11,376,False
ganm_1764,მოუბურავს,დაუფარავს,11,376,False
ganm_1765,საწოლს,საძილე ოთახში,11,376,False
ganm_1766,ნადიმობად,სანადიმოდ,11,377,False
ganm_1767,აემზადნეს,მოემზადნენ,11,377,False
ganm_1768,ასაყრელად,"ასადგომად, წასასვლელად",11,377,False
ganm_1769,შართი,პირობა (ახლავე დავბრუნდებიო),11,377,False
ganm_1770,ხანსა დაუზმელად,"დროის გაუცდენლად, ახლავე",11,377,True
ganm_1771,საწოლს,საძილე ოთახში,11,377,False
ganm_1772,თმობა-ქმნათა,"მოთმინებას, თავშეკავებას",11,377,False
ganm_1773,აუგისა საკრძალველად,"აუგისგან, შერცხვენისგან თავის ასარიდებლად",11,377,True
ganm_1774,თაყვანის-მცა,"მდაბლად, მოწიწებით თავი დამიკრა.",11,378,False
ganm_1775,ვინცა ღირსმც-ა,ვინც ღირსი იყოს.,11,378,True
ganm_1776,ექმნა ვისმცა,ვინ იზამდა? ვინ იზამს?,11,378,True
ganm_1777,"თუმც იცოდა, წყნარად ზისმცა","რომ სცოდნოდა, წყნარად იჯდებოდა.",11,378,True
ganm_1779,ვარქვი,ვუთხარ,11,379,False
ganm_1780,ჰზი,ზიხარ,11,379,False
ganm_1781,არა,არაფერი,11,379,False
ganm_1782,დღე ეგე,ეს დღე,11,380,True
ganm_1783,ალობა,ალი,11,380,False
ganm_1783,ალობა,ალი,11,380,False
ganm_1784,მიდებს,მაძლევს,11,380,False
ganm_1783,ალობა,ალი,11,380,False
ganm_1783,ალობა,ალი,11,380,False
ganm_1787,თქვენს კრძალვასა,"თქვენს წინაშე რიდს, მოკრძალებას",11,381,True
ganm_1788,ცნობა,გონება,11,381,False
ganm_1789,უბნევია,დაუბნევია,11,381,False
ganm_1790,მეჭვ,მომაწერ,11,381,False
ganm_1791,წიგნმან,წერილმა,11,381,False
ganm_1792,გაგაგონოს,"გაგაგებინოს, გაგაგებინებს",11,381,False
ganm_1793,უქმნევია,"უქნევინებია, დაუვალებია",11,381,False
ganm_1794,წიგნი,წერილი.,12,382,False
ganm_1795,ნუ მოჰკვდები,ნუ კვდები,12,382,True
ganm_1796,მაგრა,მაგრამ,12,382,False
ganm_1797,ბნედა,გულისწასვლა,12,382,False
ganm_1798,ცუდი,"უსარგებლო, ამაო",12,382,False
ganm_1799,ყველაკასა,ყოველივეს,12,382,False
ganm_1800,ბედითი,"უსარგებლო, ტყუილ–უბრალო",12,383,False
ganm_1801,ბნედა,გულყრა,12,383,False
ganm_1802,უჩვენნე,უჩვენო,12,383,False
ganm_1803,სახარაჯონი,"ხარკდადებულები, ხარაჯის გადამხდელები",12,383,False
ganm_1804,დასათმო,მოსათმენი,12,383,False
ganm_1805,წინასცა,"წინათაც, აქამდისაც",12,384,False
ganm_1806,მაგრა,მაგრამ.,12,384,False
ganm_1807,საუბრად,სალაპარაკოდ,12,384,False
ganm_1808,კვლა,აქ: ჯერჯერობით.,12,384,False
ganm_1809,ჟამი,დრო,12,384,False
ganm_1810,მომხვდომია,"შემხვედრია, მომცემია",12,384,False
ganm_1811,ძოღან,ამას წინათ,12,384,False
ganm_1812,ხელ-ქმნილსა,"გახელებულს, შმაგს, რეტდასხმულს",12,384,False
ganm_1813,გიჭვრეტდი,გიყურებდი,12,384,False
ganm_1814,კუბოსა შიგან,ტახტრევანში,12,384,True
ganm_1815,ყველაი,ყველაფერი.,12,384,False
ganm_1816,მასმია,მსმენია,12,384,False
ganm_1833,უსტარი,"ბარათი, წერილი.",13,387,False
ganm_1834,შენმცა მზე ვით მოგერია?,შენ როგორ მოგერევა? როგორ მოგერიოს?,13,387,True
ganm_1835,შენი ფერი,"შენი მსგავსი, შენებრი",13,387,True
ganm_1836,სიზმრად მგონია,სიზმარი მგონია,13,387,True
ganm_1837,დარჩომა,გადარჩენა,13,387,False
ganm_1838,მივჰხვდები,"შევძლებ, მოვახერხებ",13,388,False
ganm_1839,ესე,ეს,13,388,False
ganm_1840,ჰკადრე,"მოახსენე, უთხარი",13,388,False
ganm_1841,აღმოჰხდები,ამოდიხარ,13,388,False
ganm_1842,ვბნდები,"გონებას ვკარგავ, გული მიმდის.",13,388,False
ganm_1843,რასაცაღა სამსახურსა,რაგინდარა სამსახურს,13,388,True
ganm_1844,ვტყუი,"მტყუანი ვარ. საერთო აზრია: მტყუანი ვიყო, თუ რაიმე სამსახურს ავერიდო!",13,388,False
ganm_1846,სჯობდეს,ემჯობინება,13,389,False
ganm_1847,ჩემგან მისსა საუბარსა ვერა სცნობდეს,"ვერ გაიგოს, რომ მე (ნესტანი) მას (ტარიელს) ვესაუბრები",13,389,True
ganm_1848,მოვიდოდეს,მოვიდეს ხოლმე,13,389,False
ganm_1849,ვითამცა,ვითომც,13,389,False
ganm_1850,და-ცა-მვედრა,"კიდევ მთხოვა, დამაბარა. ნაწილაკი „ცა” ჩართულია ზმნისწინსა და ზმნას შორის.",13,389,False
ganm_1851,ამირბარსა,ტარიელს,13,389,False
ganm_1852,ასრე,ასე,13,389,False
ganm_1853,მეკეთა,"მომეწონა, კარგი მეჩვენა.",13,390,False
ganm_1854,ესე,ეს.,13,390,False
ganm_1855,თათბირი,"გადაწყვეტილება, არჩევანი.",13,390,False
ganm_1856,რიდება,"რიდი, კრძალვა.",13,390,False
ganm_1857,ჰქონდის,ჰქონდა.,13,390,False
ganm_1858,მქისი,"არამეგობრული, მკაცრი, უღიმღამო, უსიამოვნო.",13,390,False
ganm_1859,უკუნსა,სიბნელეს.,13,390,False
ganm_1860,ჰგვანდის,ჰგავდა.,13,390,False
ganm_1861,დღისისა,დღისა.,13,390,False
ganm_1862,არა,არაფერი,13,391,False
ganm_1863,აწონილი დრამითა,დრამის წონისა,13,391,True
ganm_1864,ესე,ეს.,13,391,False
ganm_1865,კმა,კმარა,13,391,False
ganm_1866,სხვად,სხვა მხრივ,13,391,False
ganm_1867,ხელის შესაბამითა,"ჩემი ხელობის, ჩემი მდგომარეობის შესაფერი სიმდიდრით",13,391,True
ganm_1868,ლახვართა გულსა მრიდეს,"ლახვრები მომშორდა გულიდან, ტანჯვისგან განვთავისუფლდი",13,392,True
ganm_1869,დაშრტეს,ჩაქრნენ,13,392,False
ganm_1870,რომე,რომ,13,392,False
ganm_1871,მწვიდეს,მწვავდნენ,13,392,False
ganm_1872,სწორნი,თანატოლები,13,392,False
ganm_1873,სმიდეს,სვამდნენ,13,392,False
ganm_1874,ზამი,"ზეიმი, მხიარულება",13,392,False
ganm_1875,წიგნი,წერილი.,14,393,False
ganm_1876,არისმცა,იყოს.,14,393,False
ganm_1877,ურჩ ექმნას,"ეურჩება, არ დაექვემდებარება",14,393,True
ganm_1878,პატრონნო,ბატონებო,14,394,False
ganm_1879,ესე,ეს,14,394,False
ganm_1880,რა ჰნახოთ,რომ ნახავთ,14,394,True
ganm_1881,აქამცა მოიარებით,"აქეთ წამოდით, აქეთ იარეთ!",14,394,True
ganm_1882,ზედა,ზედ,14,394,False
ganm_1883,გვნახნეთ,გვნახოთ,14,394,False
ganm_1884,დარბაზს,"კარზე, მეფის სასახლეში",14,395,False
ganm_1885,ვიშვებდი,"ვმხიარულობდი, ვნეტარებდი, ლაღად და შვებით ვიყავი",14,395,False
ganm_1886,დამევსო,ჩამიქრა,14,395,False
ganm_1887,წვად მოუთმინები,"მოუთმენლად, აუტანლად მწველი",14,395,True
ganm_1888,სოფელმან,"წუთისოფელმა, ამ ცხოვრებამ",14,395,False
ganm_1889,მიუხვის,უხვად მაძლევდა.,14,395,False
ganm_1890,ვინები,"ვინებებდი, ვინდომებდი ხოლმე",14,395,False
ganm_1891,აწ,ახლა,14,395,False
ganm_1892,ხელ-მქმნა,"გამახელა, გამაშმაგა",14,395,False
ganm_1893,რომე,"აქ: ისე, რომ",14,395,False
ganm_1894,საახლოდ,"ახლოს სამყოფად, სამეზობლოდ",14,395,False
ganm_1895,მოვეწყინები,"ვეზარები, ვემძიმები",14,395,False
ganm_1896,პირველ,"ჯერ, პირველად",14,396,False
ganm_1897,გაჭრისა პირება,"ველად გავარდნის, გაჭრის სურვილი",14,396,True
ganm_1898,მერმე,მერე,14,396,False
ganm_1899,ცნობანი,გონება.,14,396,False
ganm_1901,ჩემთა სწორთაგან იყვნიან ჩემს წინა ნადიმობანი,ჩემი თანატოლები ნადიმობდნენ ჩემს სახლში,14,396,True
ganm_1902,მაგრა,მაგრამ,14,396,False
ganm_1903,დამშლიდეს ლხინთაგან,"სალხენად არ მიშვებდნენ, ჩემს გულისყურს ნადიმს აცილებდნენ",14,396,True
ganm_1904,სურვილთა დიადობანი,"სურვილთა სიმრავლე, სიძლიერე, სიდიდე",14,396,True
ganm_1905,შემცვიან,მომიცავდნენ ხოლმე,14,396,False
ganm_1906,ვთქვნი,ვიტყოდი ხოლმე,14,396,False
ganm_1907,საწოლს,საწოლ ოთახში.,15,397,False
ganm_1908,სრით,სასახლიდან.,15,397,False
ganm_1909,ვჯე,ვიჯექი.,15,397,False
ganm_1910,რული,"ძილი, თვლემა.",15,397,False
ganm_1911,წიგნი,წერილი.,15,397,False
ganm_1912,ამად,ამიტომ.,15,397,False
ganm_1913,კარის მცველმან მონა იხმო,"გარეთ, კარებში მდგომმა მცველმა გაიხმო მონა, რომელიც ტარიელს შიგნით, ოთახში ემსახურებოდა.",15,397,True
ganm_1914,საწოლს,საწოლ ოთახში.,15,398,False
ganm_1915,გიბრძანებსო,აქ: გიბარებსო.,15,398,False
ganm_1916,ამიფოლხვა,"მომიშვა, მომიხალვათა.",15,398,False
ganm_1917,მანა,"პალო ან ლურსმანი, ჯაჭვის გამოსაბმელი.",15,398,False
ganm_1918,წავიტანე,"წავიყვანე, წავიყოლე.",15,398,False
ganm_1919,რამცა ვუთხარ ამისთანა,"ამისთანას, ამ დანაბარების შესაფერს რას ვეტყოდი, რას ვუპასუხებდი?",15,398,True
ganm_1920,შევვლე,გავიარე.,15,399,False
ganm_1922,არა,აქ: არავინ.,15,399,False
ganm_1921,მოუბნარი,"მოსაუბრე, გამომლაპარაკებელი.",15,399,False
ganm_1923,ვაშად,"კარგად, იღბლიანად, ყოჩაღად.",15,399,False
ganm_1924,ნარი,ეკალი.,15,399,False
ganm_1925,უფრჭვნელი,გაუშლელი.,15,399,False
ganm_1926,კუბო,ტახტრევანი.,15,400,False
ganm_1927,ბალახში,რჩეული ლალი.,15,400,False
ganm_1928,შიგან,შიგ.,15,400,False
ganm_1929,ჯდა,იჯდა.,15,400,False
ganm_1931,პირითა მზისაებრ ელვა-მკრთალითა,"სხივ-ცისკროვანი, შუქთა მკრთომელი პირისახით.",15,400,True
ganm_1932,მის მელნის ტბისა თვალითა,იმ მელნის ტბისებრი თვალით.,15,400,True
ganm_1933,ვდეგ,ვიდექი.,15,401,False
ganm_1934,მისსა მონასურსა,"მის მონატრულს, მისი სურვილისაგან შეპყრობილს.",15,401,True
ganm_1935,ოდენ,მხოლოდ.,15,401,False
ganm_1936,ვითამცა რა შინაურსა,როგორც შინაურს.,15,401,True
ganm_1937,მოიუბნეს,"ილაპარაკეს, იჩურჩულეს.",15,401,False
ganm_1938,აწ,ახლა.,15,401,False
ganm_1939,ვერას გითხრობს,ვერაფერს გეტყვის.,15,401,True
ganm_1940,მიმცა ალმან მურსა.,აზრია: ტანჯვის ცეცხლი მომედო.,15,401,True
ganm_1941,საწუთროო,"წუთისოფელო, ცხოვრებავ.",15,402,False
ganm_1942,დარმანთა,"დარმანი - წამალი, სამკურნალო საშუალება.",15,402,False
ganm_1943,მიარე,"არედ გამიხადე, მიმაახლოვე.",15,402,False
ganm_1945,გამიზიარე,"გამიყავ, გამინახევრე. ბ და გ ტაეპების აზრია: საწუთროვ, წეღან რომ ხსნის იმედი მომეცი ნესტანის წერილის მიღებით, ახლა კვლავ მწუხარებაში რად ჩამაგდე?",15,402,False
ganm_1946,დამიტია-რე,დამიტია.  ჩემმა გულმა (ტკივილი) დაიტია. გულმა კვლავ გაყრის სიმძიმილი იგრძნო.,15,402,False
ganm_1947,მიქადებდა,"მპირდებოდა, აღმითქვამდა.",15,403,False
ganm_1948,ჩავიარეთ შიგან,"გავიარეთ, გადავჭერით.",15,403,True
ganm_1949,წასლვისათვის,წასვლის გამო.,15,403,False
ganm_1952,ერდო,სახლის (ან ციხის) სართულთა შემაერთებელი ხვრელია; სახლში ერდოდან ასვლა-ჩამოსვლა (მაგ. ალყის დროს) გასაჭირის მაჩვენებელია.,15,403,False
ganm_1950,დახაშ,დახურე.,15,403,False
ganm_1951,აღი,"აღე, გააღე!",15,403,False
ganm_1953,მერმე,"აგრეთვე, გარდა ამისა.",15,403,False
ganm_1954,თავსა ჰკრძალავს,"თავს უფრთხილდება, ღირსებას ინახავს.",15,403,True
ganm_1955,ლაღი,"ამაყი, ამპარტავანი, ნებიერი.",15,403,False
ganm_1956,შენგან ვეჭვ,შენგან მოველი.,15,404,True
ganm_1958,ზენაარ,გაფიცებ!,15,404,False
ganm_1959,სულთა ნუ გამყრი,ნუ მომკლავ!,15,404,True
ganm_1960,შრეტდი,აქრე ხოლმე!,15,404,False
ganm_1961,წიგნსა,წერილს.,15,404,False
ganm_1962,გასწყვედ,გაწყვეტ.,15,404,False
ganm_1963,ზედა-ზედა,ზედიზედ.,15,404,False
ganm_1964,თუ რას სცნობ,"თუ რამეს გაიგებ, შეიტყობ.",15,404,True
ganm_1965,ჩემთვის,ჩემ შესახებ. იგულისხმება: ჩემი საქმის შესახებ.,15,404,False
ganm_1966,"არა ვეჭვ მე შენგან, არ, დანამალსა","არა მგონია, რომ დამიმალო.",15,404,True
ganm_1967,საწოლს,საძინებელ ოთახში.,15,405,False
ganm_1968,ხელ-ქმნილსა,"გახელებულს, თავზე კონტროლდაკარგულს.",15,405,False
ganm_1969,ბროლი და ლალი,თეთრი კანის და წითელი ბაგის (ან: პირისახის) აღმნიშვნელი მეტაფორებია.,15,405,True
ganm_1970,მეწადა,მინდოდა.,15,405,False
ganm_1971,მოვიდეს,მოვიდნენ.,16,406,False
ganm_1972,მათგან მოსლვისა,მათი მოსვლის.,16,406,True
ganm_1973,ლაღნი,"ამპარტავანნი, თამამნი.",16,406,False
ganm_1974,უკადრონი,ამაყნი.,16,406,False
ganm_1975,ჯაბანნი,"მხდალნი, მშიშრები, სუსტები.",16,406,False
ganm_1976,ჩვენ ზედა რა პატრონია,რა ჩვენი ბატონია!,16,406,True
ganm_1977,რაგვარა,როგორ.,16,407,False
ganm_1978,ერსა,"1. ჯარი, ლაშქარი, 2. ხალხი, ერი.",16,407,False
ganm_1979,კვლაღა,კიდევ.,16,407,False
ganm_1980,შენმიერსა,"შენეულს, შენს მოწერილს.",16,407,False
ganm_1981,წვევა,"დაძახება. შეყრა, მობილიზაცია.",16,408,False
ganm_1982,მარზაპანი,"მაზრის მმართველი. აქ: მეფის ნაცვალი, რწმუნებული.",16,408,False
ganm_1983,იგი ვარსკვლავთა ურიცხვნი,ვარსკვლავებზე უმრავლესნი.,16,408,True
ganm_1984,მოკრბეს,"მოიკრიბნენ, თავი მოიყარეს.",16,408,False
ganm_1985,სპანი,"ჯარისკაცები, ლაშქარი.",16,408,False
ganm_1986,შორით და ახლოთ,შორიდან და ახლოდან. შორეული და ახლობელი.,16,408,True
ganm_1987,მონასხპანი,"სასწრაფოდ გამოშურებულნი, ცხენთა ნავარდით წამოსულნი.",16,408,False
ganm_1988,ერთობ,"მთლად, ერთიანად.",16,408,False
ganm_1989,კაპანი,ვიწრო და კლდოვანი გზა.,16,408,False
ganm_1990,ფიცხლა,სწრაფად.,16,409,False
ganm_1991,მოვიდეს,მოვიდნენ.,16,409,False
ganm_1992,ექმნა,ექმნათ.,16,409,False
ganm_1993,ხან-დაზმულობა,"დროის დაყოფა, შეყოვნება.",16,409,False
ganm_1994,აღლუმი,"პარადი, ჯარის დათვალიერება.",16,409,False
ganm_1995,მეკეთა,"მომეწონა, კარგი მეჩვენა.",16,409,False
ganm_1996,მოკაზმულობა,აღჭურვილობა.,16,409,False
ganm_1997,სიჩაუქე,"სიმარდე, სისწრაფე, სიკისკასე.",16,409,False
ganm_1998,სიკეთე,"სიკარგე, სიყოჩაღე.",16,409,False
ganm_1999,კეკლუცად,ლამაზად. აქ: მწყობრად.,16,409,False
ganm_2000,ტაიჭთა,ცხენთა.,16,409,False
ganm_2001,სიმალე,"სისწრაფე, სიფიცხე.",16,409,False
ganm_2002,ხვარაზმულობა,ხვარაზმული ნაკეთობა.,16,409,False
ganm_2003,ალმითა,"ალამი - დროშის ის ნაწილი, რომელიც ფრიალებს. იგულისხმება, როგორც ჩანს, თვით დროშა, ნაჭერი და არა ტარი (?).",16,410,False
ganm_2004,დილისა,"აქ: დილისთვის, სახვალიოდ.",16,410,False
ganm_2005,გამართვა,"გასვლა, აყრა.",16,410,False
ganm_2006,"თავსა ვსტიროდი, ვიტყოდი ბედითა მეტად ავითა","ვამბობდი, რომ ავი ბედი მაქვს.",16,410,True
ganm_2007,მზე,იგულისხმება ნესტანი.,16,410,False
ganm_2008,ვითა და ვითა,როგორ?,16,410,True
ganm_2009,დაღრეჯილსა,დაღონებულს.,16,411,False
ganm_2010,მიიფებდა,"გამიუხვდა, გამიმრავლდა.",16,411,False
ganm_2011,თვალთათ,თვალებიდან.,16,411,False
ganm_2012,ვითა,როგორც.,16,411,False
ganm_2013,საგუბარით,საგუბარიდან.,16,411,False
ganm_2014,ჯერთცა,"ჯერაც, ჯერ კიდევ. ტაეპის აზრია: ვაი, რომ ჩემმა ავმა ბედმა აქამდის თავისი ვერ გაიტანა, ვაი, რომ ცოცხალი ვარ.",16,411,False
ganm_2015,ხელმან,"გახელებულმა, უგონომ.",16,411,False
ganm_2016,იხელთა,"მოიხელთა, ხელში ჩაიგდო.",16,411,False
ganm_2017,ასრე,"აქ: მაინც. საერთო აზრია: როგორც უგონოსთვის უსარგებლოა ვარდის პოვნა, რომელსაც მაინც ვერ მოკრეფს, ისე ჩემთვის ნესტანის სიახლოვე, რომლის გახანგრძლივებაც ვერ შევძელი.",16,411,False
ganm_2018,მივეცი საქმესა გაკვირვებულსა,"გამიკვირდა, გაკვირვებას მივეცი.",17,412,True
ganm_2019,წიგნი,წერილი.,17,412,False
ganm_2020,შეჭირვებულსა,შეწუხებულს.,17,412,False
ganm_2021,მისთვის მოსურვებულსა,"მის მონატრულს, მისი სურვილისგან შეპყრობილს.",17,412,True
ganm_2022,საქმესა ბედით-ვებულსა,"ბედითად, უსარგებლოდ ვაებას.",17,412,True
ganm_2023,ვითა,როგორც.,17,413,False
ganm_2024,მმართებდა,"შემეფერებოდა, მეკუთვნოდა.",17,413,False
ganm_2025,ეგზომი რამცა ვით გავიხარე,ამდენს როგორ გავიხარებდი?!,17,413,True
ganm_2026,სად,სადაც.,17,413,False
ganm_2027,პირველ,"პირველად, ამას წინათ.",17,413,False
ganm_2028,მუნვე,იქვე.,17,413,False
ganm_2029,ჩნდა,ჩანდა.,17,413,False
ganm_2030,წამოვლე,"წამოდი, გამოიარე.",17,413,False
ganm_2031,შემავლო სახლი,შემიყვანა სახლში.,17,414,True
ganm_2032,კეკლუცად,ლამაზად.,17,414,False
ganm_2033,ბანის-ბანი,ტერასებად განლაგებული ბანები.,17,414,False
ganm_2034,შუქ-მონავანი,"შუქშემომდგარი, გავსებული.",17,414,False
ganm_2036,ფარდაგსა შიგან,"ფარდებს შიგნით, ფარდას იქით.",17,414,True
ganm_2037,საკრძალავი,"ღირსეული, ხელშეუხებელი, კრძალვისა და რიდის აღმძვრელი.",17,414,False
ganm_2038,ღარიბი,"გამორჩეული, სხვა ადამიანთაგან განსხვავებული, სწორუპოვარი.",17,414,False
ganm_2039,უცხო,"საუცხოო, არნახული.",17,414,False
ganm_2040,შრეტა,ქრობა.,17,415,False
ganm_2042,ზედა,"ზედ. ლხინი ადგა სვეტად. ქრისტიანულ ლიტერატურაში ხშირად იხსენიება „ნათლის სვეტი”. რუსთველის მიერ ნახმარი პოეტური სახე მიგვანიშნებს, რომ ტარიელის გულში სიხარული („ლხინი”) ნათლის სვეტივით ჩადგა.",17,415,False
ganm_2043,შემოეგდო,ქვეშ ამოედო.,17,415,False
ganm_2044,იფარვიდა,იფარავდა.,17,415,False
ganm_2045,აიხედნის,აიხედავდა ხოლმე.,17,415,False
ganm_2046,წამის,"წამს, წამით.",17,415,False
ganm_2047,ჭვრეტად,"სანახავად, საცქერად. ტაეპის აზრია: თავდახრილი ნესტანი ხანდახან წამოიხედავდა ხოლმე, რომ ტარიელისთვის შეეხედა",17,415,False
ganm_2048,უბრძანა,უთხრა (ნესტანმა ასმათს).,17,416,False
ganm_2049,ამირბარსა,(ლაპარაკია ტარიელზე),17,416,False
ganm_2050,დამართებით,პირდაპირ.,17,416,False
ganm_2052,სულნი რადღა მიდგან,"სული როგორღა მიდგას, ცოცხალი როგორღა ვარ?",17,416,True
ganm_2053,ვიტყვი,ვამბობ.,17,416,False
ganm_2054,ძოღან,ამას წინათ.,17,417,False
ganm_2055,უუბარისა,"გამოულაპარაკებლის, ხმაგაუცემლის.",17,417,False
ganm_2056,ვითა,როგორც.,17,417,False
ganm_2057,გაგსჯიდა,"შეგაწუხებდა, გაგტანჯავდა.",17,417,False
ganm_2058,ნარგისთათ,ნარგიზებიდან (იგულისხმება თვალები და ქუთუთოები),17,417,False
ganm_2059,მაგრა,მაგრამ.,17,417,False
ganm_2060,ხამს,"ჯერ-არს, საჭიროა.",17,417,False
ganm_2061,ამირბარი,ლაპარაკია ტარიელზე.,17,417,False
ganm_2062,თუცა,თუმცა.,17,418,False
ganm_2063,ჰმართებს,"ეკუთვნის, მოეთხოვება, შეეფერება.",17,418,False
ganm_2064,მამაცისა,მამაკაცის.,17,418,False
ganm_2065,კრძალვა,"რიდი, მოკრძალება, თავის მოზღუდვა.",17,418,False
ganm_2066,მაგრა,მაგრამ.,17,418,False
ganm_2067,მეტად,"აქ: მეტისმეტად, გადაჭარბებით.",17,418,False
ganm_2068,უარეა,უარესია.,17,418,False
ganm_2069,ზე-პირ,"ღიად, დასანახავად, პირისახეზე გამოსაჩენად.",17,418,False
ganm_2070,ქვე-ქვე,მალულად.,17,418,False
ganm_2071,ვა,"„ვაჰ”, მწუხარების გამომხატველი შორისდებული.",17,418,False
ganm_2072,ძოღან,ამას წინათ.,17,418,False
ganm_2073,შემოთვალვა,შემოთვლა.,17,418,False
ganm_2074,მას აქათ,მას აქეთ.,17,419,True
ganm_2075,აწცა,ახლაც.,17,419,False
ganm_2076,მიცოდი,მიგულე.,17,419,False
ganm_2078,პირი,"გადაწყვეტილება, აზრი; პირობა.",17,419,False
ganm_2080,ამას შესჯერდი,ეს დაიჯერე!,17,419,True
ganm_2081,ზენაარი,"ფიცი (სპარს.). ზენაარით და ფიცითა. რუსთველი აქ მიჰმართავს მისთვის ჩვეულ ხერხს: პარალელურად ხმარობს ორ სინონიმურ სიტყვას: ერთს ქართულს, მეორეს უცხო წარმოშობისას.",17,419,False
ganm_2082,ვზი,ვზივარ.,17,419,False
ganm_2084,წა,წადი.,17,420,False
ganm_2085,შეები,შეებრძოლე.,17,420,False
ganm_2086,ინაპირე,მოსაზღვრე ქვეყნები (ამ შემთხვევაში ხატაეთი) მოარბიე!,17,420,False
ganm_2087,მორჭმული,"გამარჯვებული, ლაღი.",17,420,False
ganm_2089,მაგრა,მაგრამ.,17,420,False
ganm_2090,კვლაცა,"კიდევ, კვლავ.",17,420,False
ganm_2091,ვირე,ვიდრე.,17,420,False
ganm_2092,გაუყრელად,"სამუდამოდ, განუშორებლად.",17,420,False
ganm_2093,მეწყალვის,"მებრალება, მეცოდება.",17,421,False
ganm_2094,დამარჩინე,"მაცოცხლე, მიხსენი.",17,421,False
ganm_2095,მიჩნდე,"მიგიჩნევ, მეყოლები.",17,421,False
ganm_2096,აწ,ახლა.,17,421,False
ganm_2097,შევება,შევებმები (მყოფადი).,17,421,False
ganm_2098,მუნ,იქ.,17,421,False
ganm_2099,გამოვჩნდე,გამოვჩნდები.,17,421,False
ganm_2100,ქველად,"გმირად, მამაცად, ძლიერ მეომრად.",17,421,False
ganm_2101,აწ,ახლა.,17,422,False
ganm_2102,ხორციელი,ადამიანი.,17,422,False
ganm_2103,ღირს-ა,ღირსია.,17,422,False
ganm_2105,იჩქითი,"უეცარი, მოულოდნელი.",17,422,False
ganm_2106,ამად,ამიტომ.,17,422,False
ganm_2108,მჭვირსა,"გამჭვირვალეს, მოკაშკაშეს.",17,422,False
ganm_2109,ვიყო,ვიქნები.,17,422,False
ganm_2111,სადამდისცა,"სანამ, ვიდრემდე.",17,422,False
ganm_2110,დამიყოფდეს მიწა პირსა,დამიყოფდეს ... პირსა - 1. პირს მომიკუმავდეს. 2. დამაჩუმებდეს.,17,422,True
ganm_2112,წიგნსა საფიცარსა,"იგულისხმება მუსაფი, ყურანი.",17,423,True
ganm_2113,უშენოსა,"სხვისი შენ გარდა, არა შენი.",17,423,False
ganm_2114,მიც,"მიდევს, მაქვს.",17,423,False
ganm_6148,ღმერთი მომკლავს,იგულისხმება: ღმერთმა მომკლას.,17,423,True
ganm_2116,ამას ვსწვრთიცა,"ამასვე ვაგონებ, ვუმეორებ, ვასწავლი.",17,423,True
ganm_2117,მას წინაშე,"მასთან, მის წინაშე. თანდებული „წინაშე” ჩვეულებრივ იხმარება მეფის ან დიდი ფეოდალის სამსახურში, მის მორჩილებაში ყოფნის აღსანიშნავადაც. ამ ტაეპში, ამგვარად, მინიშნებულია, რომ ტარიელი ნესტანთან იმყოფება არა როგორც ტოლი ტოლთან, არამედ როგორც ქვეშევრდომი მბრძანებელთან.",17,424,True
ganm_2118,ვთქვენით,ვთქვით.,17,424,False
ganm_2119,ამო,"საამო, სასიამოვნო.",17,424,False
ganm_2120,ვეუბენით,"ვესაუბრეთ, ველაპარაკეთ.",17,424,False
ganm_2121,წამოსავლად,წამოსასვლელად.,17,424,False
ganm_2122,მადგეს,მადგნენ.,17,424,False
ganm_2123,ბროლ-ბალახშ-მინისა,"ეს კომპოზიტი ზედსართავი სახელია. იგი აღნიშნავს ბროლ-პირისახა, ლალისტუჩება და მინანქრისებრკანიან ქალს ნესტანს (ბალახში რჩეული ლალი, მინა მინანქარი, რომელსაც სახის კანი სინაზითა და სიგლუვით ჰგავს).",17,425,False
ganm_2124,სოფელი,"წუთისოფელი, სიცოცხლე, ცხოვრება.",17,425,False
ganm_2125,ჩნდა,ჩანდა.,17,425,False
ganm_2126,ეთერით,"ეთერიდან. ძველთა წარმოდგენით, ესაა გამჭვირვალე ნივთიერება, რომელიც მსოფლიო სივრცეს ავსებს. ტაეპის აზრია: ეთერიდან მზესავით გამოჩენილი ნესტანის შუქი მაშინ ჩემი მეგონა.",17,425,False
ganm_2127,აწ,ახლა.,17,425,False
ganm_2128,მიც,მაქვს.,17,425,False
ganm_2131,სპა,ჯარი.,18,426,False
ganm_2132,გითხრობ,"გეტყვი. ტაეპის აზრია: ვერ გეტყვი, მთელი ჯარი ცხენზე შესაჯდომად, ე.ი. გასასვლელად მზად არ იყო-მეთქი.",18,426,False
ganm_2133,მიზრახავს,"მისაყვედურებს, დამწამებს.",18,426,False
ganm_2135,ვლიდეს,"ვლიდნენ, მიდიოდნენ.",18,426,False
ganm_2135,ვლიდეს,"ვლიდნენ, მიდიოდნენ.",18,426,False
ganm_2136,გზობასა,აქ: კარგ გზაზე.,18,426,False
ganm_2137,დავაგდე,"დავტოვე, გავცდი.",18,427,False
ganm_2138,ზღვარი,საზღვარი.,18,427,False
ganm_2139,პაშტა,"საკმაო, კარგა ბევრი.",18,427,False
ganm_2142,ხანი,"მბრძანებელი, მმართველი",18,427,False
ganm_2140,მემთხვია,"შემხვდა,მომეგება.",18,427,False
ganm_2141,ვინ,ვინც.,18,427,False
ganm_2142,ხანი,"მბრძანებელი, მმართველი",18,427,False
ganm_2142,ხანი,"მბრძანებელი, მმართველი",18,427,False
ganm_2142,ხანი,"მბრძანებელი, მმართველი",18,427,False
ganm_2143,შემომძღვნეს,ძღვნად მომართვეს.,18,428,False
ganm_2144,საჭურჭლე,სიმდიდრე.,18,428,False
ganm_2145,საშინელი,"აქ: ძალიან დიდი, უხვი.",18,428,False
ganm_2146,გითხრობს,"გითვლის, გეუბნება.",18,428,False
ganm_2147,გკადრებს,"გეუბნება, მოგახსენებს.",18,428,False
ganm_2148,ზენაარი,ფიცი.,18,428,False
ganm_2149,გამოგვიღე,ჩამოგვართვი.,18,428,False
ganm_2151,მით,"ამიტომ, ამგვარად.",18,428,False
ganm_2152,გვაბია ყელსა წნელი,"შენი ერთგულნი ვართ, ჩვენი სიცოცხლე შენს ხელშია.",18,428,True
ganm_2153,მოურბევლად,"ჩვენი ქვეყნის დაურბევლად, დაულაშქრავად.",18,428,False
ganm_2155,მოგახსენნეთ,"ჩაგაბარებთ, მოგართმევთ.",18,428,False
ganm_2156,შეგცოდეთ,"დავაშავეთ, თქვენს წინაშე ბრალი დავიდეთ.",18,429,False
ganm_2157,შეგვინდევ,გვაპატიე!,18,429,False
ganm_2158,სპანი,"ჯარი, ლაშქარი.",18,429,False
ganm_2159,აწყდეს,"განადგურდეს, აოხრდეს.",18,429,False
ganm_2160,დაგვტყდენ,დაგვატყდნენ.,18,429,False
ganm_2161,ყმანი,"მეომრები, რაინდები.",18,429,False
ganm_2162,დავისხენ,"დავისვი, დავისხი.",18,430,False
ganm_2163,ვაზირნი,აქ: მრჩევლები (და არა მინისტრები).,18,430,False
ganm_2164,ვიუბენთ,ვილაპარაკეთ.,18,430,False
ganm_2165,გავიზრახენით,"ვისაუბრეთ, ვითათბირეთ.",18,430,False
ganm_2168,მით,ამიტომ.,18,430,False
ganm_2166,ყმაწვილი,ახალგაზრდა.,18,430,False
ganm_2167,ბერნი,მოხუცნი.,18,430,False
ganm_2168,მით,ამიტომ.,18,430,False
ganm_2169,გკადრებთ,"გეუბნებით, მოგახსენებთ.",18,430,False
ganm_2170,კვლაცა,"სხვა დროსაც, წინათაც.",18,430,False
ganm_2171,ვნახენით,ვნახეთ.,18,430,False
ganm_2172,არამცა მოგკლეს ღალატად,არ მოგკლან ღალატით!,18,430,True
ganm_2173,არამცა ვივაგლახენით,არ გავუბედურდეთ!,18,430,True
ganm_2174,მამაცითა,"ვაჟკაცით. იგულისხმება: კარგი მეომრებითურთ წადი, მთელს ჯარს ნუ წაიყვან.",18,431,False
ganm_2175,გეკიდნენ,"გყავდნენ, გახლდნენ.",18,431,False
ganm_2179,კვლა და კვლაცითა,ახლითა და ახლით.,18,431,True
ganm_2180,მეკეთა,მომეწონა. კარგი მეჩვენა.,18,432,False
ganm_2181,ესე,ეს.,18,432,False
ganm_2182,თათბირი,"რჩევა, გეგმა.",18,432,False
ganm_2183,ნავაზირები,"ნარჩევი, შემოთავაზებული.",18,432,False
ganm_2184,ვცან,"გავიგე, შევიტყვე.",18,432,False
ganm_2185,დაგვიდგამს,გაგვიძლებს.,18,432,False
ganm_2187,დავყრი,დავტოვებ.,18,432,False
ganm_2188,ცოტათა,"ცოტა, მცირე ჯარით.",18,432,False
ganm_2190,ვირები,"ვივლი, წამოვალ.",18,432,False
ganm_2191,მათ ლაშქართაგან,იმ ლაშქრიდან.,18,433,True
ganm_2192,მოყმენი,"მეომრები, რაინდები.",18,433,False
ganm_2200,ველანი,ველები. საერთო აზრია: ჩემ კვალზე იარეთ.,18,433,False
ganm_2194,წამომყვეს,წამომყვნენ.,18,433,False
ganm_2195,წა-ცა-ვე,წავედი (ნაწილაკი „ცა” ჩართულია ზმნასა და ზმნისწინს შორის).,18,433,False
ganm_2196,დავყარენ,დავტოვე.,18,433,False
ganm_2197,სპანი,ლაშქარი.,18,433,False
ganm_2200,ველანი,ველები. საერთო აზრია: ჩემ კვალზე იარეთ.,18,433,False
ganm_2198,დავჰვედრე,დავუბარე; ვუბრძანე.,18,433,False
ganm_2199,ვლენით,გაიარეთ.,18,433,False
ganm_2200,ველანი,ველები. საერთო აზრია: ჩემ კვალზე იარეთ.,18,433,False
ganm_2201,მომდევდით,მომყევით!,18,433,False
ganm_2200,ველანი,ველები. საერთო აზრია: ჩემ კვალზე იარეთ.,18,433,False
ganm_2203,მემთხვია,მომეგება.,18,434,False
ganm_2204,მისვე ხანისა,იმავე ხანისა.,18,434,True
ganm_2205,კვლა,კიდევ.,18,434,False
ganm_2212,კვლა,კიდევ.,18,434,False
ganm_2206,უცხო,"საუცხოო, განსაკუთრებული, საკვირველი.",18,434,False
ganm_2207,მწადსო,მინდაო.,18,434,False
ganm_2208,სიახლე,ახლოს ყოლა.,18,434,False
ganm_2209,ჯანისა,"ჯანიანის, ძლიერის. საერთო აზრია: მინდა შენ, ტარიელი, ახლოს მყავდეო.",18,434,False
ganm_2210,რა შეგეყარო,რომ შეგხვდები.,18,434,True
ganm_2211,სცნა,გაიგებ.,18,434,False
ganm_2205,კვლა,კიდევ.,18,434,False
ganm_2212,კვლა,კიდევ.,18,434,False
ganm_2213,ძღვნობა,"ჩუქება, მოძღვნა.",18,434,False
ganm_2214,კვლაცა,კიდევ.,18,435,False
ganm_2215,აზომ ჩემი მონახსენი,ჩემი ამდენი შემონათვალი.,18,435,True
ganm_2216,მოგეგებვი,"მოგეგებები, შეგხვდები.",18,435,False
ganm_2217,"დია, ღმერთო",დიახ.,18,435,True
ganm_2218,ვქმნა,ვიზამ. აქ: შევასრულებ.,18,435,False
ganm_2219,მუნით,იქიდან.,18,436,False
ganm_2220,წასრული,წასული.,18,436,False
ganm_2221,ჩამოვხე,"ჩამოვხდი, ჩამოვქვეითდი, დავბანაკდი.",18,436,False
ganm_2222,ტევრი,ხშირი ტყე.,18,436,False
ganm_2223,კვლა,"ისევ, კიდევ.",18,436,False
ganm_2224,მოვიდეს,მოვიდნენ.,18,436,False
ganm_2225,სალამად არ დამრიდესა,"მომესალმნენ, არ აარიდეს თავი (ან: არ მოერიდნენ) ჩემთვის სალმის მოცემას.",18,436,True
ganm_2226,ტურფა,ლამაზი.,18,436,False
ganm_2227,ტაიჭთა,ცხენებს.,18,436,False
ganm_2228,მოზიდვიდეს,"მოჰყავდათ აღვირით, სადავეს ეწეოდნენ.",18,436,False
ganm_2230,მართლად,სამართლიანად.,18,436,False
ganm_2231,ინატრიდეს,"ნატრობდნენ. საერთო აზრია: რამაზი მართალი იყო, რომ შენს ნახვას ნატრობდა; მართლაც, კარგი სანახავი ყოფილხარ!",18,436,False
ganm_2232,შენ კერძ,შენკენ.,18,437,True
ganm_2233,სახლით ჩემით,ჩემი სახლიდან.,18,437,True
ganm_2234,დავაყენენ,"დავაბინავე, ბინად დავაყენე.",18,437,False
ganm_2235,ხარგა,მდიდრული კარავი.,18,437,False
ganm_2236,მაზრები,"უბრალო, საბანაკო კარვები. საერთო აზრია: მოციქულებს კარგი ბინა გავუმზადე.",18,437,False
ganm_2237,ამოდ,"საამოდ, ტკბილად.",18,437,False
ganm_2238,ვუალერსე,"აქ: კარგად მივიღე, პატივი ვეცი.",18,437,False
ganm_2239,ერთგან,ერთად.,18,437,False
ganm_2240,დაწვეს,დაწვნენ.,18,437,False
ganm_2241,აზომ,ასე.,18,438,False
ganm_2242,თურე,თურმე.,18,438,False
ganm_2243,წახდების,აქ: დაიკარგება.,18,438,False
ganm_2244,უკ-მო-რე-სწყდა,გამოეყო (მოციქულებს). ნაწილაკი -რე ჩასმულია ზმნასა და ზმნისწინს შორის.,18,438,False
ganm_2245,მოდგა,"მოვიდა, მომიახლოვდა.",18,438,False
ganm_2246,მაც,"მადევს, მაკისრია.",18,438,False
ganm_2247,ცოტაი,პატარა. აქ: ბავშვი.,18,439,False
ganm_2248,მესმა,"გავიგე, ყური მოვკარი.",18,439,False
ganm_2249,საცნობელად,შესატყობინებლად.,18,439,False
ganm_2250,მკვდარი მიმძიმ სანახავად,"მემძიმება, მკვდარს გხედავდე.",18,439,True
ganm_2251,მჭევრი,"წერწეტი, ახოვანი.",18,439,False
ganm_2252,ყველასავე,ყოველივეს.,18,439,False
ganm_2253,დამიწყნარდი,"მშვიდად, წყნარად მომისმინე!",18,439,False
ganm_2254,ცუდად,ტყუილად.,18,440,False
ganm_2255,მოღორდე,მოტყუვდე.,18,440,False
ganm_2256,ისი,ის.,18,440,False
ganm_2258,ერთგან,ერთად.,18,440,False
ganm_2257,სპანი,"ჯარი, ჯარისკაცები.",18,440,False
ganm_2259,კვლა,კიდევ.,18,440,False
ganm_2260,გითქს,"გიდგას, ჩასაფრებული გელის.",18,440,False
ganm_2261,ბევრი,ათიათასი.,18,440,False
ganm_2262,ასრე,ასე.,18,440,False
ganm_2263,ფიცხლად,"სწრაფად, აჩქარებით.",18,440,False
ganm_2264,მით,იმიტომ.,18,440,False
ganm_2265,აწვე თავსა არ ეწევი,"(თუ) ახლავე თავს არ უშველი, რამეს არ იღონებ.",18,440,True
ganm_2266,ფათერაკსა,"უბედურებას, ავ ბედს.",18,440,False
ganm_2267,ცოტათა,მცირე ჯარით.,18,441,False
ganm_2268,გეგებვის,"მოგეგებება. ვის მჭვრეტნი ვერ გელევიან. აზრია: შენ, ვისაც შემხედველნი თვალს ვერ გწყვეტენ.",18,441,False
ganm_2269,ჩაიცმენ,"იცვამენ. აზრია: აბჯარს მალულად, ტანსაცმლის ქვეშ იცვამენ.",18,441,False
ganm_2270,"მიენდო, მით გეთნევიან","იმისათვის გეპირფერებიან, რომ მიენდო.",18,441,True
ganm_2271,შეიქმან,"შექმნიან. კვამლის შექმნა, ცეცხლის დანთება ჯარისათვის ნიშნის მიცემის საშუალებაა.",18,441,False
ganm_2272,ყოველგნით,ყველა მხრიდან.,18,441,False
ganm_2273,რა ერთსა გცემდენ,"ერთს, მარტოს რომ შემოგიტევენ, ერთს რომ დაგიწყებენ ხმლის ცემას.",18,441,True
ganm_2274,ეგრეცა,მაინც.,18,441,False
ganm_2275,მას კაცსა,იმ კაცს.,18,442,True
ganm_2276,ამოდ,ტკბილად.,18,442,False
ganm_2277,ვეუბენ,ველაპარაკე.,18,442,False
ganm_2278,მადლსა,მადლობას.,18,442,False
ganm_2279,რომე,რომ.,18,442,False
ganm_2280,შემოგზღო,"გადაგიხადო. ტაეპის აზრია: თუ არ მოვკვდები, ისე გადაგიხდი, რომ შენ ბედნიერებას შენვე შეჰნატრებ. ან: ინატრე, რომ არ მოვკვდე, წინ დიდი ბედი მოგელის ჩემი წყალობით (ალ. ჭინჭარაული).",18,442,False
ganm_2281,გიგრძნან,"გაგიგონ, შეგიტყონ.",18,442,False
ganm_2282,ვლიდი,იარე!,18,442,False
ganm_2283,მემცა ვარ განაკიდია,"ადამიანთაგან გაკიდეგანებული, მათთან ყოფნის უღირსი ვიყო.",18,442,True
ganm_2284,ვითა,როგორც.,18,443,False
ganm_2285,ყოვლი თათბირი სწორია,ყველა გადაწყვეტილება ერთია.,18,443,True
ganm_2286,მაგრა,მაგრამ.,18,443,False
ganm_2287,სპათაკე,ჯარისკენ.,18,443,False
ganm_2288,თუ გზაცა შორია,თუმცა გზა შორია.,18,443,True
ganm_2289,ფიცხლად,სწრაფად.,18,443,False
ganm_2291,მოგრაგნეთ მთა და გორია,"წამოდით ისე, რომ მთა და გორა მოგქონდეთ, რაც შეგიძლიათ ჩქარა!",18,443,True
ganm_2292,მოგეგებვი,"მოგეგებები, შეგხვდები.",18,444,False
ganm_2293,თავი არ ვაკრძალე,არ მოვერიდე.,18,444,True
ganm_2294,განგება,"ღვთის ნება, მოსახდენ მოვლენათა ღვთიური წინასწარცოდნა და წინასწარგანსაზღვრა.",18,444,False
ganm_2298,ახე,სწორი (?).,18,445,False
ganm_2296,მოვა,მოდის.,18,445,False
ganm_2297,თუცა,თუმცა.,18,445,False
ganm_2298,ახე,სწორი (?).,18,445,False
ganm_2298,ახე,სწორი (?).,18,445,False
ganm_2299,ვუთხარ,სიტყვით მივმართე.,18,445,False
ganm_2298,ახე,სწორი (?).,18,445,False
ganm_2298,ახე,სწორი (?).,18,445,False
ganm_2301,ისი,ის.,18,446,False
ganm_2302,ღალატსა გვიდგებიან,"ღალატში ჩაგვდგომიან, ღალატს გვიპირებენ.",18,446,True
ganm_2303,რად,როგორ.,18,446,False
ganm_2304,დალბიან,გარბილდებიან. ტაეპის აზრია: ამის გამო ჩვენი მკლავები ნუ დადუნდებიან!.,18,446,False
ganm_2305,რბიან,"მირბიან, ისწრაფიან.",18,446,False
ganm_2306,შევებნეთ,"შევებათ, შევებრძოლოთ.",18,446,False
ganm_2307,ცუდად,"ტყუილად, ამაოდ.",18,446,False
ganm_2303,რად,როგორ.,18,446,False
ganm_2308,ხაფითა,"რიხიანით, მძლავრით.",18,447,False
ganm_2309,ქაფი,მხარ-იღლიის დასაცავი ჯაჭვი.,18,447,False
ganm_2311,სწრაფითა,"აჩქარებით, სისწრაფით.",18,447,False
ganm_2312,მას დღესა,იმ დღეს.,18,447,True
ganm_2313,დაფითა,დაფლითა.,18,447,False
ganm_2315,ჟ ამად გვაჩნია,"დროულად მიგვაჩნია, გადაწყვეტილი გვაქვს.",18,448,True
ganm_2316,ამად,ამიტომ.,18,448,False
ganm_2316,ამად,ამიტომ.,18,448,False
ganm_2317,გაგიგია,"გადაგიწყვეტიათ, განგიზრახავთ.",18,449,False
ganm_2318,ბრძანეთ,მობრძანდით!,18,449,False
ganm_2319,შემებენით,შემებრძოლეთ!,18,449,False
ganm_2320,ვითა,როგორც.,18,449,False
ganm_2321,დამიგია,"დამიდევს, დამივლია.",18,449,False
ganm_2322,რა მივიდა,რომ მივიდა.,18,450,True
ganm_2323,კვლამცა რადღა გამოგზავნეს,კიდე რაღად გამოგზავნიდნენ?,18,450,True
ganm_2324,სამალავით,"სამალავიდან, საფრიდან.",18,450,False
ganm_2325,გამოვიდეს,გამოვიდნენ.,18,450,False
ganm_2326,თავნი ორგნით აქარავნეს,ორ კოლონად მოწყობილები წამოვიდნენ.,18,450,True
ganm_2328,თუცა,თუმცა.,18,450,False
ganm_2330,ვერა,ვერაფერი.,18,450,False
ganm_2329,მავნეს,"დამიშავეს, დამაკლეს.",18,450,False
ganm_2332,დასარქმელად,"დასახურავად. როგორც ჩანს, ტარიელს მუზარადი უნაგირზე ჰქონდა დაკიდებული და ახლა მას ხელით დასწვდა.",18,451,False
ganm_2333,წავსწყდი,"მოვწყდი (ჩემს რაზმს), გავუსწარი.",18,451,False
ganm_2335,დგეს,იდგნენ.,18,451,False
ganm_2336,შემომხედნეს,შემომხედეს.,18,452,False
ganm_2337,შმაგი,გიჟი.,18,452,False
ganm_2338,ესე,ეს.,18,452,False
ganm_2339,მუნ,იქ.,18,452,False
ganm_2340,მივჰმართე,"მივაშურე, მივედი.",18,452,False
ganm_2341,სად,სადაც.,18,452,False
ganm_2342,უფროსი,მეტი.,18,452,False
ganm_2343,დგეს,იდგნენ.,18,452,False
ganm_2344,დავეც,"1. ძირს დავეცი, დავაგდე, 2. მოვკალი.",18,452,False
ganm_2345,მიჰხდეს,"მოშორდნენ, გამოესალმნენ.",18,452,False
ganm_2346,შიგან,შიგ.,18,453,False
ganm_2347,ასრე,ასე.,18,453,False
ganm_2348,ვითა,როგორც.,18,453,False
ganm_2348,ვითა,როგორც.,18,453,False
ganm_2349,ტანაჯორი,"„დედა” „გრძელი ვირის” ან „რგვალი ვირის” ხალხურ საბავშვო თამაშში (ი. მაისურაძე). შესაძლოა მეორე გაგებაც: ახალგაზრდა, გაუხედნავი ჯორი. იგი ფიცხია, ბრუნავს და წიხლებს ისვრის (ალ. ჭინჭარაული). შესაძლებელია სხვა გაგებაც: ტანაჯორი,  ჩიკორი (მ. თანდილავა).",18,453,False
ganm_2350,ერთობ,ერთიანად.,18,453,False
ganm_2351,სრულად,მთლად.,18,453,False
ganm_2352,წინა კერძო,წინა.,18,453,True
ganm_2353,ერთობილნი,ყველანი.,18,454,False
ganm_2354,მომეხვივნეს,შემომეხვივნენ.,18,454,False
ganm_2355,მგრგვლივ,"ირგვლივ, გარშემო.",18,454,False
ganm_2356,ვჰკრი,"ვკრავდი, ხმალს დავარტყამდი.",18,454,False
ganm_2357,დამიდგნის,მიძლებდა.,18,454,False
ganm_2358,მანდიკურად,ხურჯინივით.,18,454,False
ganm_2359,გარდავჰკიდი,გადავკიდებდი ხოლმე.,18,454,False
ganm_2360,"სითცა ვიყვი, გამექციან","საითაც ვიყავი, გამირბოდნენ.",18,454,True
ganm_2362,ქედით,ქედიდან.,18,455,False
ganm_2363,სდგათ,დგახართ.,18,455,False
ganm_2364,წაედითო,წადითო.,18,455,False
ganm_2365,მოვა,მოდის.,18,455,False
ganm_2366,ამად,ამიტომ.,18,455,False
ganm_2367,ნუთუ,ვაი თუ.,18,455,False
ganm_2368,სრულად,სულ.,18,455,False
ganm_2369,ამოგვწყვიდნეს,ამოგვწყვიტოს.,18,455,False
ganm_2370,სპამან,ჯარმა.,18,455,False
ganm_2371,რომელნი,რომლებიც.,18,456,False
ganm_2372,წამომეტანნეს,წამომეყვანა.,18,456,False
ganm_2373,რა ეცნა,რომ გაეგოთ.,18,456,True
ganm_2374,წამოსრულიყვნეს,წამოსულიყვნენ.,18,456,False
ganm_2375,ღამე-წამორთვით ეარა,ღამეც ევლოთ.,18,456,True
ganm_2376,დაიტევდა,იტევდა.,18,456,False
ganm_2377,არე მთათა ეარა,"მთათა არე თავის არედ გაეხადათ, მთასაც მოსდებოდნენ.",18,456,True
ganm_2378,გამოჩნდეს,გამოჩნდნენ.,18,456,False
ganm_2379,სცემდეს ტაბლაკსა,დოლს უკრავდნენ.,18,456,True
ganm_2381,ხმა გააზეარა,"ხმა აამაღლა, ძლიერ ახმაურდა.",18,456,True
ganm_2382,იგი ნახეს,ეს დაინახეს (ხატაელებმა).,18,457,True
ganm_2383,გაემართნეს,"გაემართნენ, გაბრუნდნენ.",18,457,False
ganm_2384,გარდავვლენით,"გადავიარეთ. ამ ტაეპიდან ჩანს, რომ აქამდე ტარიელი და მისი მცირე რაზმი ბრძოლით უკან იხევდნენ, ახლა კი მტერს კვლავ შეუტიეს.",18,457,False
ganm_2386,სპანი,ჯარისკაცები.,18,457,False
ganm_2387,ყველაკანი,ყველანი.,18,457,False
ganm_2389,მოვკლენით,დავხოცეთ.,18,457,False
ganm_2390,მოესწრნეს,მოეწივნენ.,18,458,False
ganm_2391,მათ გაქცეულთა,გაქცეულებს.,18,458,True
ganm_2392,პყრობა,დაჭერა.,18,458,False
ganm_2394,მიჰხვდა,"ჰხვდათ, ერგოთ.",18,458,False
ganm_2395,ნაცვალი,სამაგიერო.,18,458,False
ganm_2396,ძილ-მკრთალთა,"ძილ–გატეხილებს. ტაეპის აზრია: ლაშქარს ძილი არ დასცალდა, სამაგიეროდ ახლა ტყვეთა წაყვანისა და ალაფის აღების შესაძლებლობა მიეცა.",18,458,False
ganm_2397,მრთელთაცა,ჯანსაღებს.,18,458,False
ganm_2398,სნეულთა,ავადმყოფებს. აქ: დაჭრილებს.,18,458,False
ganm_2399,მას ადგილსა,იმ ადგილას.,18,459,True
ganm_2400,გარდავხედით,ცხენებიდან ჩამოვხდით.,18,459,False
ganm_2401,მოსვენებად,მოსასვენებლად.,18,459,False
ganm_2402,დავეკოდე,დავეჭერი.,18,459,False
ganm_2404,სპანი,ჯარისკაცები.,18,459,False
ganm_2405,მოვიდიან,მოდიოდნენ.,18,459,False
ganm_2406,საჭვრეტლად,"სანახავად, შესახედად.",18,459,False
ganm_2407,ვერ იტყვიან,ვერ ამბობენ.,18,459,True
ganm_2408,ვერ მიმხვდარან ქებასაცა მოხსენებად,ქების თქმა ვერც კი მოუხერხებიათ. ტაეპის აზრია: ჯარისკაცები ჩემს საქებრად სიტყვებს ვერ პოულობენ.,18,459,True
ganm_2409,ეყოფოდეს,ეყოფოდნენ.,18,460,False
ganm_2410,რომე,რომ.,18,460,False
ganm_2411,მჭირდეს,"აქ: მქონდა, წილად მხვდა.",18,460,False
ganm_2412,შორით,შორიდან.,18,460,False
ganm_2413,დამლოციან,მლოცავდნენ.,18,460,False
ganm_2414,კოცნად გამიპირდეს,საკოცნელად მოვიდნენ.,18,460,True
ganm_2410,რომე,რომ.,18,460,False
ganm_2415,ამიტირდეს,ამიტირდნენ.,18,460,False
ganm_2416,განაკვეთნი,გაჭრილნი (იგულისხმება: ჩემი ხმლით გაჭრილი მებრძოლები და აბჯრები).,18,460,False
ganm_2417,ნახნეს,ნახეს.,18,460,False
ganm_2418,გაუკვირდეს,გაუკვირდათ (ჩემი გაჭრილის ნახვა).,18,460,False
ganm_2419,ყოვლგან,ყველგან.,18,461,False
ganm_2420,ალაფი,სამხედრო ნადავლი.,18,461,False
ganm_2421,ერთობ,"ერთიანად, სულ.",18,461,False
ganm_2423,სისხლთა მებრძოლთა ჩემთასა,"ჩემ შემბრძოლებელთა, წინააღმდეგობის გამწევთა სისხლს.",18,461,True
ganm_2424,ვჰბრძოლე,"ვეომე, ვებრძოლე.",18,461,False
ganm_2425,ვარქვი,ვუთხარი.,18,462,False
ganm_2426,შემიგნია,"გამიგია, მივმხვდარვარ.",18,462,False
ganm_2427,სამუხთალე,"მუხთალი, ვერაგული, საღალატო.",18,462,False
ganm_2428,აწ ეგრეცა,ახლა მაინც.,18,462,True
ganm_2429,თავი გამოიმართალე,"შენი გაფუჭებული საქმე გამოასწორე, დანაშაული გამოისყიდე.",18,462,True
ganm_2430,სიმაგრეთა,ციხეებს.,18,462,False
ganm_2431,მომათვალე,"ჩამაბარე, გადმომეცი! იგულისხმება, რომ დატყვევებულ რამაზს მისი მეციხოვნე ჯარები ჯერ კიდევ ემორჩილებიან.",18,462,False
ganm_2432,თვარა,თორემ.,18,462,False
ganm_2433,შეცოდება,დანაშაული.,18,462,False
ganm_2434,მემცა ზედა რად წავსთვალე,"მე ზედ რაღად მივათვალო? იგულისხმება: რად გინდა, რომ შენს დღემდე ჩადენილ დანაშაულებს ეს ახალიც მივათვალო?",18,462,True
ganm_2435,ციხოვანთა,"ციხის მქონე აზნაურებს, რომელნიც ამჟამად ციხეებს იცავენ.",18,463,False
ganm_2436,ყველაკასა,ყველაფერს.,18,463,False
ganm_2437,განაღამცა შენ გაქონე,"დიაღაც, რომ მოგცემ! მოგცემ, ბარემ, და ეგ იქნება!",18,463,True
ganm_2438,სპანი,ჯარი.,18,464,False
ganm_2440,ციხოვანნი,ციხის მქონე აზნაურები (რომელნიც ციხეებს იცავდნენ). ერთობილნი,18,464,False
ganm_2441,ერთობილნი,ყველანი.,18,464,False
ganm_2442,მომცნეს,მომცეს.,18,464,False
ganm_2443,ასრე,ასე.,18,464,False
ganm_2444,შევანანენ,შევანანე.,18,464,False
ganm_2445,საჭურჭლენი,"სიმდიდრენი (იგულისხმება, ციხეებიდან დავლად წამოღებული სიმდიდრე).",18,464,False
ganm_2446,რასმცა ვითა დავაგვანენ,რას შევადარებ? რას მივამსგავსო?,18,464,True
ganm_2447,შევე,შევედი.,18,465,False
ganm_2448,მოვლად,"მოსავლელად, დასათვალიერებლად.",18,465,False
ganm_2449,მოსათვალავად,"დასაპატრონებლად; იმისათვის, რომ ჩემგან დაპყრობილი ქვეყანა ჩამებარებინა.",18,465,False
ganm_2450,საჭურჭლეთანი,"აქ: საჭურჭლის, სიმდიდრის საცავებისა.",18,465,False
ganm_2451,ქვეყანა ჩავსხი,აყრილი მოსახლეობა თავის ადგილზე დავაბრუნე.,18,465,True
ganm_2452,უკრძალავად,უშიშრად.,18,465,False
ganm_2453,დაგწვენ,დაგწვით.,18,465,False
ganm_2454,იცოდით,იცოდეთ!,18,465,False
ganm_2455,დაგყარენ,დაგტოვეთ.,18,465,False
ganm_2456,საჭურჭლენი,"სიმდიდრე, განძეული.",18,466,False
ganm_2457,გარდავნახენ,"გადავათვალიერე, მოვინახულე.",18,466,False
ganm_2458,თავის-თავის,სათითაოდ.,18,466,False
ganm_2459,კიდის-კიდე,"ყველგან, (ხატაეთის) ყოველ მხარეში.",18,466,False
ganm_2460,უცხო ფერთა საჭურჭლეთა,"ნაირნაირს, იშვიათს სიმდიდრეს.",18,466,True
ganm_2461,დაშვრები,დაიღლები.,18,466,False
ganm_2462,თუ მოვსთვალვიდე,თუ ჩამოთვლას დავუწყებ.,18,466,True
ganm_2463,ყაბაჩა,მოკლე ქათიბი.,18,466,False
ganm_2464,რიდე,"მოსახვევი, თავსაბურავი.",18,466,False
ganm_2465,თუმცა ჰნახენ,რომ ჰნახო.,18,466,True
ganm_2464,რიდე,"მოსახვევი, თავსაბურავი.",18,466,False
ganm_2467,შევიგენ,მივხვდი.,18,467,False
ganm_2468,ანუ,ან.,18,467,False
ganm_2469,ნაქმარი,გაკეთებული.,18,467,False
ganm_2470,რაულად,როგორ.,18,467,False
ganm_2471,ვუჩვენი,ვუჩვენებდი.,18,467,False
ganm_2472,უკვირდის,უკვირდა.,18,467,False
ganm_2474,ჰგებოდა,ეგო. ლარულად ... ორხაულად. ქსოვოს სხვადასხვა წესებია.,18,467,False
ganm_2475,ვთქვი ცეცხლთა შენართაულად,"ვთქვი, ცეცხლთან შეერთებულია-მეთქი; ცეცხლში ნაწრთობი მეგონა.",18,467,True
ganm_2476,დავსხენ,გადავდე.,18,468,False
ganm_2477,საარმაღნოდ,საჩუქრად.,18,468,False
ganm_2478,წიგნი,წერილი.,19,469,False
ganm_2480,სვე,ბედი.,19,469,False
ganm_2482,თუცა,თუმცა.,19,469,False
ganm_2483,ეცა,"ერგოთ, ჰხვდათ, მიეცათ.",19,469,False
ganm_2485,დასტური,"ნამდვილი, სარწმუნო.",19,469,False
ganm_2486,ამად,ამიტომ.,19,469,False
ganm_2487,შევიპყარ,დავიჭირე.,19,469,False
ganm_2488,მოგივალ,მოვდივარ შენთან.,19,469,False
ganm_2489,ალაფი,ნადავლი.,19,469,False
ganm_2490,ყველაი,ყველაფერი.,19,470,False
ganm_2491,დავიურვე,მოვაგვარე.,19,470,False
ganm_2492,ხატაეთით,ხატაეთიდან.,19,470,False
ganm_2493,წამოვიხვენ,წამოვიღე.,19,470,False
ganm_2494,საჭურჭლენი,"სიმდიდრე, ხაზინა.",19,470,False
ganm_2495,სახელმწიფო,"აქ, როგორც ჩანს, ნიშნავს სამეფო ქონებას.",19,470,False
ganm_2496,დავიავრე,ჩემ ქონებად გავიხადე.,19,470,False
ganm_2498,მოვეყავ,"გავწვდი, ავუვედი.",19,470,False
ganm_2499,აზავრები,საკიდარი ხარები.,19,470,False
ganm_2501,მოვირჭვენ,"გავიმარჯვე, ძლევით შევიმოსე.",19,470,False
ganm_2502,მოვივლინე,"განვდიდდი, გავლაღდი, ძალა-უფლება მოვიმატე.",19,470,False
ganm_2503,აგრე ვყავ-რე,ასე ვქენი (როგორც მინდოდა).,19,470,True
ganm_2504,მომყვანდა,მომყავდა.,19,471,False
ganm_2505,მივე,მივედი.,19,471,False
ganm_2506,მეგება,მომეგება. გამზრდელი. ლაპარაკია მეფეზე.,19,471,False
ganm_2507,წბილია,სასირცხვილოა.,19,471,False
ganm_2508,ხელი გამიხსნა,იგულისხმება: შეხვეული ჭრილობა გამიხსნა.,19,471,True
ganm_2509,ლბილი,რბილი.,19,471,False
ganm_2510,ედგნეს,ედგა.,19,472,False
ganm_2512,ჭვრეტისა,"ნახვის, ცქერის.",19,472,False
ganm_2513,მას მონდომილსა,"მონატრულს, მოწადინებულს.",19,472,True
ganm_2514,მას დღესა,იმ დღეს.,19,472,True
ganm_2515,ედვა ნადიმი,"ჰქონდა ნადიმი, წვეულება.",19,472,True
ganm_2516,მას შიგან გარდახდომილსა,"მასში (ამ კარვებში) ჩამომხდარს, დაბანაკებულს.",19,472,True
ganm_2517,მიჭვრეტდა,მიცქეროდა.,19,472,False
ganm_2518,წინაშე,თავის წინ.,19,472,False
ganm_2519,მას ღამით,იმ ღამეს.,19,473,True
ganm_2520,ვსხედით ნადიმად,ვინადიმეთ.,19,473,True
ganm_2521,მუნ,იქ.,19,473,False
ganm_2522,ამოდ,"სასიამოვნოდ, უშფოთველად.",19,473,False
ganm_2523,მოედნით,მოედნიდან.,19,473,False
ganm_2524,შემომგვარენით,მომიყვანეთ.,19,473,False
ganm_2525,ნამსახურსა,"ღვაწლმოსილს, მეფის წინაშე სამსახურგადახდილს.",19,474,False
ganm_2526,ესე,ეს.,19,474,False
ganm_2527,მამაცისა,"კაცის, ვაჟკაცის.",19,474,False
ganm_2528,მეტის-მეტი,"უდიდესი, განსაკუთრებული.",19,474,False
ganm_2529,სიგულვანე,"აქ: სულგრძელობა, კეთილშობილობა.",19,474,False
ganm_2530,მას მეფესა,იმ მეფეს.,19,475,True
ganm_2531,ჟამიერად,"დროულად, ტაქტიანად.",19,475,False
ganm_2532,უბრძანებდის,ეუბნებოდა.,19,475,False
ganm_2533,მათსა ფერსა,მათ შესაფერს.,19,475,True
ganm_2534,ცისკრად,ცისკარზე.,19,475,False
ganm_2535,მიბრძანებდეს,"მეუბნებოდნენ, მითხრეს. ლაპარაკია მეფეზე. მრ. რიცხვი აქ მეფისადმი მოწიწებას გამოხატავს.",19,475,False
ganm_2536,შეუნდობ,აპატიებ.,19,475,False
ganm_2538,ვინათგან,ვინაიდან.,19,476,False
ganm_2539,მას ღონე-გაცუდებულსა,"იმ ღონეწამხდარს, ხელმოცარულს.",19,476,True
ganm_2540,უბრძანეს,უთხრა. ლაპარაკია მეფეზე. მრ. რიცხვი მეფისადმი მოწიწებას გამოხატავს.,19,476,False
ganm_2541,იცოდი,იცოდე!,19,476,False
ganm_2542,მაგრა,მაგრამ.,19,476,False
ganm_2543,კვლაცაღა,კიდევ.,19,476,False
ganm_2544,გაწბილებულსა,"შერცხვენილს, პირშავს.",19,476,False
ganm_2545,ხარაჯა,ხარკი.,19,477,False
ganm_2546,შეჰკვეთეს,"დააკისრეს, გადასახდელად დაუდგინეს, შეაწერეს. დრაჰკანი ოქროს ფულია.",19,477,False
ganm_2547,კვლა,კიდევ.,19,477,False
ganm_2548,ხატაური,"1. ჩინური ფული, 2. ჩინური ქსოვილი.",19,477,False
ganm_2549,სხვა,"აქ: კიდევ. სტავრა, ატლასი ძვირფასი ქსოვილებია.",19,477,False
ganm_2549,სხვა,"აქ: კიდევ. სტავრა, ატლასი ძვირფასი ქსოვილებია.",19,477,False
ganm_2550,დამოსა,"შემოსა, სამოსელი უბოძა. შემოსვა მეფურ წყალობას გამოხატავდა.",19,477,False
ganm_2551,ხასი,"დიდებული, კარისკაცი.",19,477,False
ganm_2552,უყო რისხვისა ფასია,"აზრი შეიძლება ორგვარად გავიგოთ: 1. რისხვის მაგიერ შეიწყალა, დაასაჩუქრა. 2. შეწყალებით, დასაჩუქრებით ისეთი დამცირება აგემა, რომელიც რისხვას უდრიდა.",19,477,True
ganm_2553,დადრკა,"მოიღუნა, წელში მოიხარა.",19,478,False
ganm_2554,რა,რამე.,19,478,False
ganm_2555,ოდეს,ოდესმე.,19,478,False
ganm_2556,შე-ღა-გცოდო,"კიდევ შეგცოდო, დაგიშავო, დანაშაული ჩავიდინო თქვენს წინაშე. ნაწილაკი „ღა” ჩართულია ზმნასა და ზმნისწინს შორის. განა. აქ, თანამედროვე ქართულისაგან განსხვავებით, დადასტურებას გამოხატავს და არა კითხვას.",19,478,False
ganm_2558,ყველაკაი,ყველა.,19,478,False
ganm_2559,წაიტანა,"წაიყვანა, წაიყოლა.",19,478,False
ganm_2560,ცისკრობს,"აქ: გათენებულია. ერთი აზრი ორი გზითაა გამოხატული: დადებითად (ცისკრობს, რიჟრაჟია) და უარყოფითად („არ დანაღამია”, აღარ ბნელა).",19,479,False
ganm_2562,მას აქათ,მას აქეთ.,19,479,True
ganm_2563,არ დამაშვრალხარ,(თუ) არ დაღლილხარ.,19,479,True
ganm_2564,თუცა დაშვრომის ჟამია,"თუმცა დროა, ბუნებრივია, რომ დაღლილი იყო.",19,479,True
ganm_2565,დარბაზს,მეფის კარზე.,19,480,False
ganm_2566,მივე,მივედი.,19,480,False
ganm_2568,სრულად,სულ.,19,480,False
ganm_2569,არე,მიდამო.,19,480,False
ganm_2570,ქვე ჯდა,იჯდა.,19,480,True
ganm_2571,გაეხარნეს,გაუხარდა.,19,480,False
ganm_2572,იდუმალ,"ჩუმად, მალულად.",19,481,False
ganm_2573,ეუბნა,ელაპარაკა.,19,481,False
ganm_2574,ომით მოსრული,ომიდან მოსული.,19,481,True
ganm_2576,რაზომცა ბნელია,"რაც უნდა „ბნელი”, დანაღვლიანებული იყოს.",19,481,True
ganm_2577,რაცა დაგვედრო საქმნელად,რის გაკეთებასაც დაგავალებ.,19,481,True
ganm_2578,საზოზღნელი,"საგვიანო, დასაყოვნებელი, გადასადები.",19,481,False
ganm_2579,აწ,ახლა.,19,482,False
ganm_2580,ცან,"გაიგე, შეიტყვე!",19,482,False
ganm_2581,ესე მცნებული,"ეს ნაბრძანები. ტაეპის აზრია: მე უკვე უშენოდ გავეცი ბრძანება, ახლა შენც იცოდე, რა ვბრძანე.",19,482,True
ganm_2579,აწ,ახლა.,19,482,False
ganm_2582,"ხე, ედემს ხებული","ხე, ედემის ხედ გაზრდილი. მეტაფორული აღნიშვნაა წერწეტა ტანისა. აქ ლაპარაკია ნესტანზე.",19,482,True
ganm_2583,სრას,სასახლეში.,19,482,False
ganm_2584,შვებული,"მხიარული, გახარებული.",19,482,False
ganm_2585,ეჯი,აქ: მანძილი.,19,483,False
ganm_2588,მჭვრეტელთა,მნახველებს.,19,484,False
ganm_2589,შუკა,ქუჩა.,19,484,False
ganm_2590,მშვენოდეს,მშვენოდნენ.,19,484,False
ganm_2591,ფერმიხდილ-გვარად,ცოტად ფერმიხდილი.,19,484,False
ganm_2592,ვშვენოდი,"მშვენიერი, კარგი სანახავი ვიყავ. ვარდი ადამიანის პირისახის, აგრეთვე, საერთოდ მშვენიერი ადამიანის აღმნიშვნელი მეტაფორაა.",19,484,False
ganm_2593,ბნდებოდის,"ბნდებოდა, ცნობიერებას კარგავდა.",19,484,False
ganm_2594,კატაბა,"სიცრუე, ტყუილი.",19,484,False
ganm_2595,რიდენი,"რიდე, თავსა და პირზე მოსასხამი, პირსაბურავი.",19,485,False
ganm_2596,რომე,აქ: რომელიც.,19,485,False
ganm_2597,მეშოვნნეს,მეშოვა.,19,485,False
ganm_2598,იგი,იგულისხმება: რიდენი.,19,485,False
ganm_2599,მეხვივნეს,მეხვია.,19,485,False
ganm_2600,მშვენოდეს,"მშვენოდა, მიხდებოდა.",19,485,False
ganm_2602,ვახელებ გულსა ხელთასა,ჩემი სილამაზისგან განცვიფრებულთა გულებს კიდევ უფრო ვაცვიფრებ.,19,485,True
ganm_2603,გარდახდა,ცხენიდან გადმოვიდა.,19,485,False
ganm_2604,ელვა,"1. ელვა, 2. სხივი, შუქი. ტაეპის აზრია: შევხედე (ნესტანს) და მისი მზეებრ ნათელი ღაწვების (ლოყების) სხივოსნობამ შემაკრთო, სული შემტაცა.",19,485,False
ganm_2605,მას მზესა,იმ მზეს (ლაპარაკია ნესტანზე).,19,486,True
ganm_2606,ემოსნეს,ეცვა.,19,486,False
ganm_2607,ჯუბა,კაბა.,19,486,False
ganm_2608,უთქს,უდგას.,19,486,False
ganm_2609,ხადუმთა,"მოსამსახურეთა, საჭურისთა.",19,486,False
ganm_2610,დას-დასად,"გუნდ-გუნდად. უბან-უბანი, როგორც ჩანს, უნდა გავიგოთ, როგორც „ გუნდ-გუნდად, ჯგუფ-ჯგუფად „.",19,486,False
ganm_2613,უბანი,1. ქუჩა. 2. უბანი.,19,486,False
ganm_2611,სრულად,"სულ, მთლად.",19,486,False
ganm_2612,შუკა,"ქუჩა, გზა.",19,486,False
ganm_2613,უბანი,1. ქუჩა. 2. უბანი.,19,486,False
ganm_2614,მუნ,იქ.,19,486,False
ganm_2615,ვარდსა,"ნაზი პირისახის, კერძოდ, ლოყების აღმნიშვნელი მეტაფორაა.",19,486,False
ganm_2613,უბანი,1. ქუჩა. 2. უბანი.,19,486,False
ganm_2618,დაკოდილსა,დაჭრილს.,19,487,False
ganm_2620,ვითა,როგორც.,19,487,False
ganm_2621,ღაწვი,ლოყა.,19,487,False
ganm_2622,დამილება,"დამილურჯა. საერთო აზრია: დედოფალმა ისე მაგრად გადამკოცნა, რომ ლოყა დამილურჯა.",19,487,False
ganm_2623,ნუ ეჭვ,"ნუ მოელი, ნუ გგონია.",19,487,True
ganm_2624,თუმცა მტერი შე-ღა-გება,"რომ მტერი კიდევ შეგებმის, შეგებრძოლება. ნაწილაკი „ღა” ჩართულია ზმნასა და ზმნისწინს შორის.",19,487,True
ganm_2625,მუნ,იქ.,19,488,False
ganm_2626,სადა,სადაც.,19,488,False
ganm_2628,სხვად არად მეუბნებოდა,"სხვა მხრივ (გარდა იმისა, რომ მალულად მიცქეროდა), არ მელაპარაკებოდა, არაფერს მანიშნებდა.",19,488,True
ganm_2629,მოვსწყვიდნი,(რომ) მოვწყვეტდი ხოლმე.,19,488,False
ganm_2630,მეარმებოდა,"არმად მიხდებოდა, აღარ მეხალისებოდა ხოლმე.",19,488,False
ganm_2631,მსგავსი,შესაფერი.,19,489,False
ganm_2632,მათისა,ლაპარაკია მეფე–დედოფალზე.,19,489,False
ganm_2633,ძალისა,შეძლებისა.,19,489,False
ganm_2634,ფეროზი,"ფირუზი. ტაეპის აზრია: მეფემ ბრძანა, თვით მთვრალებიც კი სუფრასთან დაეტოვებინათ, მათი მასპინძლობა განეგრძოთ.",19,489,False
ganm_2635,მუნ,იქ.,19,490,False
ganm_2636,შვებასა,"სიხარულს, ბედნიერებას.",19,490,False
ganm_2637,"რა შემომხედნის, შევხედნი",რომ შემომხედავდა და შევხედავდი ხოლმე.,19,490,True
ganm_2638,ცეცხლმან დამიწყის შრეტასა,"ცეცხლი ქრობას დამიწყებდა ხოლმე, ტანჯვა მინელდებოდა.",19,490,True
ganm_2639,კრძალვა,რიდი.,19,490,False
ganm_2640,ვაწვევდი,"მოვუწოდებდი. ტაეპის აზრია: ჩემს შმაგსა და რეტდასხმულ გულს მოვუწოდებდი, გარშემო მყოფ ხალხს დაჰრიდებოდა, თავისი განცდა არ გაემჟღავნებინა.",19,490,False
ganm_2641,უამე,უფრო სასიამოვნო.,19,490,False
ganm_2643,დააგდეს,"შეწყვიტეს, მიატოვეს.",19,491,False
ganm_2644,მუტრიბთა,"მუსიკოსებმა, მომღერლებმა.",19,491,False
ganm_2645,სულეთ,გაჩუმდით.,19,491,False
ganm_2646,თავი ხარიან,"თავი დახარა (მეფემ), თავის დახრით ანიშნა მუსიკოსებს გაჩუმება.",19,491,True
ganm_2647,ვით,როგორ.,19,491,False
ganm_2647,ვით,როგორ.,19,491,False
ganm_2648,ნეტარძი გვაქვსო,ნეტარება გვაქვსო.,19,491,True
ganm_2649,მებრძოლნი,"მოწინააღმდეგენი, მტრები.",19,491,False
ganm_2650,მით,"ამიტომ, ამის გამო.",19,491,False
ganm_2651,ვაგლახ არიან,"ვაებენ, უბედურებაში არიან.",19,491,True
ganm_2652,მართალან,მართალნი არიან.,19,491,False
ganm_2653,ცუდად,"ტყუილად, უსაფუძვლოდ.",19,491,False
ganm_2654,იმკვეხარიან,"კვეხულობენ. ტაეპის აზრია: შენი მნახველები მართალნი არიან, რომ შენს ნახვას კვეხულობენ, შენი ნახვა მართლაც რომ სასიხარულოა!",19,491,False
ganm_2655,აწ,ახლა.,19,492,False
ganm_2661,აწ,ახლა.,19,492,False
ganm_2656,თუცა,თუმცა.,19,492,False
ganm_2657,გმართებს,გეკუთვნის.,19,492,False
ganm_2658,შემოსა,"ტანსაცმლის ბოძება, მეფური წყალობის ნიშანი.",19,492,False
ganm_2659,ვის მორჭმით მოგივლენიან,"ვისაც გამარჯვებით, დიდებით მოგივლია შენი გზა, ძლევით შემოსილხარ, გაგიმარჯვია.",19,492,True
ganm_2660,მაგა კაბათა,"მაგ ტანსაცმელს. ა და ბ ტაეპების აზრია: თუმცა შენი გამარჯვებით შემოსვა დაიმსახურე, როგორც ჩვენი განსაკუთრებული წყალობის ნიშანი, მაგრამ არ შეგმოსავთ, ტანსაცმელს არ გამოგაცვლევინებთ, რადგან ეგ შენი ახლანდელი სამოსი მეტად გშვენის.",19,492,True
ganm_2655,აწ,ახლა.,19,492,False
ganm_2661,აწ,ახლა.,19,492,False
ganm_2662,საჭურჭლე,"აქ: საგანძური, სიმდიდრის საცავი.",19,492,False
ganm_2663,საჭურჭლეთანი,"საგანძურებისა, სიმდიდრის საცავებისა.",19,493,False
ganm_2664,თაყვანის-ვეც,"ვეთაყვანე; მდაბლად, ქედმოხრით მადლობა გადავუხადე.",19,493,False
ganm_2665,დავლანი მათთა სვეთანი,"მათი ბედის იღბლიანობა, სიმაღლე-სიდიადე.",19,493,True
ganm_2666,ადგეს,ადგნენ. ლაპარაკია მეფე-დედოფალზე.,19,493,False
ganm_2667,ზომნი ვით გითხრნე,"ზომას როგორ გეტყვი! სისავსეთანი. ლაპარაკია ლაშქრის ავსებაზე საბოძვრით, ქონებით.",19,493,True
ganm_2668,კვლაცა,ისევ.,19,494,False
ganm_2669,მღერა,"აქ: თამაში, ხუმრობა.",19,494,False
ganm_2670,ბარბითი,ბარბითის (საკრავია) დაკვრა.,19,494,False
ganm_2671,დედოფალნი,ლაპარაკია დედოფალზე და ნესტან-დარეჯანზე.,19,494,False
ganm_2672,წამოვიდეს,წამოვიდნენ.,19,494,False
ganm_2673,შეეყარა მწუხრსა დღე რა,რომ შებინდდა.,19,494,True
ganm_2675,ძილ-პირამდის,ძილის დრომდე. ტაეპის აზრია: ვერავითარი მხიარულება ვერ შეედრებოდა ამ მხიარულებას.,19,494,False
ganm_2674,ვერა,ვერაფერი.,19,494,False
ganm_2676,მიგვჭირდა,გაგვიჭირდა.,19,495,False
ganm_2677,დოსტაქნისა,სასმისის.,19,495,False
ganm_2678,საწოლს,საძინებელ ოთახში.,19,495,False
ganm_2679,ცნობა,გონება.,19,495,False
ganm_2680,ვითა,როგორც.,19,495,False
ganm_2681,რეტისა,"რეტიანის, თავზე კონტროლდაკარგულის.",19,495,False
ganm_2682,ძალი,ძალა.,19,495,False
ganm_2681,რეტისა,"რეტიანის, თავზე კონტროლდაკარგულის.",19,495,False
ganm_2684,მეგონებოდის,მაგონდებოდა.,19,495,False
ganm_2681,რეტისა,"რეტიანის, თავზე კონტროლდაკარგულის.",19,495,False
ganm_2687,იკითხავს,კითხულობს.,20,496,False
ganm_2688,აჯიღოსანი,პირმობურული.,20,496,False
ganm_2689,ავიჭერ,წამოვხტი.,20,496,False
ganm_2690,გულ-გამკრთალი,გულაძგერებული.,20,496,False
ganm_2691,ჩემს წინა,"ჩემს წინაშე, ჩემთან.",20,496,True
ganm_2692,მისად,"მის გამო, მის მაგიერ. ტაეპის აზრია: ნესტანის გამო ასმათის ნახვა მეამა.",20,497,False
ganm_2696,მისად,"მის სახლში, თავისთან. საერთო აზრია: ნორჩი ალვა (ნესტანი) ნეტა მივიდა უკვე თავისთან?",20,497,False
ganm_2692,მისად,"მის გამო, მის მაგიერ. ტაეპის აზრია: ნესტანის გამო ასმათის ნახვა მეამა.",20,497,False
ganm_2696,მისად,"მის სახლში, თავისთან. საერთო აზრია: ნორჩი ალვა (ნესტანი) ნეტა მივიდა უკვე თავისთან?",20,497,False
ganm_2692,მისად,"მის გამო, მის მაგიერ. ტაეპის აზრია: ნესტანის გამო ასმათის ნახვა მეამა.",20,497,False
ganm_2696,მისად,"მის სახლში, თავისთან. საერთო აზრია: ნორჩი ალვა (ნესტანი) ნეტა მივიდა უკვე თავისთან?",20,497,False
ganm_2693,ნეტარ,"ნეტავ. ტაეპის აზრია: ვაკოცე, ჩემი თაყვანება, ჩემს წინაშე მოხრა არ ვაცალე.",20,497,False
ganm_2694,მისრულა,მისულა.,20,497,False
ganm_2695,მორჩი,ნორჩი.,20,497,False
ganm_2692,მისად,"მის გამო, მის მაგიერ. ტაეპის აზრია: ნესტანის გამო ასმათის ნახვა მეამა.",20,497,False
ganm_2696,მისად,"მის სახლში, თავისთან. საერთო აზრია: ნორჩი ალვა (ნესტანი) ნეტა მივიდა უკვე თავისთან?",20,497,False
ganm_2697,სხვად ნურას მეუბნები,ამის გარდა ნურაფერზე მელაპარაკები.,20,498,True
ganm_2698,გკადრებ,მოგახსენებ.,20,498,False
ganm_2699,აწ,ახლა.,20,498,False
ganm_2699,აწ,ახლა.,20,498,False
ganm_2703,კვლაცა,"კიდევ, ხელახლა.",20,498,False
ganm_2704,ცნობა,გაგება.,20,498,False
ganm_2705,წიგნი,წერილი.,20,499,False
ganm_2706,პირისა თემთა მთენისა,"იმისი, ვისი პირისახეც ყველა თემს, ადამიანთა მთელ სამოსახლოს ანათებს (ნესტანისა). ჩავხედენ ლოგიკურად ტაეპის ბოლოში უნდა იყოს. ამ სიტყვის გადასმა ტაეპის შუაში პოეტური ლიცენციაა.",20,499,True
ganm_2707,ჯავარი,მარგალიტის თვალი.,20,499,False
ganm_2709,შვენოდი,"ლამაზი იყავი. შენატევები ცხენისა. იგულისხმება, როგორც ჩანს: „ცხენის მიმშვები, ქალაქში შემოსვლისას ცხენს რომ სადავე მიეცი”.",20,499,False
ganm_2710,ავი,ცუდი.,20,499,False
ganm_2712,მიმიჩს,"მგონია, მიმაჩნია. ტაეპის აზრია: მგონი, არ შევმცდარვარ: შენ, ჩემი ცრემლთა დენის მიზეზი, კარგი და ღირსეული ვაჟკაცი ჩანხარ.",20,499,False
ganm_2713,მცა,მომცა.,20,500,False
ganm_2714,ქებად შენდა,შენს საქებრად.,20,500,True
ganm_2715,უშენოს ა,"შენგან განშორებულს, უშენოდ მყოფს (?).",20,500,True
ganm_2720,უშენოს,"გაუშენოს. ტაეპის აზრია: ჩემი ვარდივით პირისახე და გიშერივით თმა, დაე, ის ბაღი იყოს, რომელიც შენს ბაღჩას, შენს მშვენიერ პირისახეს გაახარებს.(?)",20,500,False
ganm_2717,მომკლავ,"მკლავ. ა და ბ ტაეპების აზრია: ღმერთმა თუ მე, შენგან შორს მყოფს, ენა მაინც მომცა შენი ქების სათქმელად, მაშინ მე, შენთვის მკვდარი, აღარ ვიტყვი, რომ უშენობით (ან: უნუგეშობით, უსიხარულობით) მკლავ.",20,500,False
ganm_2715,უშენოს ა,"შენგან განშორებულს, უშენოდ მყოფს (?).",20,500,True
ganm_2720,უშენოს,"გაუშენოს. ტაეპის აზრია: ჩემი ვარდივით პირისახე და გიშერივით თმა, დაე, ის ბაღი იყოს, რომელიც შენს ბაღჩას, შენს მშვენიერ პირისახეს გაახარებს.(?)",20,500,False
ganm_2718,მზემან,"იგულისხმება: მე, ნესტანმა.",20,500,False
ganm_2719,ლომსა,"იგულისხმება: შენ, ტარიელს.",20,500,False
ganm_2715,უშენოს ა,"შენგან განშორებულს, უშენოდ მყოფს (?).",20,500,True
ganm_2720,უშენოს,"გაუშენოს. ტაეპის აზრია: ჩემი ვარდივით პირისახე და გიშერივით თმა, დაე, ის ბაღი იყოს, რომელიც შენს ბაღჩას, შენს მშვენიერ პირისახეს გაახარებს.(?)",20,500,False
ganm_2718,მზემან,"იგულისხმება: მე, ნესტანმა.",20,500,False
ganm_2722,ჰმართებს,ეკუთვნის.,20,500,False
ganm_2715,უშენოს ა,"შენგან განშორებულს, უშენოდ მყოფს (?).",20,500,True
ganm_2720,უშენოს,"გაუშენოს. ტაეპის აზრია: ჩემი ვარდივით პირისახე და გიშერივით თმა, დაე, ის ბაღი იყოს, რომელიც შენს ბაღჩას, შენს მშვენიერ პირისახეს გაახარებს.(?)",20,500,False
ganm_2724,თუცა,თუმცა.,20,501,False
ganm_2725,ცუდად,"ტყუილად, ამაოდ.",20,501,False
ganm_2727,არ იდენო,"დად არ გაიხდიან. ტაეპის აზრია: შენ იმდენად მჯობიხარ მე, რომ შენი შემხედველნი ჩემ შემხედველებს ახლოს არ გაიკარებენ.",20,501,True
ganm_2726,არიდენ,არიდე.,20,501,False
ganm_2727,არ იდენო,"დად არ გაიხდიან. ტაეპის აზრია: შენ იმდენად მჯობიხარ მე, რომ შენი შემხედველნი ჩემ შემხედველებს ახლოს არ გაიკარებენ.",20,501,True
ganm_2726,არიდენ,არიდე.,20,501,False
ganm_2730,მომცენ,მომეცი!,20,502,False
ganm_2732,"რა მნახო, შენცა გეამოს","რომ დამინახავ (შენი ნაჩუქარი რიდით), შენც გეამება.",20,502,True
ganm_2733,შენეულადვე გჩენოდეს,"გეცნობოდეს, როგორც შენი მოცემული.",20,502,True
ganm_2734,ესე,ეს.,20,502,False
ganm_2735,სამკლავე,"როგორც ჩანს, სამაჯურია ან მკლავზე შემოსაცმელი სხვა ძვირფასი ნივთი.",20,502,False
ganm_2736,თუ ჩემი გა-ღა-გვლენოდეს,თუ ჩემი ხათრი გქონდეს. ნაწილაკი „ღა” ჩართულია ზმნასა და ზმნისწინს შორის.,20,502,True
ganm_2737,არ გაგთენოდეს,"არ გაგითენდება. ტაეპის აზრია: ნესტანი უწინასწარმეტყველებს ტარიელს, რომ ასეთი ბედნიერი ღამე აღარ გაუთენდება, რადგან ასეთი დიდი ბედნიერების გამეორება შეუძლებელია.",20,502,True
ganm_2739,სამხრე,სამაჯური ან მკლავზე შემოსაბმელი სხვა ძვირფასი ნივთი.,21,503,False
ganm_2740,რომელი,რომელიც.,21,503,False
ganm_2741,კვლა,სხვა დროს.,21,503,False
ganm_2742,წინას,წინათ.,21,503,False
ganm_2743,ების,ება ხოლმე.,21,503,False
ganm_2744,მოიღო,აქ: აიღო ხელში.,21,503,False
ganm_2745,თვალვით,"თვლით, ანგარიშით.",21,503,False
ganm_2738,და-ცა-ბნდა,"დაბნედა - გულყრა, გონების დაკარგვა.",21,503,False
ganm_2746,და-ცა-ბნდა,"დაბნდა, გული წაუვიდა. ნაწილაკი „ცა” ჩართულია ზმნასა და ზმნისწინს შორის.",21,503,False
ganm_2747,ქვე მკვდართა დაედასების,"მკვდრებს ემსგავსება, მათი დასის წევრი ხდება.",21,503,True
ganm_2748,ასრე,ასე.,21,504,False
ganm_2749,წვა,იწვა.,21,504,False
ganm_2750,რომე,რომ.,21,504,False
ganm_2751,ჰგვანდა,ჰგავდა.,21,504,False
ganm_2752,ორგნით,ორ მხარეს.,21,504,False
ganm_2753,ლები,დალურჯებული ხორცი.,21,504,False
ganm_2754,მჯიღისა,მუშტისა.,21,504,False
ganm_2755,გარდნაკარისა,"გადაკრულის, მონარტყამის.",21,504,False
ganm_2756,ღაწვთაგან ნახოკარისა,ლოყებიდან ჩამოხოკილის.,21,504,True
ganm_2757,კვლა,კიდევ.,21,504,False
ganm_2758,უშველის,ჰშველის.,21,504,False
ganm_2759,მუნ,იქ.,21,504,False
ganm_2760,სულთქვნა,ამოიოხრა.,21,505,False
ganm_2761,დაბნედილსა,გულწასულს.,21,505,False
ganm_2762,შემოსჭვრიტნა,შეჰხედა.,21,505,False
ganm_2763,ვანი,"„ვა”-ები, გლოვის გამომხატველი შორისდებულის თქმა.",21,505,False
ganm_2764,ხვრიტნა;,ხვრიტა.,21,505,False
ganm_2765,სულად მოაქცივა,გონზე მოიყვანა.,21,505,True
ganm_2766,დაუშრიტნა,ჩაუქრო.,21,505,False
ganm_2767,საწუთრომან,წუთისოფელმა.,21,505,False
ganm_2768,აწცა,ახლაც.,21,505,False
ganm_2769,ხვრიტნა!,"შეხვრიპა, დალია.",21,505,False
ganm_2770,რეტად,"გაოგნებულად, თავისთვის ანგარიშმიუცემლად.",21,506,False
ganm_2771,ვარდი,პირისახეა.,21,506,False
ganm_2772,სრულად,"სულ, მთლად.",21,506,False
ganm_2773,ზაფრანა,გაყვითლებული პირისახის აღმნიშვნელი მეტაფორაა.,21,506,False
ganm_2774,ვითა,"როგორც, თითქოს.",21,506,False
ganm_2775,სპეტად,სპეტი - თეთრი და ფერმკრთალი ყვავილი; ფერუმარული.,21,506,False
ganm_2776,მათად არა სცალდა საუბრად,მათთან ლაპარაკის თავი არ ჰქონდა.,21,506,True
ganm_2777,დარჩომა,"„დარჩენა”, სიცოცხლე.",21,506,False
ganm_2778,ისმენდი,ისმინე!,21,507,False
ganm_2779,ცნობა,გონება.,21,507,False
ganm_2780,მიც,მაქვს.,21,507,False
ganm_2781,თუცა,თუმცა.,21,507,False
ganm_2782,ხელისა,შმაგისა.,21,507,False
ganm_2783,დამმარხველი,აქ საალერსო სიტყვაა. ნიშნავს უახლოესს.,21,507,False
ganm_2784,მიჩს,მიმაჩნია.,21,507,False
ganm_2785,მოყვრისა,"აქ: სატრფოსი. ტაეპის აზრია: ლხინად, ბედნიერებად მიმაჩნია, თუ ჩემი ამბის თხრობით შენ შენს აქამდე შეუყრელ სატრფოს შეგყრი.",21,507,False
ganm_2786,დარჩომა,"დარჩენა, ყოფნა.",21,507,False
ganm_2787,მრთელისა,საღისა. აქ: ცოცხლისა.,21,507,False
ganm_2788,საესავი,საიმედო.,21,508,False
ganm_2790,წიგნი რა ვნახე,წერილი რომ ვნახე.,21,508,True
ganm_2791,ესე,ეს.,21,508,False
ganm_2792,უცხო და ღარიბი,"საუცხოო, იშვიათი და გამორჩეული.",21,508,True
ganm_2793,მტკიცისა რასმე შავისა,რაღაც მტკიცე შავი ნაჭრისა.,21,508,True
ganm_2794,გამიცუდდეს,"წამიხდნენ, წამერთვნენ.",22,509,False
ganm_2795,სიჩაუქე,"სიყოჩაღე, სიმარდე, სიკისკასე.",22,509,False
ganm_2796,სიალფე,"ძალა, ვაჟკცობა.",22,509,False
ganm_2797,ხელმან,"შმაგმა, გახელებულმა.",22,509,False
ganm_2798,გავიცადენ,1. დავინახე. 2. განვიცადე.,22,509,False
ganm_2799,სულთა ნაცვლად,"სიცოცხლის სანაცვლოდ. იგულისხმება, რომ ნესტანმა ტარიელს მისი სიყვარულის გაზიარებით სიცოცხლე შეუნარჩუნა.",22,509,True
ganm_2801,სამსახურნი რამცა ვითა გიმუქფენი,მუქაფა - სამაგიერო. რა სამსახურს შემოგზღავ სამაგიეროდ და როგორ?,22,509,True
ganm_2802,დამარჩინე,"გადამარჩინე, მაცოცხლე.",22,510,False
ganm_2803,სულთა სრულად არ გამყარე,სულ არ მომკალი.,22,510,True
ganm_2804,აწცა,ახლაც.,22,510,False
ganm_2805,ესე,ეს.,22,510,False
ganm_2806,ჟამი,დრო.,22,510,False
ganm_2807,დავადარე,გავუთანაბრე.,22,510,False
ganm_2808,მკლავსა გარე,"მკლავის გარშემო, მკლავზე.",22,510,True
ganm_2809,რომე მმართებს,"რომ მეკუთვნის, შემეფერება.",22,510,True
ganm_2810,ეგზომიმცა რა ვიხარე,ასე როგორ გავიხარო? ამდენს როგორ გავიხარებ?,22,510,True
ganm_2811,ვიწინაშე,"სამსახური გაგიწიე, შენი დავალება შევასრულე. ისე მოგეკიდე, როგორც ვასალი, ყმა - პატრონს, რომლის „წინაშე დგომა”, სამსახური მას ჰმართებს.",22,511,False
ganm_2813,რიდე,"მოსასხამი, პირსაბურავი.",22,511,False
ganm_2814,ყაბაჩა,მოკლე ქათიბი.,22,511,False
ganm_2815,ვერა,ვერაფერი.,22,511,False
ganm_2816,დაბნედილსა,"გულწასულს, გონდაკარგულს.",22,511,False
ganm_2817,დამაგდებ,დამტოვებ.,22,511,False
ganm_2818,რა,რამე.,22,511,False
ganm_2819,მოვე,მოდი!,22,511,False
ganm_2820,სოფელს,"ქვეყნად, წუთისოფელში.",22,511,False
ganm_2821,უშენოსა,სხვას თუ არ შენ.,22,511,False
ganm_2822,ვისმცა შევეპოვე,"ვის შევეპუები! ტაეპის აზრია: ვის გავუწევ ანგარიშს და დავერიდები ამ ქვეყნად, თუ არ შენ?",22,511,True
ganm_2823,გამეყარა,"დამტოვა, წავიდა.",22,512,False
ganm_2824,ამოდ,"მშვიდად, ტკბილად.",22,512,False
ganm_2825,მაგრა,მაგრამ.,22,512,False
ganm_2826,მყვა,მყავდა.,22,512,False
ganm_2827,სულდგმულობა,სიცოცხლე.,22,512,False
ganm_2828,სრას,სასახლეში.,23,513,False
ganm_2829,მწუხრმან,მწუხრი - ბნელი.,23,513,False
ganm_2830,ჟამითა,"დროულად. საერთო აზრია: ... როცა, დანიშნულ დროზე, ღამე დღედ გათენდა.",23,513,False
ganm_2831,ვცნა,"გავიგო, შევიტყო. მათი. ლაპარაკია მეფე-დედოფალზე.",23,513,False
ganm_2832,ერთგან,ერთად.,23,513,False
ganm_2833,სხდეს,ისხდნენ.,23,513,False
ganm_2834,ხასითა,"კარისკაცით, დიდებულით.",23,513,False
ganm_2835,რა მივე,რომ მივედი.,23,513,True
ganm_2836,წინაშე,"მათ წინაშე, მათთან.",23,513,False
ganm_2837,გვიბრძანეს,გვითხრა (ლაპარაკია მეფეზე).,23,514,False
ganm_2838,ასრე,ასე.,23,514,False
ganm_2839,დაგვაბერნა,დაგვაბერა.,23,514,False
ganm_2840,და-ცა-გვლია,"დაგვლია, დაგვაუძლურა კიდეც. ნაწილაკი „ცა” ჩართულია ზმნასა და ზმნისწინს შორის.",23,514,False
ganm_2841,ჟამი,დრო.,23,514,False
ganm_2842,სიყმაწვილე,ახალგაზრდობა.,23,514,False
ganm_2843,ყმა,"მეომარი, რაინდი. აქ: ვაჟიშვილი.",23,514,False
ganm_2844,გვივის,გვყავს.,23,514,False
ganm_2845,არ-სმა,არ-ყოლა.,23,514,False
ganm_2846,არად გვგავა,არაფრად გვენაღვლება.,23,514,True
ganm_2847,ზედა წაგვითვლია,"როგორც ჩანს, აზრი შემდეგია: ვაჟის არყოლას არ ვდარდობთ, რადგან ეს უბედურება ზედ მივათვალეთ ჩვენს ბედნიერებას - მშვენიერი ქალის ყოლას - და ჯამში დაზარალებულნი არ აღმოვჩნდით.",23,514,True
ganm_2849,სახედ ჩვენად გამოვსახოთ,"ჩვენი მაგივრობა გავაწევინოთ, ჩვენ მსგავსად, ჩვენ შემცვლელად გვყავდეს (მეფე თავის თავზე მრავლობით რიცხვში ლაპარაკობს).",23,515,True
ganm_2850,ვამახოთ,"ვამახვილოთ, ვაბასროთ. ტაეპის აზრია: ჩვენზე მტრები არ გავახაროთ.",23,515,False
ganm_2851,ძისა,აქ: ვაჟიშვილის.,23,516,False
ganm_2852,არა-სმა,არყოლა.,23,516,False
ganm_2853,მიეფარების,"დაავიწყდება, ყურადღების გარეშე დარჩება.",23,516,False
ganm_2855,მაგრა,მაგრამ.,23,516,False
ganm_2856,კმა,კმარა.,23,516,False
ganm_2857,ვინ მზესა დაედარების,ვინც მზეს ედარება (ლაპარაკია ნესტანზე).,23,516,True
ganm_2858,გაეხარების,გაუხარდება.,23,516,False
ganm_2859,სხვამცა რა გკადრეთ,სხვა რა მოგახსენოთ? სხვას რას მოგახსენებთ?,23,516,True
ganm_2860,მიც,მაქვს.,23,517,False
ganm_2861,თუცა,თუმცა.,23,517,False
ganm_2862,მელია,"გამელია; დარდისაგან, მწუხარებისა და შიშისგან ძალა დაკარგა. საერთო აზრია: გული მაინც მაქვს, თავს მაინც ვფლობ, თუმცა თავზარდამცემი ამბისაგან ძალა წამერთვა.",23,517,False
ganm_2863,ხვარაზმშა,"შუა აზიის სახელმწიფოს, ხვარაზმის მეფე, მთელ ირანში გაბატონებული და შაჰის ტახტზე მჯდომი. ასეთი ვითარება ხვარაზმის მეფეებს XII–XIII საუკუნეთა მიჯნაზე შეექმნათ.",23,517,False
ganm_2864,არ რომელია,არავინაა.,23,517,True
ganm_2865,რომე,რომ.,23,518,False
ganm_2866,პირველვე,"ადრევე, წინდაწინვე.",23,518,False
ganm_2867,დაესკვნა,გადაეწყვიტათ (ლაპარაკია მეფე-დედოფალზე).,23,518,False
ganm_2868,ესე,ეს.,23,518,False
ganm_2869,შეეტყვებოდა,ეტყობოდათ.,23,518,False
ganm_2870,უჭვრეტდეს,უყურებდნენ.,23,518,False
ganm_2871,სიტყვა,თქმა.,23,518,False
ganm_2872,სწბებოდა,ჰრცხვენოდათ.,23,518,False
ganm_2874,დაშლისა კადრება,წინააღმდეგობის გაბედვა.,23,518,True
ganm_2875,ამბად არ ეგებოდა,"არ შეიძლებოდა, არ გამოვიდოდა, წარმოუდგენელი იყო. საერთო აზრია: მე მათ სიტყვას წინააღმდეგობას ვერ გავუწევდი, ვერ შევეკამათებოდი.",23,518,True
ganm_2876,ოდენ,"მხოლოდ, ოღონდ.",23,518,False
ganm_2877,გული მი და მო კრთებოდა,"გული უწესრიგოდ მიცემდა ( დიდი განცდისაგან), აქეთ-იქით აწყდებოდა.",23,518,True
ganm_2878,მორჭმით,"დიდებით, გამარჯვებით.",23,519,False
ganm_2879,მათსამცა შვილსა,მის შვილს ...ვინ ემჯობინება? (მრ. რიცხვი მეფისადმი პატივისცემას გამოხატავს).,23,519,True
ganm_2880,შეცილებამცა ვინ ჰკადრა,"შეცილებას, შედავებას ვინ გაუბედავდა? (ლაპარაკია დედოფალზე).",23,519,True
ganm_2881,მოწმობა დავჰრთე,"დავემოწმე, დავეთანხმე.",23,519,True
ganm_2882,დაესკვნა,გადაწყდა. ან: გადაეწყვიტათ (მეფე-დედოფალს).,23,519,False
ganm_2883,სულთა მხდომელი,"სულის ამომხდელი, მკვლელი.",23,519,True
ganm_2884,ხვარაზმშას წინა,ხვარაზმშასთან.,23,520,True
ganm_2885,უმკვიდროდ,უმემკვიდრეოდ.,23,520,False
ganm_2886,ყოველი,მთელი.,23,520,False
ganm_2887,საძეო,"ძედ, შვილად საყოლი, ე.ი. შინ, ოჯახში დასატოვებელი. შეიძლება ასეც გავიგოთ: ძე-სიძის (ზედ-სიძის) მომყვანი (ალ. ჭინჭარაული).",23,520,False
ganm_2888,არ კიდე-გასათხოველი,"არა განზე გასათხოვებელი, სახლიდან გასაშვები.",23,520,True
ganm_2889,აევსო,იგულისხმება: ხვარაზმშას. ჯუბაჩა კაცის ტანსაცმელია.,23,521,False
ganm_2890,რიდითა,"რიდე - მოსასხამი, მოსაბურავი. ტაეპის აზრია: ხვარაზმშას მოციქული „შეემოსა”, ტანსაცმლით დაესაჩუქრებინა.",23,521,False
ganm_2891,მოგვხვდა,"მოგვეცა, წილად გვხვდა.",23,521,False
ganm_2892,რომე,რომ.,23,521,False
ganm_2893,ვინატრიდით,ვნატრობდით.,23,521,False
ganm_2894,თვით,"აქ: მით უფრო, რომ; თანაც.",23,521,False
ganm_2896,მაგისებრსა შვილსამცა ჩვენ ხელსა რასა ვჰხდიდითა,"იგულისხმება: ასეთი კარგი შვილიც კი უკეთესს რას გაგვიკეთებდა, ვიდრე ინდოეთის ტახტის დაპატრონებაა?",23,521,True
ganm_2897,კვლა,კიდევ.,23,522,False
ganm_2898,მოყვანებად,მოსაყვანად.,23,522,False
ganm_2899,დაჰვედრეს,დააბარეს.,23,522,False
ganm_2900,ჩვენად ნაბრძანებად,როგორც ჩვენ გიბრძანებთ.,23,522,True
ganm_2901,მაშვრალი,დაღლილი.,23,522,False
ganm_2902,საწოლს,საწოლ ოთახში.,23,522,False
ganm_2903,შევე,შევედი.,23,522,False
ganm_2904,მოპოვნება,შეძენა.,23,522,False
ganm_2906,მიმწურა,მიმაყენა.,24,523,False
ganm_2911,სად,სადაც.,24,523,False
ganm_2908,შემოდგა,შემოვიდა.,24,523,False
ganm_2909,ვჯე,ვიჯექი.,24,523,False
ganm_2910,ჯანი,"მძლავრი, ჯანიანი.",24,523,False
ganm_2911,სად,სადაც.,24,523,False
ganm_2912,ვინ,ვინც.,24,523,False
ganm_2913,სჩან,სჩანხარ.,24,523,False
ganm_2911,სად,სადაც.,24,523,False
ganm_2914,ადრე,მალე.,24,523,False
ganm_2911,სად,სადაც.,24,523,False
ganm_2915,შევჯე,(ცხენზე).,24,524,False
ganm_2916,მივე,მივედი.,24,524,False
ganm_2918,შევვლე,გავიარე.,24,524,False
ganm_2921,წთომით,ჩამოწვეთებით.,24,524,False
ganm_2923,დამიმძიმდა,"მემძიმა, მეწყინა, დავღონდი.",24,524,False
ganm_2924,არა,არაფერი.,24,524,False
ganm_2925,ჭირდა,"ძნელი იყო, ჭირდა.",24,524,False
ganm_2926,ნდომით,"ხალისით, გულღიად.",24,524,False
ganm_2927,დაღრეჯილი,დაღონებული.,24,525,False
ganm_2928,ესე,ეს.,24,525,False
ganm_2929,დამიმძიმდა,მეწყინა.,24,525,False
ganm_2930,ვითა,როგორც.,24,525,False
ganm_2931,წინას,წინათ.,24,525,False
ganm_2932,შემომცინის,შემომცინებდა ხოლმე.,24,525,False
ganm_2933,არღა ეგრე გამიღიმდა,ისეთნაირად აღარ გამიღიმა.,24,525,True
ganm_2934,ყოლა,"სულ, სრულებით.",24,525,False
ganm_2935,მომიგო,მიპასუხა.,24,525,False
ganm_2936,ოდენ,მხოლოდ.,24,525,False
ganm_2937,წყლულთა მიაქიმდა,ჩემ ჭრილობებს ექიმად გაუხდა.,24,525,True
ganm_2938,გონებანი,ფიქრები.,24,526,False
ganm_2939,გამიკიდნა,"გამიკიდეგანა, დამიშორიშორა. ტაეპის აზრია: ჩემი მოკრეფილი, ერთიანი ფიქრი დააბნია, თავისი პირქუში დახვედრით სამძიმო გამოცანა მომცა.",24,526,False
ganm_2940,შინა,შიგნით.,24,526,False
ganm_2941,კოშკად,კოშკში.,24,526,False
ganm_2942,ფარდაგსაცა ამიზიდნა,ფარდაც ამიწია.,24,526,True
ganm_2943,ჭირმან ყოვლმან უკუმრიდნა,ყოველგვარი მწუხარება გამიქარვდა.,24,526,True
ganm_2944,მაგრა,"მაგრამ. ტაეპის მეტაფორული აზრია: სიხარულმა გული გამინათა, მაგრამ ის, რაც მაწუხებდა, მაინც არ დამავიწყდა.",24,526,False
ganm_2945,იყო არ ნათლად ნათელი,(ფარდაგში შემოსული) შუქი შუქს არ ჰგავდა (ნესტანის მშვენიერებასთან შედარებით).,24,527,True
ganm_2946,ებურა,"ეხვია, ეხურა.",24,527,False
ganm_2947,მოშლით,უწესრიგოდ.,24,527,False
ganm_2948,პირ-ოქრო,"ოქროს საპირიანი; ისეთი, რომელსაც პირის მხარე ოქროთი აქვს გაწყობილი.",24,527,False
ganm_2949,რიდე,"მოსასხამი, პირსაბურავი.",24,527,False
ganm_2950,რომელი,რომელიც.,24,527,False
ganm_2951,მითვე მწვანითა,იმავე მწვანე სამოსით.,24,527,True
ganm_2952,უებრო,სწორუპოვარი.,24,527,False
ganm_2953,პირი,პირისახე.,24,527,False
ganm_2954,ელვა,"1. ელვა. 2. სხივი. პირი, ელვათა მკრთომელი. ამ პოეტურ სახეში გამოყენებულია „ელვის” ორივე მნიშვნელობა. პირდაპირი აზრით აქ ნათქვამია, რომ ნესტანის სახე შუქს ასხივებდა თავისი მშვენიერებით. ამავე დროს სიტყვა „ელვა” მიგვანიშნებს, რომ ნესტანი განრისხებულია. იგი მზადაა, თავისი რისხვა ტარიელს ელვად და მეხად მოუვლინოს.",24,527,False
ganm_2955,ქვე წვა,წამოწოლილი იყო.,24,528,True
ganm_2956,ვით,როგორც.,24,528,False
ganm_2959,ხებული,ხედ გაზრდილი.,24,528,False
ganm_2957,ჰგვანდა,ჰგავდა.,24,528,False
ganm_2959,ხებული,ხედ გაზრდილი.,24,528,False
ganm_2960,შორს-გვარად,მოშორებით.,24,528,False
ganm_2959,ხებული,ხედ გაზრდილი.,24,528,False
ganm_2962,წარბ-შერჭმით,წარბშეჭმუხვნით.,24,528,False
ganm_2959,ხებული,ხედ გაზრდილი.,24,528,False
ganm_2970,მი,"ზმნისწინი ზმნისა „მიგცემს”, გამეორებული აზრის გაძლიერების მიზნით.",24,529,False
ganm_2970,მი,"ზმნისწინი ზმნისა „მიგცემს”, გამეორებული აზრის გაძლიერების მიზნით.",24,529,False
ganm_2963,მოხვე,მოხვედი.,24,529,False
ganm_2964,მშლელი,"დამრღვევი, გამტეხი.",24,529,False
ganm_2965,პირისა,"პირობის, გადაწყვეტილების.",24,529,False
ganm_2966,მუხთალი,"ვერაგი, მოღალატე.",24,529,False
ganm_2967,მაგრა,მაგრამ.,24,529,False
ganm_2968,ნაცვალსა,სამაგიეროს.,24,529,False
ganm_2969,პატიჟსა,"ტანჯვას, სასჯელს.",24,529,False
ganm_2970,მი,"ზმნისწინი ზმნისა „მიგცემს”, გამეორებული აზრის გაძლიერების მიზნით.",24,529,False
ganm_2970,მი,"ზმნისწინი ზმნისა „მიგცემს”, გამეორებული აზრის გაძლიერების მიზნით.",24,529,False
ganm_2971,ვჰკადრე,"ვუთხარი, მოვახსენე.",24,529,False
ganm_2970,მი,"ზმნისწინი ზმნისა „მიგცემს”, გამეორებული აზრის გაძლიერების მიზნით.",24,529,False
ganm_2973,ვერას,ვერაფერს.,24,530,False
ganm_2974,გკადრებ,მოგახსენებ.,24,530,False
ganm_2975,ვსცნობ,"გავიგებ, შევიტყობ.",24,530,False
ganm_2976,რა შეგცოდე,რა დავაშავე შენს წინაშე?,24,530,True
ganm_2977,უცნობოსა,"გონდაკარგულს, უგონოს.",24,530,False
ganm_2978,ფერ-ნამკრთალსა,"ფერწასულს, შენი წყრომისგან ზარდაცემულს.",24,530,False
ganm_2979,კვლაცა,"კვლავ, ისევ.",24,530,False
ganm_2980,რას გეუბნა,რას გელაპარაკო? ან: ასეთ კაცს როგორ გელაპარაკო!,24,530,True
ganm_2981,დიაცურად,"ქალურად, ქალთა ჩვეულებისამებრ.",24,530,False
ganm_2982,მოვღორდი,მოვტყუვდი.,24,530,False
ganm_2983,დავუწვავ,დავუწვავარ.,24,530,False
ganm_2984,ამით,"ამისათვის, ამიტომ.",24,530,False
ganm_2985,მოყვანება,მოყვანა.,24,531,False
ganm_2986,სავაზიროდ,სათათბიროდ.,24,531,False
ganm_2987,შენი რთულა ამას ნება,"ამას შენი ნება დაჰრთვია, ამას დასთანხმებიხარ.",24,531,True
ganm_2988,სიმტკიცე,"აქ: პირობა, შეთანხმება.",24,531,False
ganm_2989,მცნება,ბრძანება (იგულისხმება: ჩემი ბრძანება). შესაძლოა მეორე გაგებაც: მცნება გულისხმობს ქრისტიანულ მცნებას „არა ცილი ჰფუცო” (ალ. ჭინჭარაული).,24,531,False
ganm_2990,ცუდად,"ამაოდ, ტყუილ-უბრალოდ.",24,531,False
ganm_2991,ხელოვნება,"აქ: ეშმაკობა, გაიძვერობა, ხრიკი.",24,531,False
ganm_2994,ჰბანდეს,ბანდნენ.,24,532,False
ganm_2995,დასტაქარნი,"ქირურგები (იგულისხმებიან ისინი, ვინც ტარიელს „ხელი გაუხსნა”, ვენიდან სისხლი გამოუშვა).",24,532,False
ganm_2996,წამალთა-ყე მოგიტანდეს,წამლებს გაძლევდნენ (ნაწილაკი „ყე” დართულია პირდაპირ დამატებაზე ამ უკანასკნელის სიმრავლის ხაზგასასმელად).,24,532,True
ganm_2997,მამაცისა,მამაკაცის.,24,532,False
ganm_2998,სახე,შედარება.,24,532,False
ganm_2999,ჰგვანდეს,შეეფერებოდნენ.,24,532,False
ganm_3001,ვინძი უფრო დაზიანდეს,"ნეტა, ვინ უფრო დაზიანდება; ვნახოთ, ვინ უფრო დაზიანდება!",24,532,True
ganm_3002,ვბრძანებ,ვამბობ.,24,533,False
ganm_3003,ეგრეც,მაინც.,24,533,False
ganm_3004,პატრონობა,"ბატონობა, უმაღლესი ხელისუფლება. უგზოს ვლიდენ, თუნდა გზეთსა. იგულისხმება: ვინც უნდა იყოს, რა კაციც უნდა იყოს ჩემი მომავალი ქმარი. ა და ბ ტაეპების აზრია: ვინც უნდა გახდეს ჩემი ქმარი და ინდოეთის „პატრონობა”, მფლობელობა დაიწყოს, ქვეყნის ნამდვილი „პატრონი”, მეფე მაინც მე ვიქნები (და შენ საკადრის პასუხს გაგცემ).",24,533,False
ganm_3005,ეგე აგრე არ იქმნების,ეს ასე არ მოხდება (როგორც შენ გგონია).,24,533,True
ganm_3006,წა,წადი!,24,533,False
ganm_3007,მომცთარხარ,"შემცდარხარ, მდგომარეობა სწორად ვერ გაგითვალისწინებია.",24,533,False
ganm_3010,ღმერთო,"ფიცია. ა და ბ ტაეპთა აზრია: მე თუ ცოცხალი ვიქენ, შენ ინდოეთში არ დაგაყენებ. თუ ეცდები, ინდოეთში დარჩე, სიცოცხლეს გამოგასალმებ.",24,534,False
ganm_3011,ვერა ჰპოვო,"ვერ იპოვი, ვერ ნახავ.",24,534,True
ganm_3012,ცათამდისცა ხელი აჰყო,"ცამდისაც რომ ხელი მიაწვდინო, ცამდისაც რომ ეძებო.",24,534,True
ganm_3013,ყმა,ლაპარაკია ტარიელზე.,24,534,False
ganm_3014,სულთქვნა,ამოიოხრა.,24,534,False
ganm_3015,აჰ-ყო,„აჰ” თქვა.,24,534,False
ganm_3016,კვლა,ისევ.,24,535,False
ganm_3017,ძალი,ძალა.,24,535,False
ganm_3021,რეტად,"გაოგნებულად, რეტდასხმულად.",24,535,False
ganm_3019,აწ,ახლა.,24,535,False
ganm_3020,დავკარგე,(იგულისხმება: ნესტანი).,24,535,False
ganm_3021,რეტად,"გაოგნებულად, რეტდასხმულად.",24,535,False
ganm_3022,სოფელო,"წუთისოფელო, ცხოვრებავ.",24,535,False
ganm_3023,უხანოო,"ვერაგო, გაუტანელო.",24,535,False
ganm_3024,ჰზი,ზიხარ.,24,535,False
ganm_3021,რეტად,"გაოგნებულად, რეტდასხმულად.",24,535,False
ganm_3027,სასთუნალ,"სასთუმალთან, ბალიშთან.",24,536,False
ganm_3028,მუსაფი,ყურანი.,24,536,False
ganm_3030,ვჰკადრე,ვუთხარი.,24,536,False
ganm_3031,"დაგიწვავ, ჩემიცა დაწვი მზე ბარე","დაგიწვავარ, ბარემ ჩემი სიცოცხლეც (მზეც) იმსხვერპლე („დაწვი”), შეიწირე!",24,536,True
ganm_3032,გკადრო მე ბარე,ბარემ მოგახსენებ.,24,536,True
ganm_3033,რომე გკადრებ,"რომ გეტყვი, რომელსაც გეტყვი.",24,537,True
ganm_3034,ესე,ეს.,24,537,False
ganm_3035,ცუდად ნალიქნია,"ტყუილია, მლიქვნელობით მოგონილია.",24,537,True
ganm_3036,ცამცა მრისხავს,ცამ მრისხოს.,24,537,True
ganm_3037,ყოლა,სრულებით. საერთო აზრია: ჩემთვის მზის შუქიც ნუ შუქობს (თუ ვტყუოდე).,24,537,False
ganm_3038,განკითხვასა,მოსმენა-გასამართლებას.,24,537,False
ganm_3039,ავი,ცუდი.,24,537,False
ganm_3040,არა,არაფერი.,24,537,False
ganm_3039,ავი,ცუდი.,24,537,False
ganm_3041,კვლაცა,კიდევ.,24,538,False
ganm_3042,ვჰკადრე,"ვუთხარი, მოვახსენე. თქვენთვის. ლაპარაკია ნესტანზე.",24,538,False
ganm_3043,აწვე,ახლავე.,24,538,False
ganm_3044,ზეცით ჩემთვის გაა მეხოს,ზეციდან მეხად დამატეხოს.,24,538,True
ganm_3047,მეხოს,"ხედ, ხესავით წერწეტად მეჩვენებოდეს.",24,538,False
ganm_3051,მეხოს,"შემეხოს, მომხვდეს. გ და დ ტაეპების აზრია: მაშინ როგორღა ვიცოცხლო, თუ რისხვა ლახვარივით მომხვდება გულზე?",24,538,False
ganm_3045,უშენოსა,"სხვისი, თუ არ შენი.",24,538,False
ganm_3046,მემზოს,მზედ მესახებოდეს.,24,538,False
ganm_3047,მეხოს,"ხედ, ხესავით წერწეტად მეჩვენებოდეს.",24,538,False
ganm_3051,მეხოს,"შემეხოს, მომხვდეს. გ და დ ტაეპების აზრია: მაშინ როგორღა ვიცოცხლო, თუ რისხვა ლახვარივით მომხვდება გულზე?",24,538,False
ganm_3048,მაშა,მაშ.,24,538,False
ganm_3049,რაგვარ,როგორ.,24,538,False
ganm_3050,დავრჩე,"ვიცოცხლო, ვიარსებო.",24,538,False
ganm_3047,მეხოს,"ხედ, ხესავით წერწეტად მეჩვენებოდეს.",24,538,False
ganm_3051,მეხოს,"შემეხოს, მომხვდეს. გ და დ ტაეპების აზრია: მაშინ როგორღა ვიცოცხლო, თუ რისხვა ლახვარივით მომხვდება გულზე?",24,538,False
ganm_3052,დარბაზს,"კარზე, სასახლეში.",24,539,False
ganm_3053,ვაზირობა,"ბჭობა, თათბირი.",24,539,False
ganm_3054,წინასვე,წინდაწინვე.,24,539,False
ganm_3055,დაეპირა,გადაეწყვიტათ.,24,539,False
ganm_3056,იმა ყმისა შენი ქმრობა,იმ მოყმის შენ ქმრად მოყვანა.,24,539,True
ganm_3057,ვერ დავშლიდი,"ვერ დავუშლიდი, ვერ დავარღვევდი მათს ჩანაფიქრს.",24,539,True
ganm_3058,უმეცრობა,"უვიცობა, ვერგაგება.",24,539,False
ganm_3060,მიემოწმე,დაეთანხმე.,24,539,False
ganm_3061,ჟამად,დროებით.,24,539,False
ganm_3062,გულ-მაგრობა,"აქ: თავდაჭერა, ზრახვის გულში შენახვა.",24,539,False
ganm_3063,მიღმა,იქით.,24,540,False
ganm_3064,რამცა ვჰკადრე,"რას გავუბედავდი? ტაეპის აზრია: მე როგორ დავუშლიდი, როცა თვითონ ვერ მიმხვდარა (რომ ინდოეთს მემკვიდრე ჰყავს ჩემი სახით)!",24,540,True
ganm_3065,"არ იცის, თუ","განა არ იცის, რომ",24,540,True
ganm_3066,მემამულე,მემკვიდრე.,24,540,False
ganm_3067,სხვასა ჰმართებს არად არა,"სხვას არ ეკუთვნის, არ ერგება სრულებით.",24,540,True
ganm_3068,ვის მოიყვანს,ვინ მოჰყავს.,24,540,True
ganm_3069,არა ვიცი,არ ვიცი.,24,540,True
ganm_3070,ანუ,ან.,24,540,False
ganm_3071,მომცდარა,მოტყუებულა.,24,540,False
ganm_3072,ვეღარას ვიქმ,ვეღარაფერს გავაწყობ.,24,541,True
ganm_3073,ღონე,"ხერხი, საშუალება.",24,541,False
ganm_3074,სხვა რა,სხვა რამე.,24,541,True
ganm_3078,ვარო,"ვატარო, ვარბენინო. ტაეპის აზრია: გული მხეცივით მქონდა და, როგორც მხეცი, მინდვრად გაჭრას ვისწრაფოდი.",24,541,False
ganm_3075,ნუ მოგიცავ,"ნუ მოგიცავარ, ნუ შეგიპყრივარ.",24,541,True
ganm_3076,გონებაო,ფიქრო.,24,541,False
ganm_3078,ვარო,"ვატარო, ვარბენინო. ტაეპის აზრია: გული მხეცივით მქონდა და, როგორც მხეცი, მინდვრად გაჭრას ვისწრაფოდი.",24,541,False
ganm_3077,მედვა,მქონდა.,24,541,False
ganm_3078,ვარო,"ვატარო, ვარბენინო. ტაეპის აზრია: გული მხეცივით მქონდა და, როგორც მხეცი, მინდვრად გაჭრას ვისწრაფოდი.",24,541,False
ganm_3079,ვისმცა მივეც,ვის მივცემ?,24,541,True
ganm_3081,რადმე,"რამე მიზეზით. ტაეპის აზრია: ვის მივცემ შენს თავს, თუ შენ თვითონ არ წამართმევ?",24,541,False
ganm_3078,ვარო,"ვატარო, ვარბენინო. ტაეპის აზრია: გული მხეცივით მქონდა და, როგორც მხეცი, მინდვრად გაჭრას ვისწრაფოდი.",24,541,False
ganm_3082,სულთა ვჰყიდდი გულისათვის,"სულს ვფიცავდი იმ მიზნის მისაღწევად, რაც ჩემს გულს უნდოდა - ნესტანის მოლბობისათვის. შესაძლოა სხვა გაგებაც: სულს (სიცოცხლეს) ვთმობდი (ფიცით), რათა გრძნობა („გული”) დამეკმაყოფილებინა.",24,542,True
ganm_3083,ამად,ამიტომ.,24,542,False
ganm_3084,გამებ აზრა,ბაზრად გამეხადა.,24,542,True
ganm_3088,აზრა,"დააზრო, გაყინა. ტაეპის მეტაფორული აზრია: ცრემლის დენა (წვიმა), რომელიც აქამდე ნესტანის ლოყებს (ვარდს) აფერმკრთალებდა და აუხეშებდა (აზრობდა), შენელდა.",24,542,False
ganm_3085,და-რე-ნელდა,შენელდა.,24,542,False
ganm_3086,რომე,რომ.,24,542,False
ganm_3087,პირველ,პირველად.,24,542,False
ganm_3088,აზრა,"დააზრო, გაყინა. ტაეპის მეტაფორული აზრია: ცრემლის დენა (წვიმა), რომელიც აქამდე ნესტანის ლოყებს (ვარდს) აფერმკრთალებდა და აუხეშებდა (აზრობდა), შენელდა.",24,542,False
ganm_3090,მარგალიტი,თეთრი კბილებისა.,24,542,False
ganm_3091,გარე,გარშემო.,24,542,False
ganm_3088,აზრა,"დააზრო, გაყინა. ტაეპის მეტაფორული აზრია: ცრემლის დენა (წვიმა), რომელიც აქამდე ნესტანის ლოყებს (ვარდს) აფერმკრთალებდა და აუხეშებდა (აზრობდა), შენელდა.",24,542,False
ganm_3093,ეგე,ეგ.,24,542,False
ganm_3088,აზრა,"დააზრო, გაყინა. ტაეპის მეტაფორული აზრია: ცრემლის დენა (წვიმა), რომელიც აქამდე ნესტანის ლოყებს (ვარდს) აფერმკრთალებდა და აუხეშებდა (აზრობდა), შენელდა.",24,542,False
ganm_3095,უარის ქმნასა,უარყოფას.,24,543,True
ganm_3096,ამისთვის,"ამის გამო, ამგვარად.",24,543,False
ganm_3098,იაჯდი,"იაჯე, ითხოვე, მოითხოვე.",24,543,False
ganm_3099,მორჭმით,"ძლევით, დიდებით, ლაღად.",24,543,False
ganm_3100,ფლობასა,"ბატონ–პატრონობას. აქ: მეფობას. ტაეპის აზრია: ითხოვე, რომ ჩემი თავი შენ შეგხვდეს და ინდოეთის მეფედ შენ დაჯდე!",24,543,False
ganm_3101,სჯობს ყოვლსა სიძე-სძლობასა,"იგულისხმება: სჯობს ყოველ სხვა სიძე-პატარძლობას, ყოველ სხვა სიყვარულს.",24,543,True
ganm_3102,გამქისებული,"გამკაცრებული, მოღუშული.",24,544,False
ganm_3103,ანუ,ან.,24,544,False
ganm_3104,ქვეყანად,"ქვეყნად, დედამიწაზე.",24,544,False
ganm_3105,აქამდის არ-ღირსებული,"ის, რის ღირსადაც აქამდე არ გავუხდივარ (თავის გვერდზე დასმა).",24,544,True
ganm_3106,მეუბნებოდა,მელაპარაკებოდა.,24,544,False
ganm_3107,დამივსო,ჩამიქრო.,24,544,False
ganm_3108,გზებული,ანთებული. ამითა ამ ტაეპში ეკუთვნის ზმნას „დამივსო”.,24,544,False
ganm_3110,ხამს,"საჭიროა, ჯერ-არს.",24,545,False
ganm_3111,აროდეს,არასდროს,24,545,False
ganm_3112,საწუთროსა დაუწყნარდეს,"ცხოვრებას დინჯად, დაფიქრებით მოეკიდოს, ვითარება აწონ-დაწონოს.",24,545,True
ganm_3113,წაიკიდნეთ,(თქვენ რომ) ერთმანეთს წაეკიდოთ.,24,545,False
ganm_3114,გარდაქარდეს,"დაიღუპება, დაინგრევა (თქვენი ურთიერთბრძოლით)",24,545,False
ganm_3115,კვლა,აქ: ხოლო.,24,546,False
ganm_3116,ასდენ,ესოდენ. იგულისხმება: საქმე თუ აქამდე მივიდა.,24,546,False
ganm_3117,ძოწეულნი,"აქ: წითელი, სამხიარულო ტანსაცმელი, მეფეთა შესამოსელი.",24,546,False
ganm_3116,ასდენ,ესოდენ. იგულისხმება: საქმე თუ აქამდე მივიდა.,24,546,False
ganm_3119,მათ,იგულისხმება: ხვარაზმელებმა.,24,546,False
ganm_3120,მორჭმულთა,"გამარჯვებულებმა, გალა¬ღებულებმა.",24,546,False
ganm_3121,მოივლინონ,"დიდებითა და ძლევამოსილებით იარონ, იბატონონ.",24,546,False
ganm_3122,პატიჟნი,ტანჯვანი.,24,546,False
ganm_3116,ასდენ,ესოდენ. იგულისხმება: საქმე თუ აქამდე მივიდა.,24,546,False
ganm_3123,ესე ამბად არ ეგების,"ეს არ გამოდგება, ეს არ შეიძლება.",24,546,True
ganm_3124,რომე,რომ.,24,546,False
ganm_3125,სპარსნი,იგულისხმება: ხვარაზმელები.,24,546,False
ganm_3116,ასდენ,ესოდენ. იგულისხმება: საქმე თუ აქამდე მივიდა.,24,546,False
ganm_3127,ვჰკადრე,ვუთხარი.,24,547,False
ganm_3128,ღმერთმან აშოროს,ღმერთმა ნუ ქნას!,24,547,True
ganm_3129,მის ყმისა,იმ მოყმის. ტაეპის აზრია: ღმერთმა ნუ ქნას იმ მოყმის (ხვარაზმშას ძის) შენზე დაქორწინება.,24,547,True
ganm_3130,რა შემოვიდენ,რომ შემოვლენ.,24,547,True
ganm_3131,შევიგნა მათი გვარობა,"გავიგებ, ვნახავ, ვინ არიან, რანი არიან.",24,547,True
ganm_3132,ვუჩვენო,ვუჩვენებ.,24,547,False
ganm_3133,ძალ-გული,ძალა და სიმამაცე.,24,547,False
ganm_3134,ასრე,ასე.,24,547,False
ganm_3135,დავხადნე,გავხდი.,24,547,False
ganm_3136,"შეეძლოს აღარას, არ, სახმარობა","(რომ) არაფრისთვის ვარგისნი აღარ იყონ, არაფერში გამოდგომა აღარ შეეძლოთ.",24,547,True
ganm_3137,ხამს,"საჭიროა, ჯერ-არს, უნდა.",24,548,False
ganm_3138,დიაცი,"ქალი. ტაეპის აზრია: ქალი ქალურად უნდა ირჯებოდეს, ქალურად უნდა მსჯელობდეს.",24,548,False
ganm_3139,შეგაქმნევ,"გაქნევინებ. აქ: დაგაკისრებ, დაგაღვრევინებ.",24,548,False
ganm_3140,რა მოვიდეს,რომ მოვა.,24,548,True
ganm_3141,მისთა სპათა აუწყვედლად,მისი ჯარისკაცების დაუხოცავად.,24,548,True
ganm_3142,მართლისა,სწორის.,24,548,False
ganm_3142,მართლისა,სწორის.,24,548,False
ganm_3143,შეიქმს,გახდის.,24,548,False
ganm_3144,ასრე,ასე.,24,549,False
ganm_3145,ქმენ,"ქენი, მოიქეცი.",24,549,False
ganm_3146,მოპარვით,მალულად.,24,549,False
ganm_3147,ნუ მოირთაო,"ნუ იახლებ, ნუ გაიყოლებ.",24,549,True
ganm_3148,სპათაცა,ჯარისკაცებსაც.,24,549,False
ganm_3149,ზროხა,ხარ-ძროხა.,24,549,False
ganm_3151,დიადი,"დიდი, ბევრი.",24,549,False
ganm_3152,უბრალო,უდანაშაულო. კაცმანმცა,24,549,False
ganm_3153,ვით იტვირთაო,კაცმა როგორ უნდა იტვირთოს? (იგულისხმება: თავის სინდისზე როგორ უნდა აიღოს?).,24,549,True
ganm_3154,იგი რა მოჰკლა,მას რომ მოკლავ.,24,550,True
ganm_3155,ეუბენ,"დაელაპარაკე, მიჰმართე.",24,550,False
ganm_3156,პატრონსა,მეფეს.,24,550,False
ganm_3157,ჰკადრე,უთხრი.,24,550,False
ganm_3158,სპარსთა ვერა ვიქმ ინდოეთისა ჭამასა,"ვერ დავუშვებ, რომ ინდოეთს სპარსნი (იგულისხმება: ხვარაზმელნი) ჭამდნენ.",24,550,True
ganm_3159,მკვიდრი,"სამემკვიდრო, მემკვიდრეობის წესით კუთვნილი.",24,550,False
ganm_3160,დრამა,ფულის მცირე ერთეულია.,24,550,False
ganm_3161,არ დამეხსნები,"(თუ) თავს არ გამანებებ, არ მომეშვები.",24,550,True
ganm_3162,ქალაქსა,იგულისხმება: დედაქალაქს.,24,550,False
ganm_3163,ვითა ტრამასა,"როგორც ტრამალს. ტაეპის აზრია: თუ სამკვიდროს წართმევას მომინდომებ, შეგებრძოლები და დედაქალაქს ტრამალად გიქცევ.",24,550,True
ganm_3164,ყოლა,სრულებით.,24,551,False
ganm_3167,ყელ-მოტეხით,"გამოუვალ მდგომარეობაში მყოფმა. ან: თითის ყელთან მიტანით, რაც დიდი თხოვნის ნიშანია. საერთო აზრია: რაკიღა შენ ტახტს მოითხოვ, მეფე, სახელმწიფო არეულობის შიშით, თვითონ შემოგეხვეწება, რომ მე შემირთო.",24,551,False
ganm_3168,შემოკვდომა,დიდი შემოხვეწა.,24,551,False
ganm_3169,ერთგან,ერთად.,24,551,False
ganm_3171,დავაცადე,"გადავდე, შევაყოვნე, გადავიფიქრე. ტაეპის აზრია: მტრებთან ღიად ომი, ხმლის ქნევა გადავდე, გადავიფიქრე.",24,552,False
ganm_3172,მერმე,მერე.,24,552,False
ganm_3173,წამოსავლად,წამოსასვლელად.,24,552,False
ganm_3174,წვევა,"პატიჟი, თხოვნა, მოწოდება.",24,552,False
ganm_3176,მწადდა,მინდოდა.,24,552,False
ganm_3177,მაგრა,მაგრამ.,24,552,False
ganm_3178,შევჰმართე,გავუბედე.,24,552,False
ganm_3179,შეჭიდება,"ხელის მოხვევა, შემოჭდომა.",24,552,False
ganm_3180,მაგრა,მაგრამ.,24,553,False
ganm_3181,გავხე,გავხდი.,24,553,False
ganm_3182,ვითა ხელი,"გახელებულივით, შმაგივით.",24,553,True
ganm_3184,მერმე,"აქ: თანაც, ამასთან ერთად.",24,553,False
ganm_3185,მწადდა,მინდოდა.,24,553,False
ganm_3186,ამად,ამიტომ.,24,553,False
ganm_3187,მივალ,მივდივარ.,24,553,False
ganm_3188,არ-ფიცხელი,არა აჩქარებული.,24,553,False
ganm_3189,მოვაო,მოდისო.,25,554,False
ganm_3190,მაგრა,მაგრამ.,25,554,False
ganm_3191,არა იცოდა,არ იცოდა.,25,554,True
ganm_3192,არა იცოდა,არაფერი იცოდა.,25,554,True
ganm_3193,მიჰხვდა სიამე,"ეამა, გაეხარდა.",25,554,True
ganm_3195,არ სიტყვა ივაგლახა რა,"რაიმე სავაგლახო სიტყვა არ წარმოუთქვამს. ეს ფრაზა უარყოფითი ფორმით გამოხატავს იმას, რაც ტაეპის პირველ ნახევარში დადებითი ფორმით ითქვა: რომ მეფეს სასიძოს მოსვლა ეამა.",25,554,True
ganm_3196,მიბრძანა,"აქ: დამიძახა, დამიბარა.",25,554,False
ganm_3197,მიბრძანა,მითხრა.,25,555,False
ganm_3198,ესე,ეს.,25,555,False
ganm_3199,ჰხამს,"ეკუთვნის, შეეფერება.",25,555,False
ganm_3200,სრულია;,"აქ: უნაკლულო, სრულყოფილი, კარგი. ტაეპის აზრია: ნესტანს ქორწილი გადავუხადოთ ისეთი სრულყოფილი, როგორიც დას ეკუთვნის ძმისგან.",25,555,False
ganm_3201,გავგზავნნეთ,გავგზავნოთ.,25,555,False
ganm_3202,მოვიღოთ,მოვიტანოთ.,25,555,False
ganm_3203,ყოვლგნით,"ყველა მხრიდან, ყველა ადგილიდან.",25,555,False
ganm_3204,საჭურჭლე სრული,"მთელი სიმდიდრე, მთელი განძეულობა. ან: სრაში ანუ სასახლეში მყოფი სიმდიდრე.",25,555,True
ganm_3205,ვავსებდეთ,იგულისხმება: ქვეშევრდომებს ქონებით.,25,555,False
ganm_3206,გავგზავნენ,გავგზავნე.,25,556,False
ganm_3207,წარმომხმელნი,წამომღებელნი.,25,556,False
ganm_3208,იყვნეს,იყვნენ.,25,556,False
ganm_3209,ხანსა არ-დამზმელნი,"დროის არდამყოფნი. ტაეპის აზრია: ხვარაზმელებმა მოსვლა არ გადასდეს, მაშინვე წამოვიდნენ.",25,556,True
ganm_3210,შიგნით,შიგნიდან. იგულისხმება: დედაქალაქიდან.,25,556,False
ganm_3211,გაეგებნეს,გაეგებნენ.,25,556,False
ganm_3212,გარეთ,გარედან.,25,556,False
ganm_3213,მოდგეს,"მოდგნენ, მოვიდნენ.",25,556,False
ganm_3214,ერთგან,ერთად.,25,556,False
ganm_3216,იტევდეს,იტევდნენ.,25,556,False
ganm_3217,ხმელნი,ხმელეთი.,25,556,False
ganm_3218,გამოისვენოს,მოისვენოს.,25,557,False
ganm_3219,მუნ,"იქ. იგულისხმება: ქალაქგარეთ, სადაც ხვარაზმელები არიან დაბანაკებულნი.",25,557,False
ganm_3220,მისად ნახვად,"მის სანახავად, მოსაკითხავად.",25,557,True
ganm_3221,სპანი,"ჯარები, მეომრები.",25,557,False
ganm_3222,იქა ნახვისად,იქ სანახავად.,25,557,True
ganm_3223,ყმანი,"აქ: ვასალები, მეფის სამსახურში მყოფი პირები. ტაეპის აზრია: შენ, ტარიელ, ქალაქგარეთ ნუ მიეგებები. ეს ხვარაზმელებისთვის მეტისმეტი პატივისცემა იქნება. ყმები, ვასალები უშენოდაც საკმარისი გვყავს, ქალაქგარეთ ისინი გაეგებებიან.",25,557,False
ganm_3224,გარდახდა,ჩამოქვეითდა. გადატანითი აზრით: დაბანაკდა.,25,558,False
ganm_3225,აღვსებისა,აღდგომა.,25,558,False
ganm_3227,შიგანთა,"შიგნით (ქალაქში) მყოფთა, ინდოეთის დიდებულთა.",25,558,False
ganm_3228,მუნ,იქ.,25,558,False
ganm_3229,ხასებისა,"წარჩინებულებისა, დიდებულებისა.",25,558,False
ganm_3230,დგომა,აქ: მოწყობა.,25,558,False
ganm_3232,თემ-თემად,"როგორც ჩანს, იგულისხმება: გუნდ-გუნდად, რაზმებად, ჯგუფებად. ტაეპის აზრია: ინდოთ მეფის დიდებულებმა დაიწყეს ჯარის მოწყობა გუნდ-გუნდად, თემების მიხედვით.",25,558,False
ganm_3231,დას-დასებისა,გუნდისა და გუნდის.,25,558,False
ganm_3233,დავშვერ,დავიღალე.,25,559,False
ganm_3234,ვითა,როგორც.,25,559,False
ganm_3235,საურავ,საქმე.,25,559,False
ganm_3237,მაშვრალსა,დაღლილს.,25,559,False
ganm_3238,ადრე,აქ: მალე. გიბრძანებს. აქ: გიბარებს.,25,559,False
ganm_3239,მსგავსი ალვისა ზრდილისა,ლაპარაკია ნესტანზე.,25,559,True
ganm_3240,გარდავხე,"ჩამოვხდი, ჩამოვქვეითდი.",25,560,False
ganm_3241,ფიცხლად,სწრაფად.,25,560,False
ganm_3242,ქალი,ლაპარაკია ასმათზე.,25,560,False
ganm_3243,ცრემლსა რასა ჰმილდი,ცრემლის მილად რად ქცეულხარ?,25,560,True
ganm_3244,შენი შესწრობილი,"შენი მომსწრე, შენი მაცქერალი, შენ ხელში მყოფი.",25,560,True
ganm_3245,ტირილსამცა ვით ავსცილდი,ტირილს როგორ ავცდები?,25,560,True
ganm_3247,ვით,როგორ.,25,560,False
ganm_3246,გაუწყვედლად,განუწყვეტლად.,25,560,False
ganm_3247,ვით,როგორ.,25,560,False
ganm_3248,რაგვარადმცა გავვაქილდი,ვექილად როგორ ვიქცე? (იგულისხმება: ნესტანთან სულ როგორ გამართლო?).,25,560,True
ganm_3249,ვნახე,ლაპარაკია ნესტანზე.,25,561,False
ganm_3250,წარბ-შერჭმით,"წარბშეყრით, შეჭმუხნით.",25,561,False
ganm_3251,არე,"მიდამო, არემარე.",25,561,False
ganm_3251,არე,"მიდამო, არემარე.",25,561,False
ganm_3252,წავდეგ,"მივედი, მის წინ დავდექი.",25,561,False
ganm_3253,სდგა,დგახარ.,25,561,False
ganm_3254,მიგიჩს,"გელის, წინ გიდევს.",25,561,False
ganm_3251,არე,"მიდამო, არემარე.",25,561,False
ganm_3255,ანუ,თუ.,25,561,False
ganm_3258,გამწირე,"1. დამტოვე, 2. გამწირე.",25,561,False
ganm_3256,კვლაცა,"ისევ, ამჯერადაც.",25,561,False
ganm_3251,არე,"მიდამო, არემარე.",25,561,False
ganm_3259,აღარა,აღარაფერი.,25,562,False
ganm_3260,ფიცხლად,სწრაფად.,25,562,False
ganm_3261,გარე შემოვბრუნდი,"გამოვბრუნდი, წამოვედი.",25,562,True
ganm_3262,უკუვჰყივლე,მივაძახე.,25,562,False
ganm_3263,აწ გამოჩნდეს,ახლა გამოჩნდება.,25,562,True
ganm_3264,ვისცა ვუნდი,"ვისაც ვუნდივარ. საერთო აზრია: ახლა გამოჩნდება, მინდა თუ არა, მიღირს თუ არა ის, ვისაც მე ვუნდივარ (ნესტანი).",25,562,True
ganm_3265,რაგვარ,როგორ.,25,562,False
ganm_3266,მაწვევს,"მომიწოდებს, მაქეზებს. საერთო აზრია: ქალი როგორ მომიწოდებს ბრძოლისკენ, როგორ მეუბნება „იომეო”?",25,562,False
ganm_3267,აგრე,ასე.,25,562,False
ganm_3268,ვითა,როგორ.,25,562,False
ganm_3269,დავაპირე,გადავწყვიტე.,25,562,False
ganm_3270,არ დავყმუნდი,"გაუბედაობაში არ ჩავვარდი, არ დავდუნდი, ყოყმანი არ დამიწყია.",25,562,True
ganm_3271,მონასა,"იგულისხმება: ხელქვეითს, ყმას (და არა „მონას” დღევანდელი აზრით).",25,563,False
ganm_3272,შევსხედით,ავმხედრდით.,25,563,False
ganm_3273,გავვლეთ,გავიარეთ.,25,563,False
ganm_3274,გავეცხადენით,გავაგებინეთ ჩვენი ვინაობა.,25,563,False
ganm_3275,ვითა,როგორ.,25,563,False
ganm_3277,მაც,აქ: მაქვს.,25,563,False
ganm_3279,თუცა,თუმცა.,25,563,False
ganm_3280,ხმდა,"საჭირო იყო, ეკუთვნოდა. ტაეპის აზრი შეიძლება ორგვარად გავიგოთ: 1. ხვარაზმელს ჩემგან უარესი ეკუთვნოდა (იგულისხმება, რომ სისხლის დადენით მოკვლა უსისხლოდ მოკვლაზე უფრო დიდი სასჯელია) 2. ჯობდა, ღია ბრძოლაში, სისხლის დადენით მომეკლა.",25,563,False
ganm_3281,ჩავაქარაბაკე,"გავაპე,ქარაბაკივით (წვრილი წნელისგან დაწნული საბატკნე ბაკივით) ადვილად ჩავჭერი (ალ. ჭინჭარაული).",25,564,False
ganm_3282,ყმასა,ლაპარაკია ხვარაზმშას ძეზე.,25,564,False
ganm_3283,ფერხთა,ფეხებში.,25,564,False
ganm_3284,მოვეკიდე,"მოვეჭიდე, ხელი მოვავლე.",25,564,False
ganm_3285,დაიზახნეს,"დაიძახეს, დაიყვირეს.",25,564,False
ganm_3286,მიჰხვდა,"შეჰხვდათ, წილად ჰხვდათ, შეექმნათ.",25,564,False
ganm_3287,საარაკე,"საზღაპრო, დიდი.",25,564,False
ganm_3288,წამო-ცა-ვე,წამოვედი. ნაწილაკი „ცა” ჩართულია ზმნასა და ზმნისწინს შორის.,25,564,False
ganm_3289,ჯაჭვი,"ჯაჭვის პერანგი, ხმლისგან თავდასაცავი.",25,564,False
ganm_3291,ხმა დამივარდა,"„ხმა გამიტყდა“, ხმა გაისმა ჩემდა უნებურად, საქმე უხმოდ ვერ დავასრულე.",25,565,True
ganm_3292,ზახილი,ყვირილი.,25,565,False
ganm_3298,ვარი,"ვარ. ტაეპის აზრია: ისევე უშიშრად და ჩემ თავში დარწმუნებულად ვიყავ, როგორც საერთოდ მჩვეოდა.",25,565,False
ganm_3294,წევნა,"დაწევა, დევნა.",25,565,False
ganm_3298,ვარი,"ვარ. ტაეპის აზრია: ისევე უშიშრად და ჩემ თავში დარწმუნებულად ვიყავ, როგორც საერთოდ მჩვეოდა.",25,565,False
ganm_3295,ქალაქი,"ციხე-ქალაქი, ციხე-სიმაგრე.",25,565,False
ganm_3298,ვარი,"ვარ. ტაეპის აზრია: ისევე უშიშრად და ჩემ თავში დარწმუნებულად ვიყავ, როგორც საერთოდ მჩვეოდა.",25,565,False
ganm_3296,მუნ შიგან შევე,"იქ (ციხე-ქალაქში) შევედი, შევეფარე.",25,565,True
ganm_3297,ამოდ,"მშვიდად, დაწყნარებით, უშიშრად.",25,565,False
ganm_3298,ვარი,"ვარ. ტაეპის აზრია: ისევე უშიშრად და ჩემ თავში დარწმუნებულად ვიყავ, როგორც საერთოდ მჩვეოდა.",25,565,False
ganm_3299,ლაშქარსა,"ლაპარაკია ტარიელის საკუთარ ჯარზე, მის ვასალებზე.",25,566,False
ganm_3300,მომმართეთ,"მოდით, ჩემკენ წამოდით, გამოცხადდით!",25,566,False
ganm_3301,ვინცაღა ჩემსა იქმოდეთ შველასა,"ვინც კი ჩემი მშველელი ხართ, ვისაც ჩემი შველა გინდათ.",25,566,True
ganm_3302,დია,ძალიან.,25,566,False
ganm_3303,ჩემი რა ცნიან,"ჩემს ამბავს, ჩემს განწყობილებას რომ გაიგებდნენ.",25,566,True
ganm_3302,დია,ძალიან.,25,566,False
ganm_3306,ცისკრად,დილის ცისკარზე.,25,567,False
ganm_3307,ვნახენ,ვნახე.,25,567,False
ganm_3308,ებრძანა,შემოეთვალა (მეფეს).,25,567,False
ganm_3309,ვითა შვილად,როგორც შვილი.,25,567,True
ganm_3310,ასრე,ასე.,25,567,False
ganm_3311,სიმძიმილად,მწუხარებად.,25,567,False
ganm_3312,უბრალო,უდანაშაულო.,25,568,False
ganm_3313,სახლად,"ოჯახად, გვარად. ტაეპის აზრია: ჩემს ოჯახს, ჩემ გვარს რატომ დააკისრე პასუხისმგებლობა უდანაშაულო ხვარაზმშას მოკვლისათვის?",25,568,False
ganm_3314,შემაგებინე,გამაგებინე.,25,568,False
ganm_3315,ბერსა,მოხუცს.,25,568,False
ganm_3316,მაარმებინე,"მომაძულე, არმად მიმაჩნევინე.",25,568,False
ganm_3317,დღედ სიკვდილამდის,სიკვდილის დღემდე.,25,568,True
ganm_3318,მაახლებინე,"ახლოს მაყოლე. ტაეპის აზრია: მომისპე საშუალება, სიკვდილამდე ახლოს მყოლოდი.",25,568,False
ganm_3319,უმაგრესი რვალისა,"სპილენძზე უფრო მაგარი, მტკიცე. ა და ბ ტაეპების აზრია: მე რომ სულით ასე მაგარი არ ვყოფილიყავი, ახლა შენი წყენისათვის სირცხვილი მომკლავდა.",25,569,True
ganm_3320,მაგრა,მაგრამ.,25,569,False
ganm_3321,ხამს,"უნდა, ჯერ-არს.",25,569,False
ganm_3323,რაზომი,რამდენი.,25,570,False
ganm_3324,სრა-საჯდომი,"სასახლე და რეზიდენცია. ტაეპის აზრია: იცით, ინდოეთში რამდენი ტახტია, ინდოეთი რამდენი სამეფოსაგან შედგება.",25,570,False
ganm_3325,მოგხვდომია,გრგებიათ.,25,570,False
ganm_3326,მათი,ლაპარაკია ინდოეთის დანარჩენ ნაწილთა მეფეებზე.,25,570,False
ganm_3327,დაგრჩომია,დაგრჩენიათ.,25,570,False
ganm_3328,სამართლად,სამართლის მიხედვით; თუ სამართლიანად განვსჯით.,25,570,False
ganm_3329,უჩემოდ,ჩემს გარდა.,25,570,False
ganm_3330,არვისად,არავისთვის.,25,570,False
ganm_3331,მისახვდომი,"შესახვედრი, სარგო. სტროფის აზრია: ინდოეთის ყველა დანარჩენი ნაწილების ტახტთა მემკვიდრეები ამოწყდნენ, ამიტომ გაერთიანებული ინდოეთის ტახტი მხოლოდ მე მეკუთვნის თქვენს შემდეგ.",25,570,False
ganm_3332,გათნევ,"გაამებ, გეპირფერები.",25,571,False
ganm_3333,თქვენმან კეთილმან,თქვენს სიკეთეს ვფიცავ.,25,571,True
ganm_3334,აწ ეგე არ-მართალია,ახლა ეს სამართლიანი არაა.,25,571,True
ganm_3335,ყმა,"ვაჟკაცი, მეომარი.",25,571,False
ganm_3336,გივის,გყავს.,25,571,False
ganm_3337,ნაცვალი,"სანაცვლო, სამაგიერო. ტაეპის აზრია: სანამ ხმალი მარტყია, ინდოეთში სხვა მეფე როგორ უნდა დაჯდეს!",25,571,False
ganm_3338,არად,არაფრად.,25,572,False
ganm_3339,გამარიდე,მომაშორე.,25,572,False
ganm_3340,ჩემგან კიდე,ჩემს გარდა.,25,572,True
ganm_3341,დამეცილოს,შემეცილება.,25,572,False
ganm_3342,მისით,"მისი გამოისობით, მისივე ბრალის შედეგად ამოვფხვრიდე - ამოვფხვრი, ამოვაგდებ. ტაეპის აზრია: ვინც ჩემს კუთვნილს შემეცილება, იმას ამოვაგდებ და ეს მისითვე, ე.ი. მისი ბრალის შედეგადვე მოხდება. შესაძლოა მეორე გაგებაც: მისით - მისი მამულიდანაც (ალ. ჭინჭარაული). მაშინ აზრია: ვინც ჩემსას შემეცილება, იმას მისი მამულიდანაც ამოვაგდებ, აღმოვფხვრი.",25,572,False
ganm_3343,ვისცა,"ვინმეს თუ. ტაეპის აზრია: მომკალ, თუ ამ საქმეში ვინმე გარეშე კაცის შველა მჭირდებოდეს, თუ ჩემ ინტერესებს მე თვითონ ვერ დავიცავ!",25,572,False
ganm_3345,ესე,ეს.,26,573,False
ganm_3346,გონებასა,ფიქრს.,26,573,False
ganm_3347,რომე მისი ვერა მეცნა,მისი (ნესტანის) ამბავი რომ ვერაფერი გამეგო.,26,573,True
ganm_3348,მას ზღუდესა,იმ ზღუდეს.,26,573,True
ganm_3349,თვალი ვაგე,გავიხედე.,26,573,True
ganm_3350,მესმა,"გავიგონე, შევიტყე.",26,573,False
ganm_3351,თუცა,თუმცა.,26,573,False
ganm_3352,თავი ვერ წავაგე,"ვერ დავიღუპე. იგულისხმება: თავი ვერ მოვიკალი, ვერ გავიმეტე.",26,573,True
ganm_3353,გამოჩნდეს,გამოჩნდნენ.,26,574,False
ganm_3354,წინა-რე,წინ.,26,574,False
ganm_3355,ჰყვა,ჰყავდა. აქ: მოჰყავდა.,26,574,False
ganm_3357,პირსა,სახეზე.,26,574,False
ganm_3358,მიყივლა,დამიძახა.,26,574,False
ganm_3359,არცაღა გამიცინა-რე,აღარც გამიცინა.,26,574,True
ganm_3360,დავებნივე,დამაბნია. ან: დავიბენი.,26,575,False
ganm_3361,გონებანი,ფიქრები.,26,575,False
ganm_3362,შორით ვუხმე,შორიდან შევძახე.,26,575,True
ganm_3363,რაშიგან ვართ,რა ამბავია ჩვენს თავს?,26,575,True
ganm_3364,ანუ,ან.,26,575,False
ganm_3365,დაგვდაგნა,"დაგვდაგა, დაგვწვა.",26,575,False
ganm_3366,ძლივ,ძლივს.,26,575,False
ganm_3367,გამოაგნა,"გამოთქვა, თქმა მოახერხა.",26,575,False
ganm_3368,წამოგრაგნა,"შემოაბრუნა. ასმათს მხედველობაში აქვს შუა საუკუნეებში ფართოდ გავრცელებული რწმენა, რომ ადამიანის ბედსა და უბედურებას ცის ბრუნვა განაგებს.",26,575,False
ganm_3369,კვლა ცა,კიდევ.,26,576,True
ganm_3371,კვლა,ისევ.,26,576,False
ganm_3370,რაშიგან ვართ,რა დღეში ვართ? რა დაგვემართა?,26,576,True
ganm_3371,კვლა,ისევ.,26,576,False
ganm_3371,კვლა,ისევ.,26,576,False
ganm_3372,ამით,ამის გამო.,26,576,False
ganm_3373,ნაათალი,მეათედი.,26,576,False
ganm_3374,უღებვიდა,უღებავდა.,26,576,False
ganm_3375,ღაწვთა ნაწვეთალი,ლოყებიდან ჩამოწვეთილი.,26,576,True
ganm_3376,მერმე,მერე.,26,577,False
ganm_3377,ესე რადმცა დაგიმალე,ამას რატომ დაგიმალავ? ეს რატომ დაგიმალო?,26,577,True
ganm_3378,მაგრა,მაგრამ.,26,577,False
ganm_3379,ვითა გაგახარნე,როგორც გაგახარებ.,26,577,True
ganm_3380,აგრე,ასე.,26,577,False
ganm_3381,შემიწყალე,"დამასაჩუქრე, წყალობა მომფინე.",26,577,False
ganm_3382,შემიხვეწე,ჩემი ხვეწნა შეისმინე.,26,577,False
ganm_3383,დამხსენ ჩემსა საწუთროსა,"გამათავისუფლე სიცოცხლისაგან, მომკალი.",26,577,True
ganm_3384,ღმერთსა შენსა მიავალე,შენს ღმერთს ვალად დაადე (ეს კეთილი საქმე).,26,577,True
ganm_3385,ხმა დაგივარდა,"“ხმა გაგიტყდა”, ხმაურმა გაგამხილა.",26,578,True
ganm_3386,ესმა,"გაიგონა, გაიგო.",26,578,False
ganm_3387,აიჭრა,წამოვარდა.,26,578,False
ganm_3388,მისგან,ამის გამო.,26,578,False
ganm_3390,დაგიზახნა,დაგიძახა.,26,578,False
ganm_3392,გპოვეს,გიპოვეს.,26,578,False
ganm_3393,მით,ამის გამო.,26,578,False
ganm_3394,გამოჩივარდა,"მოჩივრად იქცა, ჩივილს მოჰყვა.",26,578,False
ganm_3395,ჰკადრეს,"უთხრეს, მოახსენეს. კარნი. იგულისხმება: ქალაქის კარები.",26,579,False
ganm_3396,შემიგიან,"მივმხვდარვარ, მესმის.",26,579,False
ganm_3397,სისხლნი ველთა მოუღვრიან,"მეფეს მხედველოაში აქვს სისხლიანი ცრემლი, რომელიც გამიჯნურებულ ტარიელს უღვრია.",26,579,True
ganm_3398,დათმიან,"ითმენდნენ. ტაეპის აზრია: ერთმანეთს რომ დაინახავდნენ ტარიელი და ნესტანი, ერთიმეორეს თვალს ვეღარ სწყვეტდნენ.",26,579,False
ganm_3399,აწ,ახლა.,26,580,False
ganm_3401,ჩემად დად ვინცა მადესა,"ვინც დად მყავს, ვინც ბედმა დად მარგუნა (ლაპარაკია დავარზე). ტაეპის აზრია: მე ვუთხარი დავარს, ნესტანის გონება ღვთისაკენ წაემართა, იგი პირიქით მოიქცა.",26,580,True
ganm_3402,კურო,"ბუღა, კურო. გადატანით: საყვარელი.",26,580,False
ganm_3403,უქადეს,შეჰპირდნენ.,26,580,False
ganm_3404,"თუ დავარჩინო, ღმერთი ვგმო","თუ ვაცოცხლო (დავარი), ღვთის მგმობი ვიყო!",26,580,True
ganm_3406,მისად პატიჟად მზად ეს-ა,"ესაა გამზადებული მის სასჯელად, ამით დავსჯი.",26,580,True
ganm_3407,მის მეფისა,იმ მეფის.,26,581,True
ganm_3408,წესი,ჩვეულება.,26,581,False
ganm_3409,ძვირად,იშვიათად.,26,581,False
ganm_3410,ფიცის,"ფიცულობდა, იფიცებდა ხოლმე.",26,581,False
ganm_3410,ფიცის,"ფიცულობდა, იფიცებდა ხოლმე.",26,581,False
ganm_3412,ესე,ეს.,26,581,False
ganm_3413,ვისცა ესმა,ვინც გაიგონა.,26,581,True
ganm_3414,ვინ გრძნებითა ცაცა იცის,"ვინც გრძნებით, ჯადოქრობით ცასაც კი თავისად გაიხდიდა ხოლმე. ან: ვინც ჯადოსნობით ცას “დაიცემს”, ქვევით ჩამოიყვანს (ალ. ჭინჭარაული).",26,581,True
ganm_3415,ვინმე ღმრთისა მტ ერ მან,ვიღაცა ბოროტმა ადამიანმა.,26,582,True
ganm_3417,ერ მან,აქ: ხალხმა.,26,582,True
ganm_3418,მან,ლაპარაკია დავარზე.,26,582,False
ganm_3418,მან,ლაპარაკია დავარზე.,26,582,False
ganm_3418,მან,ლაპარაკია დავარზე.,26,582,False
ganm_3416,არ დაგარჩენს,არ გაცოცხლებს.,26,582,True
ganm_3417,ერ მან,აქ: ხალხმა.,26,582,True
ganm_3418,მან,ლაპარაკია დავარზე.,26,582,False
ganm_3418,მან,ლაპარაკია დავარზე.,26,582,False
ganm_3419,აგრე,ასე.,26,582,False
ganm_3420,უბრალო,უდანაშაულო.,26,582,False
ganm_3418,მან,ლაპარაკია დავარზე.,26,582,False
ganm_3417,ერ მან,აქ: ხალხმა.,26,582,True
ganm_3418,მან,ლაპარაკია დავარზე.,26,582,False
ganm_3422,მოვკვდე,მოვკვდები.,26,582,False
ganm_3422,მოვკვდე,მოვკვდები.,26,582,False
ganm_3423,მიიხვედროს,"ირგუნებს. ტაეპის აზრია: მე ნესტანის გამო მოვკვდები, მის ტარიელისადმი სიყვარულს შევეწირები, მაგრამ ვერც ნესტანი ირგუნებს იმას, ვისაც მამსხვერპლა (ტარიელს).",26,582,False
ganm_3418,მან,ლაპარაკია დავარზე.,26,582,False
ganm_3424,პატრონი ჩემი,"ლაპარაკია ნესტანზე. ტაეპის აზრია: ნესტანი ასევე იჯდა, როგორც მაშინ, შენ რომ წამოხვედი.",26,583,True
ganm_3425,რიდენი,"რიდე, მოსასხამი, პირსაბურავი.",26,583,False
ganm_3426,ებურნეს,მოხვეული ჰქონდა.,26,583,False
ganm_3427,ჰშვენოდეს,ჰშვენოდა.,26,583,False
ganm_3428,მოსთქმიდა,მოთქმით ამბობდა.,26,583,False
ganm_3429,რომელნი არა მსმენოდეს,"რომლებიც არ გამეგონა. იგულისხმება: ისეთ უხეშ სიტყვებს, მანამდე რომ არ მსმენოდა.",26,583,True
ganm_3430,"ვეჭვ, შენცა არა გლხენოდეს","მგონი, (ამით) შენი ბედიც არ გაუმჯობესებულიყოს; მგონი, ამით შენც ვერაფერი მოიგო!",26,583,True
ganm_3431,ანუ,ან.,26,584,False
ganm_3432,სისხლისად მისისა,"მისი (ხვარაზმელის) სისხლისათვის, მისი სისხლის სანაცვლოდ.",26,584,True
ganm_3433,მოაზღვევინე,"გადაახდევინე. იგულისხმება: მეფეს ხვარაზმელის სისხლის ფასი ჩემი სისხლით რად გადაახდევინე? შესაძლოა სხვა გაგებაც: მოაზღვევინე - ზღვად დააყენებინე. აზრია: (მისი სისხლის სანაცვლოდ), ჩემი სისხლი რად დააყენებინე ზღვად!",26,584,False
ganm_3434,ცუდად,"ტყუილად, დაუმსახურებლად. საერთო აზრია: ჩემი ძმა ტყუილად არ მკლავს (იგულისხმება: სიკვდილამდე ისეთ რამეს ვიზამ, რითაც ამ სასჯელს დავიმსახურებ). შესაძლოა მეორე გაგებაც: სიკვდილი მართლაც დავიმსახურე, როგორ დავუშვი, რომ შენ ასეთი რამ ჩაგედინა! (ალ.ჭინჭარაული).",26,584,False
ganm_3435,აწ,ახლა.,26,584,False
ganm_3436,ღმერთსა უნდეს,თუ ღმერთს უნდა.,26,584,True
ganm_3437,ვერ მიჰხვდე,არ ერგები.,26,584,True
ganm_3438,ვის ესე დააშლევინე,(იმას) ვისაც ეს საქმე (იგულისმება: შენი გათხოვება ხვარაზმელზე) ჩააფუშვინე.,26,584,True
ganm_3439,ხელი მიჰყო,ხელი წაავლო.,26,585,True
ganm_3440,წამოზიდნა,"გამოსწია, წამოათრია.",26,585,False
ganm_3448,უშნა,"ამოიოხრა, დაიკვნესა.",26,585,False
ganm_3442,დაალება,"დაბეჟა, სხეულზე ლურჯი ადგილები გაუჩინა.",26,585,False
ganm_3443,მედგრად,აქ: მრისხანედ.,26,585,False
ganm_3444,პირნი მოიქ უშნა,"გაპირქუშდა, ავი გამომეტყველება მიიღო.",26,585,True
ganm_3448,უშნა,"ამოიოხრა, დაიკვნესა.",26,585,False
ganm_3445,ვერა,ვერაფერი.,26,585,False
ganm_3450,ვერა,ვერაფერი.,26,585,False
ganm_3446,ოდენ,მხოლოდ.,26,585,False
ganm_3447,სულთქვნა,ამოიოხრა.,26,585,False
ganm_3446,ოდენ,მხოლოდ.,26,585,False
ganm_3448,უშნა,"ამოიოხრა, დაიკვნესა.",26,585,False
ganm_3449,ქალმან შავმან,"იგულისხმება, როგორც ჩანს, შავი მონა-ქალი, მკურნალობის მცოდნე. შესაძლოა სხვაგვარი გაგებაც: ასმათი “შავს” ანუ უბედურს თავის თავს უწოდებს (ალ.ჭინჭარაული).",26,585,True
ganm_3445,ვერა,ვერაფერი.,26,585,False
ganm_3450,ვერა,ვერაფერი.,26,585,False
ganm_3451,არგო,უშველა,26,585,False
ganm_3448,უშნა,"ამოიოხრა, დაიკვნესა.",26,585,False
ganm_3452,წამოდგეს,წამოდგნენ.,26,586,False
ganm_3453,პირითა მით ქაჯებითა,"ქაჯური სახით, ქაჯური გარეგნობით.",26,586,True
ganm_3454,კიდობანი,დიდი ყუთი.,26,586,False
ganm_3455,მუნ,იქ.,26,587,False
ganm_3456,სადა,"სადაც. ტაეპის აზრია: გაყინული, ლიპად ქცეული წყალი ვერ ნახოს; სამხრეთში, უზამთრო და უყინულო ქვეყანაში იყოს. შესაძლოა ასეთი გაგებაც: წმიდა წყალი მტკნარი წყალია. ტაეპის აზრია: ხმელეთზე არ გამოიყვანოთ, სულ ზღვაში გყავდეთ! (ალ. ჭინჭარაული).",26,587,False
ganm_3457,გაეხარნეს,გაუხარდათ.,26,587,False
ganm_3458,იყივლეს,"დაიძახეს, დაიყვირეს.",26,587,False
ganm_3459,ესე,ეს.,26,587,False
ganm_3460,მოვკვე,მოვკვდი.,26,587,False
ganm_3461,სიპი,სიპი ქვა.,26,587,False
ganm_3462,ზღვითკე გაარნეს სარკმელნი,"ზღვის მხარეს ფანჯრიდან გაატარეს, კიდობანი ზღვისკენ წაიღეს.",26,588,True
ganm_3463,და-,"ზმნისწინი ზმნისა “დამქოლოს”, განმეორებული აზრის გაძლიერების მიზნით.",26,588,False
ganm_3464,ვირე მომკლვიდეს,სანამ მომკლავდეს.,26,588,True
ganm_3465,გასაწყინარდა,"სამძიმო, მოსაწყენი გახდა.",26,588,False
ganm_3466,დაიცა,დაირტყა.,26,588,False
ganm_3467,მო-ცა-კვდა,"მოკვდა. ნაწილაკი “ცა”, ჩართული ზმნასა და ზმნისწინს შორის, მნიშვნელობას აძლიერებს.",26,588,False
ganm_3468,მიკვირვებ,"გიკვირვარ. ტაეპის აზრია: რად არ გიკვირს, რომ ცოცხალი ვარ, რომ ლახვრით თავი არ გავიგმირე? (ალ. ჭინჭარაული).",26,589,False
ganm_3469,რა მმართებს,რაც მეკუთვნის.,26,589,True
ganm_3471,ზენაარ,გაფიცებ.,26,589,False
ganm_3472,დამხსენ სიცოცხლე,"მომაშორე სიცოცხლე, გამათავისუფლე სიცოცხლისაგან.",26,589,True
ganm_3473,სულთადგმა-დაუთმობელსა,"სულთა დგმის, ცოცხლად ყოფნის ვერმომთმენს, ვერგამძლებს.",26,589,False
ganm_3474,საბრალოდ,"საწყლად, შესაბრალისად.",26,589,False
ganm_3475,უკლებსა,უწყვეტს.,26,589,False
ganm_3476,ანუ,ან.,26,590,False
ganm_3477,რამცა ვქმენ,"რას ვიზამ? რა ვქნა? ტაეპის აზრია: მე რომ ნესტანის ვალი მადევს, რით გადავუხდი? მისი წყალობის სანაცვლოდ რა უნდა ვქნა?",26,590,True
ganm_3478,სრულად,"სულ, სრულებით.",26,590,False
ganm_3479,შემექმნა,გამიხდა.,26,590,False
ganm_3480,ვითა სალია,"როგორც სალი კლდე. მეტაფორის აზრია: ფიქრის უნარი დამეკარგა, კლდესავით უგრძნობი გავხდი.",26,590,True
ganm_3481,მეტმან ზარმან,"მეტისმეტმა მწუხარებამ, გლოვამ, ზარმა.",26,591,True
ganm_3482,გამაშმაგა,გამაგიჟა.,26,591,False
ganm_3483,მომიკიდა,"დამაწყებინა, დამმართა.",26,591,False
ganm_3484,ცხრო,"ციებ-ცხელება, კანკალი (ალ. ჭინჭარაული).",26,591,False
ganm_3485,ნუ მოჰკვდები,ნუ კვდები!,26,591,True
ganm_3486,არას,არაფერს.,26,591,False
ganm_3487,ცუდი,"ტყუილ-უბრალო, ამაო, უსარგებლო.",26,591,False
ganm_3488,გაჭრა,"გავარდნა, საცხოვრებლის დატოვება.",26,591,False
ganm_3489,ძებნად მისად,მის საძებრად.,26,591,True
ganm_3490,ველთა რბოლა,"ველად რბენა. ტაეპის აზრია: ვისაც ჩემი ერთგულება, ჩემი წამოყოლა გინდათ, აი, ამის დროც დადგა!",26,591,True
ganm_3491,ფიცხლად,სწრაფად.,26,592,False
ganm_3497,ზმული,"მიმღეობაა ზმნისა “ზმა” - კეთება. ნიშნავს, როგორც ჩანს, “ამოქმედებული”, “აქტიურად მოსაქმე”.",26,592,False
ganm_3492,მოყმე,"რაინდი, მეომარი.",26,592,False
ganm_3493,ჩემსა თანა ხან-და ზმული,"ჩემთან ნამყოფი, ჩემთან ჩვეული.",26,592,True
ganm_3497,ზმული,"მიმღეობაა ზმნისა “ზმა” - კეთება. ნიშნავს, როგორც ჩანს, “ამოქმედებული”, “აქტიურად მოსაქმე”.",26,592,False
ganm_3494,წამოვედით კართა გარე,გამოვედით ქალაქის კარებს გარეთ.,26,592,True
ganm_3497,ზმული,"მიმღეობაა ზმნისა “ზმა” - კეთება. ნიშნავს, როგორც ჩანს, “ამოქმედებული”, “აქტიურად მოსაქმე”.",26,592,False
ganm_3495,ნავი,ხომალდი.,26,592,False
ganm_3496,მენავე,"ხომალდის უფროსი, კაპიტანი.",26,592,False
ganm_3497,ზმული,"მიმღეობაა ზმნისა “ზმა” - კეთება. ნიშნავს, როგორც ჩანს, “ამოქმედებული”, “აქტიურად მოსაქმე”.",26,592,False
ganm_3499,კიდით კიდე გავალაგდი,"ზღვა გზად გავიხადე, აქეთ–იქით, ზღვის ერთი კიდიდან მეორისაკენ დავცურავდი.",26,593,True
ganm_3500,არა მესმა,"ვერაფერი გავიგე, ვერაფერი შევიტყე.",26,593,True
ganm_3501,გა-ვე-ვშმაგდი,უარესად გავშმაგდი. ნაწილაკი “ვე” ჩართულია ზმნასა და ზმნისწინს შორის.,26,593,False
ganm_3502,თურე,"თურმე. ტაეპის აზრია: ღმერთს ისე ვძაგებივარ, რომ სულ მომიძულა, სულ არ მომხედა.",26,593,False
ganm_3503,რომე,"რომ. ტაეპის აზრია: ერთი წელი რომ ასე გავატარე, შემდეგ ეს თორმეტი თვე კიდევ ოც თვედ იქცა.",26,594,False
ganm_3506,მეოცა,"მომეჩვენა, მომელანდა, დამესიზმრა.",26,594,False
ganm_3504,მაგრა,მაგრამ.,26,594,False
ganm_3505,სიზმრივ,სიზმრად.,26,594,False
ganm_3506,მეოცა,"მომეჩვენა, მომელანდა, დამესიზმრა.",26,594,False
ganm_3507,თანა-მყოლი,ვინც თან მყავდა.,26,594,False
ganm_3508,ყველაკაი,ყველა.,26,594,False
ganm_3509,ვერას,ვერაფერს.,26,594,False
ganm_3510,ვჰკადრებ,"შევბედავ, აქ: ვუსაყვედურებ.",26,594,False
ganm_3511,ვყო,"ვიზამ. ტაეპის აზრია: როგორც ღმერთს უნდა, ისე ვიზამ, ისე მოვიქცევი.",26,594,False
ganm_3512,მით,ამიტომ.,26,595,False
ganm_3513,სრულად,"სულ, მთლად.",26,595,False
ganm_3514,ვაზირსა,"მრჩეველს, დამრიგებელს.",26,595,False
ganm_3515,ყველაკაი,ყველა.,26,595,False
ganm_3516,დაჰრჩომოდა რაცა ჭირსა,ვინც ცოცხალი გადარჩენოდა გაჭირვებას (ჩემთან ხეტიალში).,26,595,True
ganm_3518,გასწირავს,"მიატოვებს. ტაეპის აზრია: ღვთისგან მიტოვებული, ჩემსავით განწირული ვინ იქნება.",26,595,False
ganm_3517,ასრე,ასე.,26,595,False
ganm_3519,ერთაი,ერთი.,26,596,False
ganm_3520,ესე,ეს.,26,596,False
ganm_3521,დამრჩეს,დამრჩნენ.,26,596,False
ganm_3522,გულისა მდებელნი,"გამამხნევებელნი, გულის მომცემნი.",26,596,True
ganm_3523,შემაგონანი,შემაგონებელნი.,26,596,False
ganm_3524,ვცნენ,"შევიტყე, გავიგე. დრამა წონის მცირე ერთეულია.",26,596,False
ganm_3526,მდინდიან,მდიოდნენ.,26,596,False
ganm_3527,ფონანი,"ფონები, ღვარები.",26,596,False
ganm_3529,მოვიდოდი,მოვდიოდი.,27,597,False
ganm_3530,აჩნდეს,გამოჩნდენ.,27,597,False
ganm_3532,ცალ-კერძ,ცალ მხარეს.,27,597,False
ganm_3533,იყვნეს,იყო.,27,597,False
ganm_3534,კლდეთა ნაღნი,"მღვიმეები, გადმოყუდებული კლდეები.",27,597,True
ganm_3535,მეამის,მეამებოდა.,27,597,False
ganm_3536,მიდაღვიდეს გულსა დაღნი,"გულს დაღები, შანთები მიწვავდა, მწუხარება მტანჯავდა.",27,597,True
ganm_3537,მუნ,იქ.,27,597,False
ganm_3538,გარდავხე მოსვენებად,ჩამოვქვეითდი მოსასვენებლად.,27,597,True
ganm_3539,დამხვდეს,"შემხვდნენ, შემხვდა.",27,597,False
ganm_3540,მათ მონათა,მონებმა.,27,598,True
ganm_3541,მური,ჭვარტლი. აქ მეტაფორულად აღნიშნავს დარდს.,27,598,False
ganm_3542,ვერა მეცნა,ვერაფერი შემეტყო.,27,598,True
ganm_3543,ეგზომ გრძელად,ამდენ ხანს.,27,598,True
ganm_3545,დასტური,ნამდვილი.,27,598,False
ganm_3546,ზახილი,"ძახილი, ყვირილი.",27,599,False
ganm_3547,მოყმე,"რაინდი, მეომარი.",27,599,False
ganm_3548,ყიოდა,"ყვიროდა, იძახდა.",27,599,False
ganm_3549,შემოირბევდა,აქ: მოაჭენებდა ცხენს.,27,599,False
ganm_3550,თურე,"ეტყობა, როგორც ჩანს.",27,599,False
ganm_3551,წყლული,ჭრილობა.,27,599,False
ganm_3552,ექადდა,ემუქრებოდა.,27,599,False
ganm_3554,ჯდა,იჯდა.,27,600,False
ganm_3555,აწ,ახლა.,27,600,False
ganm_3556,ესე,ეს.,27,600,False
ganm_3557,მითქს,მყავს.,27,600,False
ganm_3558,რომელი,რომელიც.,27,600,False
ganm_3559,გაფიცხებული,"აქ: აღელვებული, აფორიაქებული.",27,600,False
ganm_3558,რომელი,რომელიც.,27,600,False
ganm_3561,მივსწიე,"მივადევნე, მის გზის მოსაჭრელად გავგზავნე.",27,600,False
ganm_3562,შეყრისა,შეხვედრის.,27,600,False
ganm_3555,აწ,ახლა.,27,600,False
ganm_3558,რომელი,რომელიც.,27,600,False
ganm_3564,არა უთხრა,არაფერი უთხრა.,27,601,True
ganm_3567,მინა,მინდა.,27,601,False
ganm_3565,ფიცხლა,სწრაფად.,27,601,False
ganm_3566,გამაგონე,გამაგებინე!,27,601,False
ganm_3567,მინა,მინდა.,27,601,False
ganm_3567,მინა,მინდა.,27,601,False
ganm_3570,გამიცადა,დამინახა.,27,602,False
ganm_3571,ჰკადრა,"მიჰმართა, უთხრა.",27,602,False
ganm_3572,ჰხენ,"ხედ გაზარდე, ხედ ამყოფე. მეტაფორის აზრია: ასეთი ხესავით წერწეტი და მშვენიერი ადამიანი, როგორიც ტარიელია, როგორ შეჰქმენი?",27,602,False
ganm_3573,რომე მკითხენ,რომ მკითხე.,27,602,True
ganm_3574,გამილომდეს,გამილომდნენ.,27,602,False
ganm_3575,აქანამდის რომე ვითხენ,"აქამდის რომ თხებად ვაქცევდი ხოლმე, აქამდის რომ ადვილად ვერეოდი.",27,602,True
ganm_3576,უკაზმავსა,"შეუჭურველს. საჭურველნი. იგულისხმება: აბჯარი, ჯავშანი.",27,602,False
ganm_3577,გარ ვერ ვითხენ,"ვერ ჩავიცვი. აბჯრის ჩაცმას აბჯრის მორთხმა, “გარს მოთხევა” (შემოკვრა, შემორტყმა) ეწოდება.",27,602,True
ganm_3578,გარდავხდეთ,ჩამოვქვეითდეთ.,27,603,False
ganm_3579,ძირსა ხეთასა,ხეთა ძირას.,27,603,True
ganm_3580,შეუდრკების,შეუშინდება.,27,603,False
ganm_3581,ჭაბუკი,"მოყმე, რაინდი.",27,603,False
ganm_3582,მახვილთა კვეთასა,"მახვილთა სიბასრეს, ბასრ მახვილებს.",27,603,True
ganm_3583,უტკბოსნი მამა-ძეთასა,"მამაშვილზე უფრო ტკბილნი, ერთმანეთისადმი კეთილად განწყობილნი.",27,603,True
ganm_3584,ჭვრეტასა,"ნახვას, ცქერას.",27,603,False
ganm_3585,მის ყმისა,"იმ მოყმის, იმ რაინდის.",27,603,True
ganm_3586,დასტაქარი,"მკურნალი, ჭრილობებზე და სხეულის დაზიანებაზე დასპეციალებული, “ქირურგი”.",27,604,False
ganm_3587,მყვა,მყავდა.,27,604,False
ganm_3588,წყლულნი,ჭრილობები.,27,604,False
ganm_3592,ივნა,"ივნო, დაზიანდა, დაიჭრა.",27,604,False
ganm_3589,ამოუხვნა,ამოუღო.,27,604,False
ganm_3590,დაკოდილნი,"დაჭრილი ადგილები, ჭრილობები.",27,604,False
ganm_3592,ივნა,"ივნო, დაზიანდა, დაიჭრა.",27,604,False
ganm_3591,ანუ,ან.,27,604,False
ganm_3592,ივნა,"ივნო, დაზიანდა, დაიჭრა.",27,604,False
ganm_3593,საამბობლად დამირიგდა,"ამბის თქმა დამიპირა, საამბობლად გაემზადა.",27,604,True
ganm_3592,ივნა,"ივნო, დაზიანდა, დაიჭრა.",27,604,False
ganm_3595,პირველ,ჯერ.,27,605,False
ganm_3597,პირველ,"პირველად, თავიდან. ტაეპის აზრია: ან თავიდან ასეთი მშვენიერი რამ შეგქმნა, ან მერე ასეთ გასაჭირში რამ ჩაგაგდო, ასე რამ გაგტანჯა?",27,605,False
ganm_3596,ანუ,ან.,27,605,False
ganm_3596,ანუ,ან.,27,605,False
ganm_3596,ანუ,ან.,27,605,False
ganm_3595,პირველ,ჯერ.,27,605,False
ganm_3597,პირველ,"პირველად, თავიდან. ტაეპის აზრია: ან თავიდან ასეთი მშვენიერი რამ შეგქმნა, ან მერე ასეთ გასაჭირში რამ ჩაგაგდო, ასე რამ გაგტანჯა?",27,605,False
ganm_3598,მოყვითანე,"ყვითელ ფერდაკრული, სახეგაყვითლებული.",27,605,False
ganm_3600,გიშერი,ძვირფასი შავი ქვა. თმისა და წვერ-ულვაშის აღმნიშვნელი მეტაფორაა. ტაეპის აზრია: ეგ ვარდ-გიშერივით პირისახე რამ გაგიყვითლა?,27,605,False
ganm_3599,ჰრგავს,დარგულია.,27,605,False
ganm_3601,დაგავსო,ჩაგაქრო.,27,605,False
ganm_3603,რომელი,რომელიც.,27,606,False
ganm_3604,სახელ მძეს,"სახელად მაქვს, მქვია.",27,606,True
ganm_3605,მუნა,იქ.,27,606,False
ganm_3606,ესე,ეს.,27,606,False
ganm_3607,საზღვარი,"აქ: მიწა-წყალი, ტერიტორია.",27,606,False
ganm_3608,სადა ხარ გარდამხდომელი,"სადაც ჩამომხდარხარ ცხენიდან, სადაც იმყოფები.",27,606,True
ganm_3609,ცოტა,პატარა.,27,606,False
ganm_3610,მაგრა,მაგრამ.,27,606,False
ganm_3611,ყოველგნით,ყოველმხრივ.,27,606,False
ganm_3612,სიკეთე-მიუწვდომელი,"სიტყვით გამოუთქმელი სიკეთისა, ღირსებისა.",27,606,False
ganm_3613,გაყვნა,"გაყო, გაყარა.",27,607,False
ganm_3614,ოდეს,როდესაც.,27,607,False
ganm_3615,ზღვასა შიგან,ზღვაში.,27,607,True
ganm_3614,ოდეს,როდესაც.,27,607,False
ganm_3618,თვით,აქ: მაგრამ.,27,607,False
ganm_3619,მიჰხვდა,"ერგო, შეჰხვდა.",27,607,False
ganm_3620,ვისთა შვილთა,ვისმა შვილებმაც.,27,607,True
ganm_3621,აწ,ახლა.,27,607,False
ganm_3614,ოდეს,როდესაც.,27,607,False
ganm_3623,დაჰრჩა,დარჩათ.,27,607,False
ganm_3624,სანადირო,სანადირო ადგილი.,27,607,False
ganm_3625,არ მივსცემდი,"არ ვანებებდი, არ ვაძლევდი.",27,607,True
ganm_3614,ოდეს,როდესაც.,27,607,False
ganm_3627,მით,იმიტომ.,27,608,False
ganm_3628,მრეკალი,"მარეკი, ნადირის გამოსარეკად გაგზავნილი მონადირენი.",27,608,False
ganm_3629,სპათა,"ჯარს, ჯარისკაცებს.",27,608,False
ganm_3630,ვირე,ვიდრე.,27,608,False
ganm_3631,ოდენ,მხოლოდ.,27,608,False
ganm_3633,ნავითა,ხომალდით.,27,609,False
ganm_3634,გავე,გავედი.,27,609,False
ganm_3636,არ ამოვკრეფდი,"არაფრად ვაგდებდი, ყურადღებას არ ვაქცევდი.",27,609,True
ganm_3637,გამყოფთა,"შესაძლოა ორი გაგება: 1. მიჯნებს, სამნებს, სამფლობელოთა გამყოფ ნიშნებს, 2. განაყოფებს, განაყარ ნათესავებს.",27,609,False
ganm_3638,ჩემთა,"1. ჩემიანებს, ჩემს ნათესავებს, 2. ჩემს სამფლობელოებს (ალ. ჭინჭარაული).",27,609,False
ganm_3639,დავჰრიდო,მოვერიდო.,27,609,False
ganm_3640,და-,"ზმნისწინი ზმნისა “დავჰრიდო”, განმეორებული მნიშვნელობის გაძლიერების მიზნით.",27,609,False
ganm_3641,დამეძაბუნნეს,"დამეძაბუნებინა (ჩემი ბიძაშვილები), დამეჩაგრა, მათდამი უყურადღებობას ვიჩენდი.",27,609,False
ganm_3642,არ გამვიდოდა,არ მენაღვლებოდა.,27,609,True
ganm_3643,ვიზახდი,"ვყვიროდი, ვიძახოდი.",27,609,False
ganm_3644,არ უდიდოდ-ა,"დიდია, პატარა არ არის. იგულისხმება: ხმამაღლა, დაურიდებლად ვყვიროდი, ვუყიოდი ნადირს და მონადირეებს.",27,609,True
ganm_3645,მართლად,სამართლიანად.,27,610,False
ganm_3646,წუნობა,"აბუჩად აგდება, ანგარიშგაუწევლობა.",27,610,False
ganm_3647,ხმდა ვითა,როგორ შეიძლებოდა? როგორ უნდა გაებედა ვისმე!,27,610,True
ganm_3648,გამომაპარნეს,"აქ: ჩუმად, ფარულად შემომახვიეს.",27,610,False
ganm_3649,ბიძასძენი,ბიძაშვილები.,27,610,False
ganm_3650,შესხდეს,ამხედრდნენ.,27,610,False
ganm_3651,მათითა თავითა,თვითონ.,27,610,True
ganm_3652,გაუხდეს,"გაეგებნენ, ან: დაედევნენ. შესაძლოა ასეთი გაგებაც: მიუხდნენ გაღმა, სრუტის იქით მყოფ ჯარს (ალ. ჭინჭარაული).",27,610,False
ganm_3653,ომად,საომრად.,27,610,False
ganm_3654,მათი მესმა,"მათი ხმა მომივიდა, ხმაური გავიგონე.",27,611,True
ganm_3655,ზახილი,"აქ: ღრიანცელი, აყალ–მაყალი.",27,611,False
ganm_3656,ნავი,ხომალდი.,27,611,False
ganm_3657,მით,"ამიტომ, ასე. აქ: შემდეგ.",27,611,False
ganm_3658,ვიყივლე,"დავიძახე. ვა. აქ ეს არაა გლოვის გამომხატველი შორისდებული, არამედ საბრძოლო ყიჟინის გადმომცემი სიტყვაა.",27,611,False
ganm_3659,სწადდა,უნდოდათ.,27,611,False
ganm_3660,მაგრა,მაგრამ.,27,611,False
ganm_3661,ზედა წამოქელვა,გადათელვა. იგულისხმება: სიმრავლით ძლევა.,27,611,True
ganm_3662,კვლა,კიდევ.,27,612,False
ganm_3663,მომეწეოდეს,"მომეწეოდნენ, მომდევდნენ, მიახლოვდებოდნენ.",27,612,False
ganm_3664,იქით და აქათ მომიხდეს,აქეთ-იქიდან მომადგნენ.,27,612,True
ganm_3667,დამელეოდეს,მელეოდნენ; (ისრები) დალევაზე იყო მიმდგარი.,27,612,False
ganm_3668,მომეჯარნეს,"მომეჯარნენ, ყველა მხრიდან მომადგნენ.",27,613,False
ganm_3669,ვეღარა ვქმენ,ვეღარაფერი გავაწყე.,27,613,True
ganm_3670,ნავით,ხომალდიდან.,27,613,False
ganm_3671,გარდვიხლტუნვე,გადავახტუნე.,27,613,False
ganm_3672,წამოვუვე,"აქ: გამოვექეცი, თავი დავაღწიე.",27,613,False
ganm_3673,მჭვრეტი,შემხედვარე.,27,613,False
ganm_3674,გავაცბუნვე,"გავაოცე, განვაცვიფრე.",27,613,False
ganm_3675,თანა-მყოლნი,თანმხლებნი.,27,613,False
ganm_3676,ყველაკანი,ყველანი.,27,613,False
ganm_3677,დამრჩეს,დამრჩნენ.,27,613,False
ganm_3678,მუნვე,იქვე.,27,613,False
ganm_3679,ვერ შემომხდა,იერიშით ვერ დამძლია; ან: იარაღის საკრავად ვერ მომწვდა (ალ. ჭინჭარაული).,27,613,True
ganm_3680,მივაბრუნვე,იგულისხმება: მოვიგერიე.,27,613,False
ganm_3681,აწ,ახლა.,27,614,False
ganm_3682,იქმნას,მოხდეს.,27,614,False
ganm_3683,რაცაღა,რაც,27,614,False
ganm_3685,ვაქმნევ,"ვაქნევინებ, გავაწევინებ, გავამართვინებ.",27,614,False
ganm_3687,შემიკვეთა,"მიმიზიდა, თავი შემაყვარა, თავის სასარგებლოდ განმაწყო.",27,615,False
ganm_3688,ყოლა,"სრულებით, სულაც.",27,615,False
ganm_3690,დაიხოცნენ,"დაიხოცებიან. იგი. უნდა: იგინი. მრ. რიცხვი პოეტური ლიცენციაა. და - ზმნისწინი ზმნისა “ დაიხოცნენ”, განმეორებული აზრის გაძლიერების მიზნით.",27,615,False
ganm_3691,მეომარი,"შემბრძოლებელი, მოწინააღმდეგე. ტაეპის აზრია: ჩვენ ორივეს მტერი დიაღაც რომ შეგვიშინდება, შეგვიძრწუნდება.",27,615,False
ganm_3692,არ გაგეგონების,"ვერ წარმოიდგენ, ვერ იფიქრებ.",27,616,True
ganm_3693,უფრო-რე,უფრო.,27,616,False
ganm_3694,გვექონების,გვექნება.,27,616,False
ganm_3695,ლხინი,სიხარული.,27,616,False
ganm_3696,საჩემო,"ჩემი, ჩემთვის განკუთვნილი.",27,616,False
ganm_3697,შეეწონების,"შეედრება, გაუთანასწორდება.",27,616,False
ganm_3698,დღედ სიკვდილამდის,სიკვდილის დღემდე.,27,616,True
ganm_3699,მაგრა,მაგრამ.,27,617,False
ganm_3700,ცოტა,პატარა.,27,617,False
ganm_3701,გამოეგებნეს,გამოეგებნენ.,27,617,False
ganm_3702,ისხმიდეს,იყრიდნენ.,27,617,False
ganm_3703,ოტასა,ნაცარ-მტვერს. თავზე მტვრისა და ნაცრის დაყრა გლოვის ნიშანია.,27,617,False
ganm_3704,იხოკდეს,"იკაწრავდნენ, იხოკდნენ.",27,617,False
ganm_3705,გაჰყრიდეს,"ყრიდნენ, გარშემო ფანტავდნენ.",27,617,False
ganm_3703,ოტასა,ნაცარ-მტვერს. თავზე მტვრისა და ნაცრის დაყრა გლოვის ნიშანია.,27,617,False
ganm_3706,ეხვეოდიან,ეხვეოდნენ. სალტე ხმლის ვადის გასამაგრებელი სალტეა. კოტა აგრეთვე ვადის ნაწილია.,27,617,False
ganm_3703,ოტასა,ნაცარ-მტვერს. თავზე მტვრისა და ნაცრის დაყრა გლოვის ნიშანია.,27,617,False
ganm_3707,კვლა,"კიდევ, ისევ. იგულისხმება: აქაც, ქალაქშიც. მოვეწონე. ლაპარაკია ქალაქის მკვიდრებზე.",27,618,False
ganm_3708,მისი გარდნაკ იდარი,"მისი შენახვედრი, შემთხვევით ნახული.",27,618,True
ganm_3710,იდარი,"დარობ, ანათებ.",27,618,False
ganm_3709,შემასხმიდიან,მასხამდნენ.,27,618,False
ganm_3710,იდარი,"დარობ, ანათებ.",27,618,False
ganm_3710,იდარი,"დარობ, ანათებ.",27,618,False
ganm_3711,ემოსა,ეცვა.,27,618,False
ganm_3712,ზარქაში,ოქროცურვილი ფარჩეულობა.,27,618,False
ganm_3710,იდარი,"დარობ, ანათებ.",27,618,False
ganm_3714,მოჯობდა,გამოკეთდა.,28,619,False
ganm_3715,დავკაზმეთ,"შევჭურვეთ, გავამზადეთ.",28,619,False
ganm_3716,კატარღა,საბრძოლო ხომალდის სახეა.,28,619,False
ganm_3718,რიცხვი,აქ: სიმრავლე.,28,619,False
ganm_3717,სპა,მუდმივი ჯარი.,28,619,False
ganm_3719,ხმდა,"საჭირო იყო, უნდა ყოფილიყო.",28,619,False
ganm_3720,ღონე,"საშუალება; დახმარება, საშველი.",28,619,False
ganm_3721,ეაჯა,"ეთხოვა (იგულისხმება: ღვთისაგან). ტაეპის აზრია: კაცი უნდა ყოფილიყო იქ ვინმე, რომ ღვთისაგან ფრიდონის შემხედველთა შველა ეთხოვა, ისე იყვნენ გაოგნებულნი და რეტდასხმულნი მისი დიდებული და მშვენიერი სანახაობით.",28,619,False
ganm_3722,მოყმისა,რაინდისა.,28,619,False
ganm_3723,მებრძოლთა,მოწინააღმდეგეთა.,28,619,False
ganm_3724,დამსაჯარისა,"დამსჯელისა, გამანადგურებლისა.",28,619,False
ganm_3725,მესმა,გავიგონე.,28,620,False
ganm_3726,დაპირება,აქ: მზადება (საომრად).,28,620,False
ganm_3728,ჩამობურვა,"ჩამოხურვა, დახურვა.",28,620,False
ganm_3729,წინა,წინ.,28,620,False
ganm_3730,"არა ვიცი, იყო თუ რვა",რვა თუ იქნებოდა.,28,620,True
ganm_3731,ფიცხლა,"სწრაფად, მაშინათვე.",28,620,False
ganm_3732,ზედა,ზედ.,28,620,False
ganm_3733,ამოდ,ნელა.,28,620,False
ganm_3734,დავუქცივე,"დავუმტვრიე, დავულეწე. ან: გადავუბრუნე.",28,620,False
ganm_3735,დაიზახეს,"დაიძახეს, იყვირეს.",28,620,False
ganm_3736,დიაცურ,დიაცურად.,28,620,False
ganm_3737,კვლა,"კიდევ, შემდეგ.",28,621,False
ganm_3738,სხვასა,"აქ: სხვასთან, სხვა ნავთან.",28,621,False
ganm_3739,ბაგე,ბორტი.,28,621,False
ganm_3740,დავანთქენ,დავძირე (ლაპარაკია ნავში მჯდომ მეომრებზე).,28,621,False
ganm_3742,ომიმცა რაღა აგესა,რაღა ომს შეძლებდნენ?,28,621,True
ganm_3743,გამექცეს,გამექცნენ.,28,621,False
ganm_3739,ბაგე,ბორტი.,28,621,False
ganm_3745,მიჭვრეტდეს,მიყურებდნენ.,28,621,False
ganm_3746,უკვირდა,უკვირდათ.,28,621,False
ganm_3747,მაქებდეს,მაქებდნენ.,28,621,False
ganm_3757,ხენია,პოეტური ლიცენციაა. აზრის მიხედვით უნდა მხოლობითი;,28,622,False
ganm_3749,კვლა,ისევ.,28,622,False
ganm_3750,შევიბენით,შევებრძოლეთ ერთმანეთს.,28,622,False
ganm_3751,შეიქმნნეს,შეიქმნა.,28,622,False
ganm_3752,სიფიცხე,სისწრაფე.,28,622,False
ganm_3754,მუნ,იქ.,28,622,False
ganm_3755,მომეწონნეს,მომეწონნენ.,28,622,False
ganm_3756,სიქველე,"სიძლიერე, სიმამაცე და იარაღის ხმარების ცოდნა; ვაჟკაცობა.",28,622,False
ganm_3757,ხენია,პოეტური ლიცენციაა. აზრის მიხედვით უნდა მხოლობითი;,28,622,False
ganm_3757,ხენია,პოეტური ლიცენციაა. აზრის მიხედვით უნდა მხოლობითი;,28,622,False
ganm_3759,ბიძასძენი,ბიძაშვილები.,28,623,False
ganm_3760,ჩამოყარნა,იგულისხმება: ცხენიდან.,28,623,False
ganm_3761,გარდეკვეთნეს,"მოეჭრა, მოესხიპა.",28,623,False
ganm_3763,ასაპყარნა,დაასახიჩრა.,28,623,False
ganm_3765,დაყარნა,დატოვა.,28,623,False
ganm_3766,ყმანი,იგულისხმება: ვასალები.,28,623,False
ganm_3766,ყმანი,იგულისხმება: ვასალები.,28,623,False
ganm_3767,ამაყარნა,მაყრებივით ამხიარულა (ალ. ჭინჭარაული).,28,623,False
ganm_3768,გაგვექცეს,გაგვექცნენ.,28,624,False
ganm_3769,ვეცენით,"ვეცით, მივცვივდით.",28,624,False
ganm_3771,ფიცხლად,სწრაფად.,28,624,False
ganm_3772,წავუღეთ,წავართვით.,28,624,False
ganm_3773,არ თავნი გავაზანტენით,"არ ვიზანტეთ, დრო არ დავკარგეთ.",28,624,True
ganm_3774,დავჰლეწეთ,დავუმტვრიეთ.,28,624,False
ganm_3775,იგი,პოეტური ლიცენციაა. აზრის მიხედვით უნდა მრავლობითი რიცხვი “იგინი”.,28,624,False
ganm_3777,გავანატენით,"ნატებად ვაქციეთ. საერთო აზრია: მტრებს წვივები ისე დავურბილეთ, რომ ნატებივით გავხადეთ; მტერი მასხრად ავიგდეთ, ხმლების მაგიერ ქვებით გავუსწორდით (ალ. ჭინჭარაული).",28,624,False
ganm_3778,ლარი,"სიმდიდრე: ოქრო-ვერცხლი, ძვირფასი ქსოვილები და სხვ.",28,624,False
ganm_3780,ნახნა,"აქ: დაათვალიერა, ინახულა, აღრიცხა.",28,625,False
ganm_3781,საჭურჭლენი,სიმდიდრის საცავები.,28,625,False
ganm_3782,დ ასხნა,"დასხა, დაადო (კლიტეებს).",28,625,True
ganm_3787,ასხნა,ასხა.,28,625,False
ganm_3783,დაპყრობილნი,დაჭერილნი.,28,625,False
ganm_3784,წამო ასხნა,"წამოიყვანა, გამოირეკა.",28,625,True
ganm_3787,ასხნა,ასხა.,28,625,False
ganm_3785,მისთა ნაცვლად,"იგულისხმება: ფრიდონის სისხლთა ნაცვლად, სამაგიეროდ.",28,625,True
ganm_3786,მოღვარნა,"დაღვარა, ირგვლივ მოასხა.",28,625,False
ganm_3787,ასხნა,ასხა.,28,625,False
ganm_3788,ჩემი თქვეს,ჩემზე თქვეს.,28,625,True
ganm_3789,მადლი,მადლობა.,28,625,False
ganm_3787,ასხნა,ასხა.,28,625,False
ganm_3792,ზარი,"ზეიმი, ჟრიამული.",28,626,False
ganm_3791,ჩნდა,ჩანდა.,28,626,False
ganm_3793,ზმიდიან,"შვრებოდნენ. ტაეპის აზრია: ჩანდა, მოქალაქეებს რომ ზეიმი მოეწყოთ, რომ ზეიმობდნენ.",28,626,False
ganm_3795,მუნ,იქ.,28,626,False
ganm_3796,დააბმიდიან,აბამდნენ. ტაეპის აზრია: მეფოკუსეებს მნახველთა ყურადღება დაეპყროთ.,28,626,False
ganm_3797,შეგვასხმიდიან,გვასხამდნენ.,28,626,False
ganm_3798,გვითხრობდეს,გვეუბნებოდნენ.,28,626,False
ganm_3799,ჯერთ,ჯერაც.,28,626,False
ganm_3801,დაღრეჯით,მოწყენით.,28,627,False
ganm_3802,ვეროდეს,ვერასოდეს. ტაეპის აზრია: მხიარულად (“ვარდის მკრეფავად”) ვერ მნახეს.,28,627,False
ganm_3803,ვერ ცნიან,"ვერ გებულობდნენ, ვერ გაიგეს.",28,627,True
ganm_3804,მუნ,იქ.,28,627,False
ganm_3805,იეფობით,"უხვად, ადვილ საშოვრად. იგულისხმება: (ჩემი ამბავი) იქ არავინ იცოდა.",28,627,False
ganm_3806,ნადირობას,სანადიროდ.,28,628,False
ganm_3808,გარდავჰხედით,"გადავედით, გადავდექით.",28,628,False
ganm_3809,გითხრობ რასმე,გეტყვი რაღაცას.,28,628,True
ganm_3810,ვთამაშობდით,"ვნავარდობდით (ცხენებით), თავს ვიქცევდით.",28,628,False
ganm_3811,ვსხედით,ვისხედით.,28,628,False
ganm_3812,ამა ქედით,ამ ქედიდან.,28,628,True
ganm_3813,ვჰკითხევდი,ვეკითხებოდი.,29,629,False
ganm_3814,მეტყვის,მეუბნება.,29,629,False
ganm_3815,ესოდენსა,აქ: ასეთს.,29,629,False
ganm_3816,დღე ერთ,ერთ დღეს.,29,629,True
ganm_3817,ზღვათა შიგან,ზღვაში.,29,629,True
ganm_3818,ხმელთა ზედა,ხმელეთზე.,29,629,True
ganm_3819,ვდეგ,ვიდექი.,29,629,False
ganm_3820,თვალს ვუგებდი,"თვალს ვაყოლებდი. ქორსა. იგულისხმება მონადირე ქორი, რომელიც ფრიდონმა ფრინველთა დასაჭერად გაუშვა.",29,629,True
ganm_3821,ზღვითკე,ზღვისკენ.,29,630,False
ganm_3822,მივიხედნი,მივიხედავდი ხოლმე.,29,630,False
ganm_3823,გორსა,გორას.,29,630,False
ganm_3824,ზღვასა შიგან,ზღვაში.,29,630,True
ganm_3825,ცოტა,პატარა.,29,630,False
ganm_3826,თუცა,თუმცა.,29,630,False
ganm_3827,შორს-ა,შორსაა.,29,630,False
ganm_3828,ფიცხლა,სწრაფად.,29,630,False
ganm_3829,არას ძალ-უც,არაფერს შეუძლია.,29,630,True
ganm_3830,სწორსა,აქ: ტოლს (ზომით).,29,630,False
ganm_3831,ვერად ვიცან,"ვერაფერს მივამსგავსე, ვერ ვიცანი რაიმე გარკვეულ საგნად.",29,630,True
ganm_3833,ამად,"ამიტომ. ტაეპის აზრია: ვერაფერს მივამსგავსე, ამიტომ შევყოყმანდი, ვერ გადავწყვიტე, რა იყო.",29,630,False
ganm_3834,ანუ,თუ.,29,631,False
ganm_3835,გარ,"გარს, გარშემო.",29,631,False
ganm_3836,სამოსელი,"აქ: ნაჭერი, ქსოვილი.",29,631,False
ganm_3837,მოზიდვიდეს,მოჰყავდათ ნიჩბების მოსმით. შესაძლოა მეორე გაგებაც: კაცები ნავის გვერდზე მოცურავდნენ და ნავს მოათრევდნენ (ალ. ჭანჭარაული).,29,631,False
ganm_3838,ამად,ამიტომ.,29,631,False
ganm_3840,ცა მეშვიდე მასმცა ვეცი,მას მეშვიდე (ყველაზე მაღალ) ცასაც კი მივცემდი! (იგულისხმება: ისეთი მშვენიერი იყო).,29,631,True
ganm_3841,ამოძვრეს,ამოძვრნენ.,29,632,False
ganm_3842,ვითა ფისანი,როგორც ფისი.,29,632,True
ganm_3843,ელვა,"1. ელვა, 2. სხივი.",29,632,False
ganm_3845,ფერნიმცა ჰგვანდეს რისანი,რისი ფერი ემგვანებოდა? მისი მსგავსი სილამაზისა ვინ იქნებოდა?,29,632,True
ganm_3846,გაცუდდეს,"გაუქმდნენ, დაიჩრდილდნენ, უსარგებლონი გახდნენ.",29,632,False
ganm_3847,და-ცა-მლეწა,"დამლეწა. იგულისხმება: გონება დამიბნია, კალაპოტიდან ამომაგდო. ნაწილაკი “ცა” ჩართულია ზმნასა და ზმნისწინს შორის.",29,633,False
ganm_3848,შემიყვარდა,"მომეწონა, მიმიზიდა. სიმპათია აღმიძრა.",29,633,False
ganm_3849,რომე,რომ.,29,633,False
ganm_3850,ეხეწა,"დაესუსხა, დაეზიანებინა (?). იგულისხმება: ქალის პირისახე უამინდობისგან ხელუხლებელი ვარდივით მშვენიერი იყო.",29,633,False
ganm_3851,შეტევება,"ცხენის მიშვება, სწრაფად მისვლა.",29,633,False
ganm_3852,წა-,"ზმნისწინი ზმნისა “წავიდე”, განმეორებულია აზრის გასაძლიერებლად.",29,633,False
ganm_3853,შავსა,იგულისხმება: ცხენს.,29,633,False
ganm_3854,რამცა ვითა გარდეხვეწა,"რა ან როგორ გადაეხვეწება, წაუვა?",29,633,True
ganm_3855,შამბი,ბუჩქნარი. ან: მაღალი უხეში ბალახი.,29,634,False
ganm_3856,გამესწრნეს,"წამივიდნენ, გამასწრეს.",29,634,False
ganm_3858,რაზომცა ვსცემდი წრტიალსა,რამდენსაც არ ვურტყამდი დეზებს.,29,634,True
ganm_3860,ჩნდა ოდენ მზისა ტიალსა,მხოლოდ გადასული (ან: დამავალი) მზის შუქში ჩანდა.,29,634,True
ganm_3861,"გამშორვებოდეს, წამსლვოდეს","გამშორებოდნენ, წასულიყვნენ.",29,634,True
ganm_3862,ესე,ეს.,29,635,False
ganm_3863,მესმა,გავიგონე.,29,635,False
ganm_3864,გარდავიჭერ,სწრაფად გადმოვხტი. ან: გადმოვვარდი.,29,635,False
ganm_3865,სრულად,"სულ, მთლად.",29,635,False
ganm_3866,გავიკიცხე,"შესაძლოა ორგვარი გაგება: 1. თავი შევირცხვინე მოთქმა–ტირილით, 2. თავი წაგებულად ჩავთვალე, სასოწარკვეთილებაში ჩავვარდი.",29,635,False
ganm_3868,უჩემოსა,"სხვას, თუ არ მე. ტაეპის აზრია: მომკალი, თუ ეს ხესავით ტანწერწეტი და მშვენიერი ქალი ის არ იყოს, ვისი ამბავიც მხოლოდ მე ვიცი და არა სხვამ (ე. ი. ნესტანი).",29,635,False
ganm_3869,ესე,ეს.,29,636,False
ganm_3870,უცხოდ ეუცხოვა,"ძალიან, მეტისმეტად ეუცხოვა.",29,636,True
ganm_3871,მაგრა,მაგრამ.,29,636,False
ganm_3872,მესათნოვა,"სათნოდ მომექცა, დამიყვავა.",29,636,False
ganm_3875,ვითა,როგორც.,29,636,False
ganm_3873,შემეპოვა,"რბილად მომექცა, ანგარიში გამიწია.",29,636,False
ganm_3874,თვალთათ,თვალებიდან.,29,636,False
ganm_3875,ვითა,როგორც.,29,636,False
ganm_3876,ვაგლახ,ვაი.,29,637,False
ganm_3877,ფათერაკად,"საუბედუროდ, მარცხად.",29,637,False
ganm_3880,მაგად,მაგიტომ.,29,637,False
ganm_3879,ნურა გაგვა,"ნურაფერი გენაღვლება, ნუ დარდობ.",29,637,True
ganm_3880,მაგად,მაგიტომ.,29,637,False
ganm_3881,მით,ამიტომ.,29,637,False
ganm_3882,მდაგად,მწველად.,29,637,False
ganm_3883,რათგან,"აქ: თუკი, რაკიღა.",29,637,False
ganm_3884,ყველაკაი,ყოველივე.,29,638,False
ganm_3885,თავსა გარდასრული,"(ჩემ) თავს გარდამხდარი, თავგადასავალი.",29,638,True
ganm_3886,რას ვიტყოდი,"რად ვამბობდი, რა მალაპარაკებდა?!",29,638,True
ganm_3887,მოცთომილი,"შემცდარი, მოტყუებული, გზააბნეული.",29,638,False
ganm_3888,გაბასრული,აქ: შერცხვენილი.,29,638,False
ganm_3889,ჩემსა რადმე,"ჩემსა, ჩემთან.",29,638,True
ganm_3890,მოსრული,მოსული.,29,638,False
ganm_3891,სახელმწიფო,"სამეფო, ხელმწიფური.",29,638,False
ganm_3892,საჯდომი,"ადგილი, საპატიო დასაჯდომი.",29,638,False
ganm_3893,გმართებს,"გეკუთვნის, გერგება, შეგეფერება.",29,638,False
ganm_3894,სრა,"სასახლე. სრაცა სრული. შესაძლოა ორგვარი გაგება: 1. მთელი სასახლეც (შენი უნდა იყოს), 2. ნამდვილი სასახლე - “სასახლური სასახლე” უნდა გქონდეს.",29,638,False
ganm_3895,კვლაცა,კიდევ.,29,639,False
ganm_3896,სარო,კვიპაროსი. სარო მორჩი წერწეტი ტანის აღმნიშვნელი მეტაფორაა. უხებს ზმნაა. ნაწარმოები არის სახელისაგან “ხე”.,29,639,False
ganm_3897,თუცა,თუმცა.,29,639,False
ganm_3898,პირველ,"ჯერ, პირველად.",29,639,False
ganm_3899,გულსა უხებს,"გულზე შეახებს, დაასობს. ა და ბ ტაეპთა აზრია: ვისაც ღმერთი ტანად ალვის ხეს მისცემს, ე.ი. მშვენიერ ადამიანად შექმნის, იმას საბოლოოდ არ გაწირავს, ტანჯვას ლხინად შეუცვლის.",29,639,True
ganm_3900,ზეცით,ზეციდან.,29,639,False
ganm_3901,მოგვიქუხებს,"ქუხილივით მოგვივლენს, ქუხილად გვამცნობს",29,639,False
ganm_3902,სრას,სასახლეში.,29,640,False
ganm_3903,თავის წინა,მარტონი.,29,640,True
ganm_3904,შენგან კიდე,შენს გარდა.,29,640,True
ganm_3905,არავინ-ა,"არავინაა. ბ და გ ტაეპთა აზრია: ჩემი მშველელი რომ შენს გარდა არავინაა, ისევე ნამდვილია, როგორც ის, რომ ღმერთს შენებრი სხვა არ შეუქმნია.",29,640,False
ganm_3906,მაშა,მაშ.,29,640,False
ganm_3907,შეგემეცენ,გაგეცანი.,29,640,False
ganm_3908,რად რა მინა,რად მინდა რამე?,29,640,True
ganm_3909,გესვა,გეყოლები.,29,641,False
ganm_3910,მოყვარე,მეგობარი.,29,641,False
ganm_3911,მომხვდეს,"შემხვდეს, მომეცეს.",29,641,False
ganm_3912,ჟამისად,დროულად.,29,641,False
ganm_3914,გამოსარჩევლად,გადასაწყვეტად.,29,641,False
ganm_3915,სალხენლად,საშველად. მისად. ლაპარაკია ნესტანზე.,29,641,False
ganm_3917,მოსრულხარ,მოსულხარ.,29,642,False
ganm_3918,ჩემად წყალობად,"ჩემი წყალობისთვის (შენი სტუმრობით), ჩემდა საბედნიეროდ.",29,642,True
ganm_3919,მემცა რად ვიყავ,მე რად ვიყო? რად ვიქნები?,29,642,True
ganm_3920,მადლისა რასმე,რაიმე მადლობის.,29,642,True
ganm_3921,მონებად,"სამონოდ, სასამსახურად.",29,642,False
ganm_3922,წინაშე,"1. წინ. 2. სამსახურში, მორჩილებაში.",29,642,False
ganm_3924,ესე,ეს.,29,643,False
ganm_3925,ყოველგნით,ყველა მხრიდან.,29,643,False
ganm_3928,ვალთა,"აქ: უბედურებათა. ტაეპის აზრია: ეგებ ამდენი ჭირის გადახდისათვის ღმერთმა ბოლოს ლხინი მოგცეს, ამით თავისი ვალი გადაგიხადოს.",29,643,False
ganm_3926,ამბავთა უცხოთა რათმე,"სხვადასხვა უცხო ამბების. ტაეპის აზრია: აქ მოისმენ ამბავს, შენი დამწველი ალის წამლად რომ გამოგადგება.",29,643,True
ganm_3928,ვალთა,"აქ: უბედურებათა. ტაეპის აზრია: ეგებ ამდენი ჭირის გადახდისათვის ღმერთმა ბოლოს ლხინი მოგცეს, ამით თავისი ვალი გადაგიხადოს.",29,643,False
ganm_3927,ნუთუ,ეგებ.,29,643,False
ganm_3928,ვალთა,"აქ: უბედურებათა. ტაეპის აზრია: ეგებ ამდენი ჭირის გადახდისათვის ღმერთმა ბოლოს ლხინი მოგცეს, ამით თავისი ვალი გადაგიხადოს.",29,643,False
ganm_3929,გავგზავნნეთ,გავგზავნოთ.,29,644,False
ganm_3930,მენავენი,მეზღვაურები.,29,644,False
ganm_3931,კვლა,"სხვა დროსაც, წინათაც.",29,644,False
ganm_3932,უვლია,უვლიათ.,29,644,False
ganm_3933,მუნამდისცა,მანამდის კიდევ.,29,644,False
ganm_3934,მოიჭირვე,"მოითმინე, ჭირს გაუძელი, გაიჭირვე.",29,644,False
ganm_3935,გონებამან,"ფიქრმა. ტაეპის აზრია: მოითმინე მანამდე, თუ ფიქრმა არ დაგლია, ბოლო არ მოგიღო.",29,644,False
ganm_3936,ყოლა,სრულებით.,29,644,False
ganm_3937,არ ეგების,"არ შეიძლება, არ იქნება.",29,644,True
ganm_3938,თუმცა ლხინმან არ დასძლია,"რომ ლხინმა არ დაძლიოს. ტაეპის აზრია: ისეთი ჭირი არ არსებობს, რომელსაც ბოლოს ლხინი ვერ დაძლევს.",29,644,True
ganm_3939,იხმნა,იხმო.,29,645,False
ganm_3940,მასვე წამსა,იმავე წამს.,29,645,True
ganm_3941,ესე,ეს.,29,645,False
ganm_3942,დავიურვეთ,"მოვაგვარეთ, გავაკეთეთ.",29,645,False
ganm_3943,საყვარელსა,"სატრფოს, მიჯნურს. ტაეპის აზრია: მონახეთ ნესტანი, მის მიჯნურს საშუალება მიეცით, მისი პირისპირ ნახვით მისდამი სიყვარული და სურვილი გაიცხოველოს.",29,645,False
ganm_3944,რადმც უშვიდეთ,"რად უნდა გაუშვიდოთ? ნუ გაუშვიდებთ! ტაეპის აზრია: ათასი ჭირი უნდა აიტანოთ ნესტანის ძებნაში, განა შვიდი ან რვა!",29,645,True
ganm_3945,აჩინნა,"გაგზავნა, გაამწესა.",29,646,False
ganm_3946,სჩენოდეს,"ეგულებოდა. ტაეპის აზრია: ყველა ნავსადგურში, რაც კი იცოდა, კაცი გაგზავნა.",29,646,False
ganm_3948,მოლოდნა,ლოდინი.,29,646,False
ganm_3947,მიჩნდა,"მიმაჩნდა, მეჩვენებოდა.",29,646,False
ganm_3949,პატიჟნი მო-რე-მლხენოდეს,"ტანჯვა შემმსუბუქებოდა. ტაეპის აზრია: თუ უმისოდ (უნესტანოდ) ლხინი მინახავს, შერცხვენილი ვიყო!",29,646,True
ganm_3950,საპატრონო,"საბატონო, სამეფო.",29,647,False
ganm_3951,მცთარვარ,"თურმე, ვცდებოდი, ვტყუვდებოდი.",29,647,False
ganm_3952,გასაგონო,"მისახვედრი, გასაგები, შესაცნობი.",29,647,False
ganm_3954,რა ვით ვინ მოგაწონოსა,ვინ რას მოგაწონებს?,29,647,True
ganm_3955,მოვიდეს,მოვიდნენ.,29,648,False
ganm_3956,ყოვლგნით,ყოველი მხრიდან.,29,648,False
ganm_3957,მცნობელნი,"გამგებნი, შემტყობნი.",29,648,False
ganm_3958,ცუდნი,აქ: ხელმოცარულნი.,29,648,False
ganm_3959,ცუდთა ადგილთა,"უსარგებლო, შედეგის არ მომცემ ადგილებში.",29,648,True
ganm_3960,დამაშვრობელნი,დამღლელნი.,29,648,False
ganm_3961,ვერა,ვერაფერი.,29,648,False
ganm_3962,ეცნა,"შეეტყოთ, გაეგოთ.",29,648,False
ganm_3963,იყვნეს,იყვნენ.,29,648,False
ganm_3961,ვერა,ვერაფერი.,29,648,False
ganm_3965,მდინდეს,"მდიოდნენ, ან: წამომედინნენ.",29,648,False
ganm_3966,ესე,ეს.,29,649,False
ganm_3967,ვითა,როგორ.,29,649,False
ganm_3968,მესაზაროების,"საზაროდ, საშინლად მეჩვენება.",29,649,False
ganm_3971,მოების,"მოება; ან: ებმის, ებმება.",29,649,False
ganm_3969,დახსნილვარ,"მოვშორებივარ, მოვწყვეტილვარ, ხელი ამიღია.",29,649,False
ganm_3970,მით,"ამიტომ, ამის გამო.",29,649,False
ganm_3971,მოების,"მოება; ან: ებმის, ებმება.",29,649,False
ganm_3972,ვიქმნები,"აქ: დავდგები, დავრჩები.",29,650,False
ganm_3973,ფარმანი,აქ: ნებართვა.,29,650,False
ganm_3974,რა ესმა,რომ გაიგო.,29,650,True
ganm_3975,მო-ვე-რწყო,ისევ მორწყო.,29,650,False
ganm_3976,დღესითგან,დღეიდან.,29,650,False
ganm_3977,ცუდ ჩემი ლხინი,"ამაოა, უსარგებლოა, ფუჭია ჩემი ლხინი.",29,650,True
ganm_3978,თუცა,თუმცა.,29,651,False
ganm_3979,დია,"ბევრი, ძალიან.",29,651,False
ganm_3980,მოიჭირვეს,აქ: ეცადნენ.,29,651,False
ganm_3981,სპა,"1. მუდმივი ჯარი, 2. ჯარისკაცი.",29,651,False
ganm_3982,თავი მათი ჩემ-კერძ ირეს,"ჩემკენ წამოვიდნენ, ჩემკენ იარეს.",29,651,True
ganm_3983,მეხვეოდეს,მეხვეოდნენ.,29,651,False
ganm_3984,მაკოცებდეს,"მაკოცებდნენ, მკოცნიდნენ.",29,651,False
ganm_3985,ატირდეს,ატირდნენ.,29,651,False
ganm_3986,დაგემონნეთ,დაგემონებით.,29,651,False
ganm_3987,ვირეს,პოეტური ლიცენციაა. ნიშნავს: ვიდრე.,29,651,False
ganm_3989,დია,ძალიან.,29,652,False
ganm_3990,მაგრა,მაგრამ.,29,652,False
ganm_3991,უმისოსა ჩემგან,"იგულისხმება: ჩემგან, უნესტანოდ მყოფისგან.",29,652,True
ganm_3992,ტყვესა,ლაპარაკია ნესტანზე.,29,652,False
ganm_3993,გავსწირავ,"მივატოვებ, გავწირავ.",29,652,False
ganm_3989,დია,ძალიან.,29,652,False
ganm_3994,გებრალების,გებრალებათ.,29,652,False
ganm_3995,არცა ვისგან დამეშლების,ვერც ვინმე დამიშლის (წასვლას).,29,652,True
ganm_3996,მერმე,მერე.,29,653,False
ganm_3997,ესე,ეს.,29,653,False
ganm_3998,სარო,"კვიპაროსი. ტაეპის აზრია: ხედავ, პირმზე და ტანად კვიპაროსის ხის მსგავსი, ამ ცხენს?",29,653,False
ganm_3999,არა,არაფერი.,29,653,False
ganm_4001,ძღვენნი რადმცა გავკიცხენი,"საჩუქრები რაზე გავაწბილო და გავაუფასურო? (ტყუილად რად გაჩუქო სხვა რამ, რაც არ მოგეწონება?).",29,653,True
ganm_4002,მოგაწონნეს,"მოგაწონოს, მოგაწონებს.",29,653,False
ganm_4003,სახედნობა,"კარგი “შესაჯდომობა”, კარგი სვლა და კარგი გამგებიანობა მხედრის ნებისა.",29,653,False
ganm_4004,სიფიცხე,"სისწრაფე, სიმკვირცხლე.",29,653,False
ganm_4005,ორთავე,ორივემ.,29,654,False
ganm_4006,მუნ,იქ.,29,654,False
ganm_4007,ზახილით,"ყვირილით. აქ: ვაებით, მოთქმით.",29,654,False
ganm_4008,სრულად ლაშქარნი,მთელი ლაშქარი.,29,654,True
ganm_4009,მტიროდეს,მტიროდნენ.,29,654,False
ganm_4010,მართლად,"გულწრფელად, ნამდვილად.",29,654,False
ganm_4011,თავნი დავადარენით,დავემსგავსეთ.,29,654,True
ganm_4012,ძებნად,საძებრად.,29,655,False
ganm_4013,კვლა,"კიდევ, ისევ.",29,655,False
ganm_4014,რომე,რომ.,29,655,False
ganm_4015,არა,არაფერი.,29,655,False
ganm_4016,ხმელთა ზედა,ხმელეთზე.,29,655,True
ganm_4017,ზღვათა გარე,"გარეთ, ზღვაში. შესაძლოა სხვა გაგებაც: ხმელეთზე, გარდა ზღვისა, ყველაფერი მოვიარე.",29,655,True
ganm_4018,მაგრა,მაგრამ.,29,655,False
ganm_4019,ვერას,აქ: ვერავის.,29,655,False
ganm_4020,სრულად,"სულ, სრულებით.",29,655,False
ganm_4021,დავადარე,დავამსგავსე.,29,655,False
ganm_4022,ხამს,"საჭიროა, ჯერ-არს.",29,656,False
ganm_4023,ცუდი,"ამაო, ფუჭი, უსარგებლო.",29,656,False
ganm_4027,ურვა,მწუხარება.,29,656,False
ganm_4024,ნუთუ,ეგებ.,29,656,False
ganm_4025,სიახლემან,სიახლოვემ.,29,656,False
ganm_4026,უკუმყაროს გულსა,"მომაშოროს, განმიქარვოს.",29,656,True
ganm_4027,ურვა,მწუხარება.,29,656,False
ganm_4028,დამირჯიხართ,"გამირჯიხართ, გამიტანჯიხართ.",29,656,False
ganm_4029,დია,ძალიან.,29,656,False
ganm_4030,გმართებს,გეკუთვნით.,29,656,False
ganm_4027,ურვა,მწუხარება.,29,656,False
ganm_4031,აწ,ახლა.,29,657,False
ganm_4032,დამაგდეთ,დამტოვეთ.,29,657,False
ganm_4033,ეტერენით,"ეპატრონეთ, მიჰხედეთ.",29,657,False
ganm_4034,უჭვრეტთ,უცქერით.,29,657,False
ganm_4035,თვალთა ჩემთათ,ჩემი თვალებიდან.,29,657,True
ganm_4037,ესოდენთა,"ამდენს, აქ: ასეთს.",29,657,False
ganm_4038,უშენოსა,სხვას თუ არა შენ.,29,658,False
ganm_4040,უფალსა,"ბატონს, მბრძანებელს.",29,658,False
ganm_4041,ნუთუ,აქ: ნეტავ.,29,658,False
ganm_4042,გაგვყარნეს,გაგვყაროს.,29,658,False
ganm_4043,გიჭვრეტდეთ,გიცქერდეთ.,29,658,False
ganm_4044,სატურფალსა,"მოსაწონს, თვალის მიმზიდველს.",29,658,False
ganm_4045,თურე,აქ: თურმე.,29,658,False
ganm_4047,მოაღაფლებს,"ადუნებს, აძაბუნებს, ძალასა და შემართებას ართმევს. ტარიელის აზრია: მე, ასეთი მხნე კაცი, ბედმა როგორ დამაძაბუნა!",29,658,False
ganm_4048,მესმნეს,გავიგონე. აქ: შევისმინე.,29,659,False
ganm_4049,მაგრა,მაგრამ.,29,659,False
ganm_4050,დავყარენ,დავტოვე.,29,659,False
ganm_4051,არენი,მიდამოები.,29,659,False
ganm_4052,კაცრიელთა თემთანი,"ადამიანთა თემებისა, კაცთა საცხოვრებლისა.",29,659,True
ganm_4053,საყოფნი,სადგომნი.,29,659,False
ganm_4054,მიმაჩნდეს,მიმაჩნდნენ.,29,659,False
ganm_4055,მათ ირემთანი,ირმებისა.,29,659,True
ganm_4056,გავიჭერ,"ადამიანებს გავეცალე, განვმარტოვდი, ველად გავედი.",29,659,False
ganm_4057,სრულად,"სულ, ერთიანად, მთლად.",29,659,False
ganm_4058,ქვე,ქვევით.,29,659,False
ganm_4059,ზე,ზევით.,29,659,False
ganm_4060,ესე,ეს.,29,660,False
ganm_4061,ქვაბნი,გამოქვაბულები.,29,660,False
ganm_4062,ვპოვენ,ვიპოვე.,29,660,False
ganm_4063,შეეკაფნეს,"შეეკაფათ, ამოეჭრათ.",29,660,False
ganm_4064,შემომებნეს,შემომებრძოლნენ.,29,660,False
ganm_4065,ყოლა,სრულებით.,29,660,False
ganm_4066,ვერას ვერ მეხაფნეს,"რიხით, მამაცურად ვერ მაჩვენეს თავი.",29,660,True
ganm_4067,ჯაჭვნი ავად მოექაფნეს,"ჯაჭვის პერანგები ავად (იგულისხმება: ჩემი და ჩემი მონების დასახოცად) გაემაგრებინათ ქაფით, მხარ-კისრის დასაცავი რკინით.",29,660,True
ganm_4068,საწუთრომან,"წუთისოფელმა, ცხოვრებამ.",29,660,False
ganm_4069,დამაღრიჯა,"დამამწუხრა, დამაღონა.",29,660,False
ganm_4071,ცქაფნი მისნი კვლა მეცქაფნეს,წუთისოფლის სიცრუე კიდევ ერთხელ სიცრუედ დავინახე.,29,660,True
ganm_4072,მაშინდლითგან,მას აქეთ.,29,661,False
ganm_4073,ხელი,"გახელებული, შმაგი.",29,661,False
ganm_4074,გავიჭრები,გავვარდები ხოლმე.,29,661,False
ganm_4075,ვბნდები,"გონებას ვკარგავ, გული მიმდის.",29,661,False
ganm_4076,ესე,ეს.,29,661,False
ganm_4077,დამაგდებს,მტოვებს.,29,661,False
ganm_4078,ცეცხლ-ნადები,"ცეცხლმოდებული. მეტაფორულად: ტანჯული, მგლოვიარე.",29,661,False
ganm_4079,ჩემად ღონედ,ჩემ საშველად.,29,661,True
ganm_4080,არას არ ვეცდები,არაფერს არ ვცდილობ.,29,661,True
ganm_4081,რომე,"რომ, რადგან.",29,662,False
ganm_4082,სახე,"მსგავსება, მსგავსი.",29,662,False
ganm_4083,დამის ახავს,მიმიჩნევია.,29,662,True
ganm_4090,ახავს,"“ახ”-ს ამბობს, კვნესის.",29,662,False
ganm_4085,ამად,ამიტომ.,29,662,False
ganm_4086,კაბად,"სამოსლად, ჩასაცმელად.",29,662,False
ganm_4090,ახავს,"“ახ”-ს ამბობს, კვნესის.",29,662,False
ganm_4087,ესე,ეს.,29,662,False
ganm_4088,შემიკერავს,მიკერავს.,29,662,False
ganm_4089,სულთქვამს,ოხრავს.,29,662,False
ganm_4090,ახავს,"“ახ”-ს ამბობს, კვნესის.",29,662,False
ganm_4091,ცუდად,ტყუილად.,29,662,False
ganm_4090,ახავს,"“ახ”-ს ამბობს, კვნესის.",29,662,False
ganm_4093,სიცოცხლისა მთმენები,"სიცოცხლის მომთმენი. ტარიელს აღარ უხარია სიცოცხლე, იგი მას მხოლოდ ითმენს.",29,663,True
ganm_4094,მას აქათ,მას აქეთ.,29,663,True
ganm_4095,ვახლავ ნადირთა,ნადირებთან ვარ.,29,663,True
ganm_4096,თავსა მათებრვე მხსენები,"ჩემ თავს მათვე რომ ვამსგავსებ, მათგან რომ აღარ ვარჩევ.",29,663,True
ganm_4097,სხვად,სხვა მხრივ.,29,663,False
ganm_4098,არას,არაფერს.,29,663,False
ganm_4099,ვიაჯ,ვთხოულობ.,29,663,False
ganm_4100,მქენები,"მახვეწარი, მთხოვნელი.",29,663,False
ganm_4101,პირსა იცა,სახეში (ხელი) დაირტყა.,29,664,True
ganm_4102,აიხეწა,"აიხოკა, დაიზიანა.",29,664,False
ganm_4103,ლალი ქარვად გარდაიქცა,"ლალი ფერიანი პირისახის აღმნიშვნელი მეტაფორაა, ქარვა - გაყვითლებულისა, ლალი ქარვად გარდაიქცა - პირისახე გაყვითლდა, გაფერმკრთალდა. ბროლი თეთრი სახისკანის აღმნიშვნელი მეტაფორაა.",29,664,True
ganm_4104,ბროლი სრულად დაილეწა,სახისკანი სულ დაიხეთქა.,29,664,True
ganm_4105,წასდის,სდის.,29,664,False
ganm_4106,ერთ-სახე,განუწყვეტელი.,29,664,False
ganm_4107,წა-,"ზმნისწინი ზმნისა “წასდის”, მნიშვნელობის გასაძლიერებლად განმეორებული.",29,664,False
ganm_4108,ყველაკაი გაამე,"ყველაფერი შეგისრულე; შენ როგორც გეამებოდა, ისე მოვიქეცი.",29,665,True
ganm_4109,მე ვერას ვერ ამებულმან,"მე, რომელმაც ვერაფრით გავიხარე. ტაეპის აზრია: შენ გასიამოვნე ჩემი ამბის თხრობით, მე, პირიქით, გავიტანჯე.",29,665,True
ganm_4110,გაარმებულმან,"მობეზრებულმა, (სიცოცხლის) არმად, არასასურველად ჩამთვლელმა.",29,665,False
ganm_4111,აწ,ახლა.,29,665,False
ganm_4112,შენი მზე,იგულისხმება თინათინი.,29,665,True
ganm_4113,ნახვისა მოჟამებულმან,შესაძლოა ორგვარი გაგება: 1. ნახვას მონატრებულმა. 2. უკვე მისი ნახვის დრო რომ მოგსვლია.,29,665,True
ganm_4114,გაყრა,სიშორე.,29,666,False
ganm_4115,არ მომეთმინების,"ვერ მოვითმენ, მოსათმენად მეძნელება.",29,666,True
ganm_4116,გითხრობ,გეტყვი.,29,666,False
ganm_4117,კადრება,"თქმა, შემობედვა.",29,666,False
ganm_4118,ვისთვის,ვისთვისაც.,29,666,False
ganm_4119,არა არ ელხინების,"არაფერი ეშველება, მდგომარეობა არაფრით არ შეუმსუბუქდება.",29,666,True
ganm_4120,მაჯასისა,მაჯის.,29,667,False
ganm_4121,შემტყვებარი,"შემტყობი, გამსინჯავი.",29,667,False
ganm_4122,რაცა გითხრა,რასაც გეტყვი.,29,668,True
ganm_4124,ბრძენი,აქ: ჭკუათმყოფელი.,29,668,False
ganm_4123,გეტყვი,გეუბნები.,29,668,False
ganm_4125,ხელი,"გახელებული, შმაგი.",29,668,False
ganm_4126,გმართებს,"გეკუთვნის, მოგეთხოვება.",29,668,False
ganm_4127,გაგონება,"გააზრება, აწონ-დაწონა.",29,668,False
ganm_4125,ხელი,"გახელებული, შმაგი.",29,668,False
ganm_4128,ვერას,ვერაფერს.,29,668,False
ganm_4125,ხელი,"გახელებული, შმაგი.",29,668,False
ganm_4130,აწ,ახლა.,29,668,False
ganm_4131,დამწვავს,მწვავს.,29,668,False
ganm_4125,ხელი,"გახელებული, შმაგი.",29,668,False
ganm_4132,იგი,ლაპარაკია თინათინზე.,29,669,False
ganm_4133,ვნახო,ვნახავ.,29,669,False
ganm_4134,ჩემთვის,აქ: ჩემდამი.,29,669,False
ganm_4135,დავამტკიცო,"განვამტკიცებ, შემოვიმტკიცებ.",29,669,False
ganm_4136,მოვახსენო,მოვახსენებ.,29,669,False
ganm_4137,მეცნას,"გამეგოს, შემეტყოს.",29,669,False
ganm_4138,მიცო,"მაქვს-მეთქი (აზრია: გარწმუნებ, გეუბნები, მეტი საქმე არ მაქვს-მეთქი).",29,669,False
ganm_4139,გენუკვი,"გევედრები, გთხოვ.",29,669,False
ganm_4140,შემაჯერო,"დამაჯერო, დამარწმუნო. იგულისხმება: ჩემ წასვლამდე დამარწმუნო იმაში, რომ, რასაც ახლა გეტყვი, შემისრულებ.",29,669,False
ganm_4141,"ღმერთი იღმრთო, ცაცა იცო",ღმერთი და ცა იწამო.,29,669,True
ganm_4142,გავწიროთ,"მივატოვოთ, გავწიროთ.",29,669,False
ganm_4143,რომე,რომ.,29,670,False
ganm_4144,აქათ,აქედან.,29,670,False
ganm_4146,შეგაჯერო,"დაგაჯერებ, დაგარწმუნებ.",29,670,False
ganm_4147,არასათვის,"არაფრის გულისთვის, არავითარ შემთხვევაში.",29,670,False
ganm_4148,არ გაგწირო,"არ მიგატოვებ, არ გაგწირავ. ტაეპის აზრია: მეც შემოგფიცავ, რომ არ მიგატოვებ ბედის ანაბარას.",29,670,True
ganm_4149,კვლა,ისევ.,29,670,False
ganm_4150,მოვიდე,მოვალ.,29,670,False
ganm_4151,მოვკვდე,მოვკვდები.,29,670,False
ganm_4152,ვირო,ვივლი.,29,670,False
ganm_4153,მან,ლაპარაკია ტარიელზე.,29,671,False
ganm_4154,ვითა,როგორ.,29,671,False
ganm_4155,გასაყრელად გეძნელები,გეძნელება ჩემი განშორება.,29,671,True
ganm_4154,ვითა,როგორ.,29,671,False
ganm_4157,რაგვარამცა დაგივიწყე,როგორ დაგივიწყებ?,29,671,True
ganm_4158,რაგვარამცა უკუმქარდი,როგორ ამომივარდები გონებიდან? როგორ შეველევი შენზე ფიქრს?,29,671,True
ganm_4153,მან,ლაპარაკია ტარიელზე.,29,671,False
ganm_4159,კვლაცა,კიდევ.,29,671,False
ganm_4160,მორჩი,"ნორჩი, ახალნერგი.",29,671,False
ganm_4161,"“პირი შენი ნახვად ჩემად თუ მობრუნდეს, ტანი იხოს,","ტაეპის აზრია: თუ შენს პირსა და შენს ხესავით წერწეტ ტანს აქ, ჩემ სანახავად მობრუნებულს, ვნახავ, მაშინ ...",29,672,True
ganm_4162,გული მინდორს არ გაიჭრეს,"გული აღარ გამიველურდება, მინდვრად გაჭრა აღარ მოუნდება.",29,672,True
ganm_4163,"არ იირმოს, არცა ითხოს",ირემსა და თხას არ დაემსგავსება.,29,672,True
ganm_4164,მოგაღორო,"მოგატყუო, დაგაღალატო.",29,672,False
ganm_4165,ჭვრეტა-სიახლემან,ცქერამ და ახლოს ყოფნამ.,29,672,False
ganm_4166,"მომაქარვოს სევდა, მითხოს","გამიქარვებს, გამითხელებს სევდას.",29,672,True
ganm_4167,შეიფიცნეს,შეიფიცნენ.,29,673,False
ganm_4168,მოყვარენი,მეგობრები.,29,673,False
ganm_4170,გულ-სა დაგნი,"გულწრფელნი, გულმართალნი.",29,673,True
ganm_4177,დაგნი,ალები(?).,29,673,False
ganm_4173,ცნობა,გონება.,29,673,False
ganm_4175,სწვიდეს,სწვავდნენ.,29,673,False
ganm_4176,მიწყივ,მუდამ.,29,673,False
ganm_4177,დაგნი,ალები(?).,29,673,False
ganm_4178,მას ღამესა,იმ ღამეს.,29,673,True
ganm_4179,ერთგან,ერთად.,29,673,False
ganm_4180,იყვნეს,იყვნენ.,29,673,False
ganm_4181,მასვე თანა,მასთანვე.,29,674,True
ganm_4182,გაეყარა,გაშორდა.,29,674,False
ganm_4183,ვით,როგორ.,29,674,False
ganm_4184,ამას ვერ მიმხვდარა,"აზრია: ვერ წარმოუდგენია, ჯერ თვითონაც ვერ გაუცნობიერებია, როგორ ეწყინა.",29,674,True
ganm_4185,შამბი,ბუჩქნარი. ან: მაღალი და უხეში ბალახი.,29,674,False
ganm_4186,შიგან ჩაიარა,შუაში ჩაიარა.,29,674,True
ganm_4187,ზენარით,"ფიცით. აქ: ფიცებით. ასმათი ავთანდილს აფიცებდა, მობრუნდიო.",29,675,False
ganm_4188,თითითა ეხვეწებოდა,იგულისხმება ხალხში დღემდე არსებული ჩვევა ხვეწნის გამოსახატავად ნეკის ნეკზე გადაჯაჭვისა (მ. ქალდანი).,29,675,True
ganm_4189,ადრე,მალე.,29,675,False
ganm_4190,ჰვედრებდა,"სთხოვდა, ევედრებოდა.",29,675,False
ganm_4191,ვითა,როგორც.,29,675,False
ganm_4192,მან,ლაპარაკია ავთანდილზე.,29,675,False
ganm_4193,უთქვენოდ სხვა რამცა მეგონებოდა,"სხვაზე, თუ არ თქვენზე (შენზე და ტარიელზე) როგორ ვიფიქრებ?",29,675,True
ganm_4194,ადრე,მალე.,29,676,False
ganm_4195,გაგწირავ,მიგატოვებ.,29,676,False
ganm_4196,არას დავზამ შინა ხანსა,"შინ არ დავყოფ დროს, არ შევყოვნდები.",29,676,True
ganm_4197,ოდენ,ოღონდ.,29,676,False
ganm_4198,ნუსად არებს,ნურსად ატარებს.,29,676,True
ganm_4199,აქათ,ამ დღიდან.,29,676,False
ganm_4200,არ მოვიდე,(თუ) არ მოვალ.,29,676,True
ganm_4201,ვიქმ,ვიზამ.,29,676,False
ganm_4202,დაუგვანსა,"შეუფერებელს, არასაკადრისს.",29,676,False
ganm_4203,შეიგენით,"მიხვდით, იცოდეთ!",29,676,False
ganm_4204,თანისთანსა,"გაუწყვეტელს, გაუსწორებელს. იგულისხმება: თუ არ მოვედი, მაშ, დავღუპულვარ.",29,676,False
ganm_4206,მუნით,იქიდან.,30,677,False
ganm_4207,სევდამანცა განა მოკლა,სევდამ ლამის მოკლა.,30,677,True
ganm_4208,იხოჭს,"იფხაჭნის, იხოკს.",30,677,False
ganm_4209,ვარდსა,მეტაფორული აღნიშვნაა ლოყისა.,30,677,False
ganm_4210,გაამხოკლა,(პირის) მხოკელად გახადა. აზრია: მოჰყვა და მოჰყვა ხელით პირის ხოკას. ტაეპის აზრია: ავთანდილმა ყველა მხეცი თავისი სისხლის მლოკველი გახადა.,30,677,False
ganm_4211,ფიცხლა,სწრაფად.,30,677,False
ganm_4212,მუნ,იქ.,30,678,False
ganm_4213,სადა-იგი,სადაც.,30,678,False
ganm_4214,სპანი,"ჯარისკაცები, მეომრები.",30,678,False
ganm_4215,დაეყარნეს,დაეტოვებინა.,30,678,False
ganm_4216,რაგვარაცა ჰმართებს,როგორც ეკუთვნის.,30,678,True
ganm_4217,აგრე,ასე.,30,678,False
ganm_4218,გაეხარნეს,გაუხარდათ.,30,678,False
ganm_4219,ახარებდეს,ახარებდნენ; ახარეს.,30,678,False
ganm_4220,ფიცხლა,სწრაფად.,30,678,False
ganm_4221,კაცთა თავნი არნეს,კაცები წავიდნენ (მახარობლად შერმადინთან).,30,678,True
ganm_4222,ვისთვის,"ვისთვისაც, ვის გამოც.",30,678,False
ganm_4223,გაგვემწარნეს,"გაგვიმწარდა, გაგვმწარებოდა.",30,678,False
ganm_4224,აკოცებდა,ჰკოცნიდა.,30,679,False
ganm_4225,ესე,ეს.,30,679,False
ganm_4226,ნეტარ,ნეტავი.,30,679,False
ganm_4227,ანუ,თუ.,30,679,False
ganm_4228,ვით ღირს ვარ,რა ღირსი ვარ? როგორ ვეღირსე!,30,679,True
ganm_4229,რომე,რომ.,30,679,False
ganm_4230,გჭვრეტდენ,გიყურონ.,30,679,False
ganm_4231,მრთელსა,"ჯანსაღს, უვნებელს, ცოცხალს.",30,679,False
ganm_4232,ყმამან,"მოყმემ, რაინდმა (ავთანდილმა).",30,680,False
ganm_4233,არა,არაფერი.,30,680,False
ganm_4235,დიდებულთა,დიდებულებმა.,30,680,False
ganm_4236,აკოცებდეს,აკოცეს.,30,680,False
ganm_4237,ღირს-ა,ღირსია.,30,680,False
ganm_4238,ზარსა სცემდეს,ზეიმობდნენ.,30,680,True
ganm_4239,მცირსა,"მცირეს, დაბალი საზოგადოებრივი მდგომარეობის კაცს; ან: უმცროსს.",30,680,False
ganm_4240,მოვიდეს,მოვიდნენ.,30,681,False
ganm_4241,სადა,სადაც.,30,681,False
ganm_4242,საყოფად,საცხოვრებლად.,30,681,False
ganm_4243,დგა,იდგა.,30,681,False
ganm_4244,ნახვად,სანახავად.,30,681,False
ganm_4245,ყოველი,მთელი.,30,681,False
ganm_4246,მის ქალაქისა კრებული,"იმ ქალაქის კრებული, ანუ პატივსაცემ მოქალაქეთა საბჭო (მ. გაბაშვილი).",30,681,True
ganm_4247,დაჯდა ნადიმად,ნადიმი გამართა.,30,681,True
ganm_4248,მორჭმული,"გამარჯვებული, წარმატებული.",30,681,False
ganm_4249,შვებული,"მხიარული, გახარებული.",30,681,False
ganm_4251,მის დღისა შვებასა,იმ დღის სიხარულს.,30,681,True
ganm_4252,ყოლა,სრულებით.,30,681,False
ganm_4263,ხული,"ხულა, ქოხი.",30,682,False
ganm_4253,ანუ,ან.,30,682,False
ganm_4254,ვით,როგორ.,30,682,False
ganm_4255,პოვა,იპოვა.,30,682,False
ganm_4256,იგი ყმა,ის მოყმე.,30,682,True
ganm_4257,მზედ დასა ხული,"მზედ მიჩნეული, მზესთან შედარებული.",30,682,True
ganm_4263,ხული,"ხულა, ქოხი.",30,682,False
ganm_4258,ცრემლი უყოფდა,იგულისხმება: თვალს.,30,682,True
ganm_4260,უბნობდა თვალ-დაფა ხული,"ლაპარაკობდა თვალების ხამხამით, თვალების ფახულით.",30,682,True
ganm_4263,ხული,"ხულა, ქოხი.",30,682,False
ganm_4261,სწორად მიჩს,თანასწორად მიმაჩნია.,30,682,True
ganm_4262,დარბაზი,სასახლე.,30,682,False
ganm_4263,ხული,"ხულა, ქოხი.",30,682,False
ganm_4264,მან ამბავი,ლაპარაკია შერმადინზე.,30,683,True
ganm_4265,ყველაკაი,ყველაფერი.,30,683,False
ganm_4266,მას დღე,იმ დღეს.,30,683,True
ganm_4267,მუნით,იქიდან.,30,683,False
ganm_4268,გაისვენა,დაისვენა.,30,683,False
ganm_4269,ცისკრად,დილას ადრე.,30,683,False
ganm_4270,შეჯდა,ამხედრდა.,30,683,False
ganm_4271,არცაღა,აღარც.,30,684,False
ganm_4272,არცა კვლა,"არც, აღარც.",30,684,True
ganm_4273,ხალვათი,"მარტოობა. აქ: თავისთვის, მშვიდად მოსვენება.",30,684,False
ganm_4274,მივა,მიდის.,30,684,False
ganm_4275,მათისა,ლაპარაკია ავთანდილზე. მრავლ. რიცხვი ავთანდილისათვის პატივისცემას გამოხატავს.,30,684,False
ganm_4276,ფიცხლა,სწრაფად.,30,684,False
ganm_4277,ვლო,იარა.,30,684,False
ganm_4278,მას ლომსა,იმ ლომს (ავთანდილს).,30,684,True
ganm_4279,უხარის,უხარია.,30,684,False
ganm_4275,მათისა,ლაპარაკია ავთანდილზე. მრავლ. რიცხვი ავთანდილისათვის პატივისცემას გამოხატავს.,30,684,False
ganm_4282,უკადრი,"დიდებული, ამაყი.",30,685,False
ganm_4283,ხარმცა,იყავ! (ღმერთმა) გამყოფოს!,30,685,False
ganm_4284,მორჭმით,"გამარჯვებით, ძლევით, წარმატებით.",30,685,False
ganm_4285,ვიკადრებ,ვბედავ.,30,685,False
ganm_4286,კრძალვით,"სიფრთხილით, მოკრძალებით.",30,685,False
ganm_4287,რიდობით,მორიდებით.,30,685,False
ganm_4288,ვერას ვერ მცნობი,"ვერაფრის ვერგამგები, ვერშემტყობი. ტაეპის აზრია: სანამ მოყმის ამბავს არ გავიგებდი, ჩემ თავს ფლიდს, უღირს კაცს ვეძახდი.",30,685,True
ganm_4289,აწ,ახლა.,30,685,False
ganm_4290,ვცან,გავიგე.,30,685,False
ganm_4291,გაცნევ,გაგაგებინებთ.,30,685,False
ganm_4292,მოვალ,მოვდივარ.,30,685,False
ganm_4293,შვებით,სიხარულით.,30,685,False
ganm_4294,უკადრი,"ამაყი, ამპარტავანი.",30,686,False
ganm_4295,მორჭმული,"ძლევამოსილი, წარმატებული.",30,686,False
ganm_4296,შეუპოველი,"გალაღებული, თავისი ნების თავისუფლად განმახორციელებელი.",30,686,False
ganm_4297,მოვა წინაშე,"მოდის თქვენს წინაშე, თქვენთან წარმოსადგომად.",30,686,True
ganm_4298,მის ყმისა ვისმე,იმ ვინმე მოყმის.,30,686,True
ganm_4299,ბრძანა,ლაპარაკია მეფეზე.,30,686,False
ganm_4300,ვცან,გავიგე.,30,686,False
ganm_4301,სააჯო,"სათხოვარი, სავედრებელი.",30,686,False
ganm_4303,ჰკადრა,უთხრა.,30,687,False
ganm_4304,ნათელსა მას უღ ამოსა,იმ დაუღამებელ ნათელს.,30,687,True
ganm_4312,მას,ლაპარაკია შერმადინზე.,30,687,False
ganm_4306,ამოსა,"სასიამოვნოს, სასიხარულოს.",30,687,False
ganm_4305,მოვა წინაშე,"მოდის თქვენს (ან: როსტევანის) წინაშე, თქვენთან (ან: როსტევანთან) წარსადგომად.",30,687,True
ganm_4306,ამოსა,"სასიამოვნოს, სასიხარულოს.",30,687,False
ganm_4307,იგი,ლაპარაკია თინათინზე.,30,687,False
ganm_4308,მით,"ამიტომ, ამის გამო.",30,687,False
ganm_4309,აკრთობს,"აციმციმებს, ასხივებს.",30,687,False
ganm_4310,ელვა,აქ: სხივი.,30,687,False
ganm_4306,ამოსა,"სასიამოვნოს, სასიხარულოს.",30,687,False
ganm_4312,მას,ლაპარაკია შერმადინზე.,30,687,False
ganm_4313,საბოძვარი,საჩუქრები.,30,687,False
ganm_4314,უბოძა,"მისცა, დაასაჩუქრა.",30,687,False
ganm_4315,მისი ყველაი,ყველა მისიანები (იგულისხმება: შერმადინის მხლებლები).,30,687,True
ganm_4306,ამოსა,"სასიამოვნოს, სასიხარულოს.",30,687,False
ganm_4317,შეჯდა,ამხედრდა.,30,688,False
ganm_4318,მუნით,იქიდან.,30,688,False
ganm_4319,პირ-მზე,"(ავთანდილი). ტაეპის აზრია: ავთანდილმა დაუმადლა მეფეს ეს პატივისცემა, თავი დავალებულად ჩათვალა.",30,688,False
ganm_4320,მიეახლა,მიუახლოვდა.,30,689,False
ganm_4321,გარდახდა,ჩამოქვეითდა.,30,689,False
ganm_4322,თაყვანის-სცა,"მდაბლად მიესალმა, ქედი მოუხარა.",30,689,False
ganm_4324,სიიეფე,"სიმრავლე, სიუხვე.",30,689,False
ganm_4326,შვებულნი,"უდარდელნი, მოხარულნი.",30,689,False
ganm_4327,მივლენ,მიდიან.,30,689,False
ganm_4328,დარბაზსა სეფესა,სამეფო დარბაზში.,30,689,True
ganm_4329,ყოველსა მუნ მეკრეფესა,ყველა იქ შეკრებილს.,30,689,True
ganm_4330,მას,ლაპარიკია თინათინზე.,30,690,False
ganm_4331,თაყვანის-სცა,"მდაბლად მიესალმა, ქედი მოუხარა.",30,690,False
ganm_4332,მუნ,იქ.,30,690,False
ganm_6147,ბროლი,თინათინის თეთრი კანის აღმნიშვნელი მეტაფორაა,30,690,False
ganm_4333,ვარდ-გიშერი,ღაწვებისა და შავი თმისა.,30,690,False
ganm_4334,უნათლეა სინათლესა ზესთა-ზესა,"უფრო ნათელია, ვიდრე ზეციური სინათლე.",30,690,True
ganm_4335,საყოფი,საცხოვრებელი.,30,690,False
ganm_4336,არა ჰმართებს,"არ შეეფერებათ, არ ეკუთვნით.",30,690,True
ganm_4337,ცამცა გაიდარბაზესა,ცა უნდა გაიხადონ დარბაზად.,30,690,True
ganm_4338,მას დღე,იმ დღეს.,30,691,True
ganm_4339,დასხდეს ნადიმობად,დრო ნადიმობაში გაატარეს.,30,691,True
ganm_4340,ყმასა,მოყმეს (ავთანდილს).,30,691,False
ganm_4341,ორთავე,ორივეს.,30,691,False
ganm_4343,დრამა,"დრახმა, ფულის მცირე ერთეული.",30,691,False
ganm_4344,გარდახდა,დასრულდა.,30,692,False
ganm_4345,თავის-თავის,თავ-თავისთვის.,30,692,False
ganm_4346,გაიყარნეს,გაიყარნენ.,30,692,False
ganm_4348,ყმა,მოყმე (ავთანდილი).,30,692,False
ganm_4349,ჰკითხავს,ეკითხება.,30,692,False
ganm_4350,ჰკადრებს,ეუბნება.,30,692,False
ganm_4351,დაეთმინა,"მოეთმინა, გადაეტანა.",30,692,False
ganm_4352,მისი,ლაპარაკია ტარიელზე.,30,692,False
ganm_4353,უცნობოსა,გონდაკარგულის.,30,692,False
ganm_4354,მიწყივ,"მუდამ, განუწყვეტლად. ახ გლოვის გამომხატველი შორისდებულია.",30,693,False
ganm_4355,მისისა სახისა,"მისი მსგავსებისა, მისი მინაგვანი რაიმესი ან ვინმესი. ტაეპის აზრია: მზეზე თუ ვიტყვი, მისი მსგავსია ან მისი მსგავსის მსგავსია-მეთქი.",30,693,True
ganm_4356,ვინ,"ვინც. ტაეპის აზრია: (იგი) ყველა ადამიანთა მნახველის გონებასაც უნახავს ხდის, განაცვიფრებს.",30,693,False
ganm_4357,ის-ა,ისაა.,30,693,False
ganm_4358,მოუთმოს,მოუთმინოს. აქ: შეარჩინოს.,30,694,False
ganm_4359,მოუთ მინა მან,"მოუთმენელმა. აქ: არდამთმობმა, არშემრჩენმა.",30,694,True
ganm_4363,მინა,მინანქარი.,30,694,False
ganm_4360,ქაცვი,ეკალი.,30,694,False
ganm_4362,იმსგავსოს,დაიმსგავსებს.,30,694,False
ganm_4361,ფერად,აქ: შესახედად.,30,694,False
ganm_4363,მინა,მინანქარი.,30,694,False
ganm_4363,მინა,მინანქარი.,30,694,False
ganm_4366,წვრილად,"დაწვრილებით. მისმან მონასმინამან. იგულისხმება: ტარიელის თხრობის ნასმენმა; ავთანდილმა მეფეს უამბო ამბავი, რომელიც ტარიელისაგან მოისმინა.",30,694,False
ganm_4363,მინა,მინანქარი.,30,694,False
ganm_4367,წაუხმან,წაურთმევია.,30,695,False
ganm_4368,საყვარელისა,სატრფოსი.,30,695,False
ganm_4370,ცუდად უჩს,"არ უნდა, ფუჭად და უსარგებლოდ მიაჩნია. სტავრა-ნახლები ძვირფასი ქსოვილებია.",30,695,True
ganm_4371,აღარა ნახავს,აღარ ნახულობს.,30,695,True
ganm_4372,სოფელსა,"ქვეყანას, ადამიანებს.",30,695,False
ganm_4373,რა დაასრულა,რომ დაამთავრა.,30,696,True
ganm_4374,მის მზისა ნათლისა,იმ ნათელი მზისა (ტარიელისა).,30,696,True
ganm_4375,დუხჭირი,უსიამოვნო.,30,696,False
ganm_4377,ეამა,ესიამოვნა.,30,696,False
ganm_4378,მძლედ,"ძლიერად, ძლევამოსილად.",30,696,False
ganm_4379,დანამჭირისა,"ნაჭერის, დაჭერილის. აზრია:ეამა (ავთანდილს), რომ ხელში მძლავრად დაჭერილი ხმლის ვადა უქეს, ვაჟკაცობა უქეს.",30,696,False
ganm_4380,ეგე,ეგ.,30,696,False
ganm_4381,კმა,კმარა.,30,696,False
ganm_4382,სიმხნე,"სიძლიერე. აქ: ვაჟკაცობა, მეომრული ქველობა.",30,696,False
ganm_4383,მომხვეჭი,"მშოვნელი, მომპოვებელი (იგულისხმება: სახელისა). ტაეპის აზრია: ეგ სიმხნე სიმხნედ გეყოფა, ვაჟკაცობა ვაჟკაცობად გეყოფა, მეტი სახელი რაღა უნდა მოიხვეჭო?",30,696,False
ganm_4384,მას დღე,იმ დღეს.,30,697,True
ganm_4385,იხარებს,ხარობს.,30,697,False
ganm_4386,კვლა,ისევ.,30,697,False
ganm_4387,საწოლს,საწოლ ოთახში. დაჰხვდა (ავთანდილს).,30,697,False
ganm_4388,მის მზისა,იმ მზის (თინათინის).,30,697,True
ganm_4389,არ ეგების,"არ იქნება, არ გამოვა, შეუძლებელია.",30,697,True
ganm_4393,ყმა,"რაინდი, მოყმე.",30,698,False
ganm_4390,ლმობიერი,"სიხარულისაგან გულმომბალი, გულაჩვილებული, სულიერად განაზებული.",30,698,False
ganm_4391,ლომთა თანა,ლომებთან.,30,698,True
ganm_4392,მოარული,"აქ: ნავალი, ნამყოფი.",30,698,False
ganm_4393,ყმა,"რაინდი, მოყმე.",30,698,False
ganm_4394,სოფლისა ხასიათი,"ქვეყნის სიხარული, ხალისი.",30,698,True
ganm_4396,ჯავარ-სრული,ძვირფასი თვლებისებრი სილამაზით სავსე.,30,698,False
ganm_4397,წყალი,ძვირფას თვალთა ელვარება.,30,698,False
ganm_4399,მაგრა,მაგრამ.,30,698,False
ganm_4401,მზე,იგულისხმება: თინათინი.,30,699,False
ganm_4402,უკადრი,"ამაყი, უკადრი.",30,699,False
ganm_4403,მორჭმული,"ლაღი, ძლევამოსილი, უნაკლო.",30,699,False
ganm_4404,ნადევრი,"დევნილი, დაჩაგრული.",30,699,False
ganm_4405,წყლად ევფრატსა,ევფრატივით (მესოპოტამიის დიდი მდინარეა) უხვ წყალს.,30,699,True
ganm_4407,მჭევრი,"წერწეტი, ლამაზი. ტაეპის აზრია: თინათინის ტანი ისეთი მშვენიერი იყო, როგორც უხვად მორწყული წერწეტი ალვა.",30,699,False
ganm_4409,წარბი ტევრი,ხშირი წარბები.,30,699,True
ganm_4410,ხამს,"საჭიროა, უნდა.",30,699,False
ganm_4411,ყმა,მოყმე.,30,700,False
ganm_4412,წინაშე დასვა,წინ დაისვა.,30,700,True
ganm_4413,სხენან,სხედან.,30,700,False
ganm_4414,ორთავე შესატყვისი,"ორივეს ხვედრი (ლხინი), ორივეს გულში დასადგურებული.",30,700,True
ganm_4415,უბნობენ,საუბრობენ.,30,700,False
ganm_4416,წყლიანნი,საამო საუბრისა და ქცევის მქონენი.,30,700,False
ganm_4417,მქისი,"უსიამოვნო, უჟმური.",30,700,False
ganm_4418,ჰპოვეა,იპოვე თუ არა? ა კითხვის გამომხატველია.,30,700,False
ganm_4419,პატიჟნი,"ტანჯვა, წვალება.",30,700,False
ganm_4420,ჰკადრა,"უთხრა., მოახსენა (ავთანდილმა).",30,701,False
ganm_4422,სოფელმან,"საწუთრომ, ამ ცხოვრებამ.",30,701,False
ganm_4423,არა ხამს,"არ უნდა, არაა საჭირო.",30,701,True
ganm_4424,გარდასრულისა,"წარსულის, განვლილის.",30,701,False
ganm_4425,სოფლისა წყალთა,"მთელი ქვეყნის წყლით, უხვად. ტაეპის აზრია: უხვად მორწყული ხესავით მშვენიერი უცხო მოყმე ვიპოვე.",30,701,True
ganm_4426,მუნ,იქ.,30,701,False
ganm_4427,მაგრა,მაგრამ.,30,701,False
ganm_4428,აწ,ახლა.,30,701,False
ganm_4429,მუნ,იქ.,30,702,False
ganm_4430,სარო,კვიპაროსი. წერწეტი ტანის აღმნიშვნელი მეტაფორაა.,30,702,False
ganm_4431,მისჭირდა,"გაუჭირდა, მი - ზმნისწინი ზმნისა “მისჭირდა”, განმეორებული აზრის გასაძლიერებლად.",30,702,False
ganm_4432,ნები,ნება.,30,702,False
ganm_4434,იტყვის,ამბობს.,30,702,False
ganm_4435,სადა,სადაც.,30,702,False
ganm_4436,ჰრთავს,"ახლავს, შერთულია.",30,702,False
ganm_4432,ნები,ნება.,30,702,False
ganm_4438,მით,"იმიტომ. მოუთმინები. შესაძლოა ორგვარი გაგება: 1. მოუთმენელი, აუტანელი, 2. შეუნელებელი, დაუდგრომელი.",30,702,False
ganm_4432,ნები,ნება.,30,702,False
ganm_4439,კვლა,ისევ.,30,702,False
ganm_4440,ჰკადრა,"უთხრა. მან, მისგან მონასმინები. იგულისხმება: ავთანდილმა თინათინს მისგან ერთხელ უკვე მოსმენილი ამბავი მეორედ უამბო.",30,702,False
ganm_4432,ნები,ნება.,30,702,False
ganm_4441,სიარულსა მისგან,თავის სიარულს.,30,703,True
ganm_4442,ძებნად,საძებრად.,30,703,False
ganm_4443,სრულ პატიჟთა,"მთელ ტანჯვას, ყველა გასაჭირს.",30,703,True
ganm_4444,ჰკადრა,უთხრა.,30,703,False
ganm_4445,სოფელს ყოფა,ქვეყნად ყოფნა.,30,703,True
ganm_4446,უჩს,"ეჩვენება, ესახება, მიაჩნია. ტაეპის აზრია: ადამიანებთან ყოფნა მისთვის ისევე აუტანელია, როგორც ნადირისათვის.",30,703,False
ganm_4447,ოდენ,მხოლოდ.,30,703,False
ganm_4448,ხელი,"შმაგი, გახელებული.",30,703,False
ganm_4449,მხეცთა თანა,მხეცებთან.,30,703,True
ganm_4450,იარების,დადის.,30,703,False
ganm_4451,გკადრო,გითხრა.,30,704,False
ganm_4452,ჩემგან რა გაგეგონების,მე რას მიგახვედრებ? რას გაგაგებინებ?,30,704,True
ganm_4453,აღარა,აღარაფერი.,30,704,False
ganm_4454,მჭვრეტელი,შემხედველი.,30,704,False
ganm_4456,დაეღონების,"ვერ გაუსწორდება სახედავად, მის წინაშე დაბრმავდება, დაუძლურდება. ტაეპის აზრია: იგი (უცხო მოყმე) თავის შემხედველს თვალს სჭრის, როგორც მზის ბრწყინვალება.",30,704,False
ganm_4457,შექმნილა,ქცეულა.,30,704,False
ganm_4458,აწ,ახლა.,30,704,False
ganm_4460,წვრილად,დაწვრილებით.,30,705,False
ganm_4461,ჰკადრა,უთხრა.,30,705,False
ganm_4462,რა იცოდა,რაც იცოდა.,30,705,True
ganm_4464,მენად,სახლად (სპარსული სიტყვაა).,30,705,False
ganm_4464,მენად,სახლად (სპარსული სიტყვაა).,30,705,False
ganm_4466,სასურველად,"როგორც ჩანს, უნდა ნიშნავდეს: გულის მოსაოხებლად, სანუგეშოდ.",30,705,False
ganm_4467,სულთა დგმად,"სასიცოცხლოდ. იგულისხმება, რომ ასმათის ახლო ყოლა სასოწარკვეთილ ტარიელს სიცოცხლის შენარჩუნებას და ჭირთა მოთმენას უადვილებს.",30,705,True
ganm_4464,მენად,სახლად (სპარსული სიტყვაა).,30,705,False
ganm_4468,სოფელმან,"წუთისოფელმა, საწუთრომ.",30,705,False
ganm_4469,ყოვლი,"ყოველი, ყველა.",30,705,False
ganm_4470,დასვა ცრემლთა დენად,"ცრემლი ადინა, ცრემლის დენა დააწყებინა.",30,705,True
ganm_4471,რა ესმა,რომ გაიგონა.,30,706,True
ganm_4472,მიჰხვდა,აქ: აუსრულდა.,30,706,False
ganm_4475,იტყვის,ამბობს.,30,706,False
ganm_4477,ყმა,მოყმე (ავთანდილი).,30,707,False
ganm_4478,ეტყვის,ეუბნება.,30,707,False
ganm_4479,მომცქაფავისა,"მატყუარის, ტყუილად მკვეხარის.",30,707,False
ganm_4481,დაწვა,"იგულისხმება, რომ თავისი ამბის თხრობით ტარიელმა თავი გაწირა, რადგან ამით მას მწუხარების ცეცხლი დაწვავდა.",30,707,False
ganm_4480,დადვა,გადაწყვიტა.,30,707,False
ganm_4482,დამიც,"დამიდევს. აქ: დამითქვამს, დამინიშნავს.",30,707,False
ganm_4483,სახედავისა,მისაჩნევისა. ტაეპის აზრია: ჩემგან მზედ მისაჩნევი თინათინის თავი დამიფიცავს.,30,707,False
ganm_4484,ხამს,"უნდა, ჯერ-არს.",30,708,False
ganm_4485,მოყვარე,მეგობარი.,30,708,False
ganm_4487,კვლა,აგრეთვე; ან: ხოლო.,30,708,False
ganm_4488,უჩნდეს,"მიაჩნდეს. ტაეპის აზრია: გამიჯნურებულმა კაცმა გამიჯნურებულ კაცს უნდა გაუგოს, მისი ტანჯვა დიდ ტანჯვად უნდა მიიჩნიოს.",30,708,False
ganm_4489,მაქვსცა,აქ: მიმაჩნია.,30,708,False
ganm_4490,არმად,"უსამართლოდ, არაკუთვნილ სიკეთე-ბედნიერებად. ტაეპის აზრია: უმისოს, მასთან არმყოფს სიხარული არმად მიმაჩნია და ჩემი თავი - ფლიდად.",30,708,False
ganm_4491,მზე,ლაპარაკია თინათინზე.,30,709,False
ganm_4492,მომხვდა,აქ: ამისრულდა.,30,709,False
ganm_4493,პირველ,ჯერ ერთი.,30,709,False
ganm_4494,მერმე,მეორეც.,30,709,False
ganm_4495,დანერგულისა,"დარგულის. ტაეპის აზრია: ვხედავ, რომ ჩემი სიყვარული არ გაგნელებია.",30,709,False
ganm_4496,ვპოვე,"ვიპოვე, ვნახე.",30,709,False
ganm_4497,ს აწ უთრო,"წუთისოფელი, ცხოვრება.",30,710,True
ganm_4500,აწ,ახლა.,30,710,False
ganm_4498,ტაროსი,ამინდი.,30,710,False
ganm_4499,ოდესმე,ზოგჯერ.,30,710,False
ganm_4500,აწ,ახლა.,30,710,False
ganm_4501,ესე,"ეს. ტაეპის აზრია: აქამდის ჩემზე ჭირი იყო უხვად, ახლა ლხინია.",30,710,False
ganm_4502,შვება,"სიხარული, ლხინი.",30,710,False
ganm_4503,სოფელსა,"წუთისოფელს, ცხოვრებას.",30,710,False
ganm_4504,ვინ,ვინმე.,30,710,False
ganm_4507,გჭირს,"გახასიათებს, გჩვევია.",30,711,False
ganm_4506,ზენაარი,"ფიცი, აღთქმა.",30,711,False
ganm_4508,ხამს,"საჭიროა, ჯერ-არს.",30,711,False
ganm_4511,ხამს,საჭიროა.,30,711,False
ganm_4509,გასრულება,"შესრულება. აქ, როგორც ჩანს, იგულისხმება საქმით დამტკიცება.",30,711,False
ganm_4510,ცნობა,"გაგება, შეტყობა.",30,711,False
ganm_4508,ხამს,"საჭიროა, ჯერ-არს.",30,711,False
ganm_4511,ხამს,საჭიროა.,30,711,False
ganm_4512,უიცისა,"აქ: უცნობის, იმისა, რაც ამჟამად ცნობილი არაა. იგულისხმება: საჭიროა ტარიელის შველა, საჭიროა ნესტანის ადგილსამყოფელის გაგება.",30,711,False
ganm_4513,მზე მიმეფაროს,მზე რომ მიმეფარება (იგულისხმება: შენ რომ წახვალ).,30,711,True
ganm_4514,მი-,"ზმნისწინი ზმნისა “მიმეფაროს”, განმეორებული აზრის გაძლიერების მიზნით.",30,711,False
ganm_4515,ჰკადრა,უთხრა.,30,712,False
ganm_4516,სიახლითა,"სიახლოვით, შენს ახლოს ყოფნით.",30,712,False
ganm_4517,შევჰრთე,მივუმატე.,30,712,False
ganm_4523,ვა,ტანჯვის გამომხატველი შორისდებულია.,30,712,False
ganm_4518,ცუდი,"ამაო, ფუჭი, უსარგებლო.",30,712,False
ganm_4523,ვა,ტანჯვის გამომხატველი შორისდებულია.,30,712,False
ganm_4518,ცუდი,"ამაო, ფუჭი, უსარგებლო.",30,712,False
ganm_4519,სიყ ვა რული,"იგულისხმება, როგორც ჩანს, სიყვარულის შორით გაცხადება.",30,712,True
ganm_4523,ვა,ტანჯვის გამომხატველი შორისდებულია.,30,712,False
ganm_4521,"ქვეით კოცნა, მზისა წვერ ვა",შესაძლებელია ორგვარი გაგება: 1. მიწაზე დაფენილი მზის სხივის კოცნა მზისადმი თაყვანების გამოსახატავად (გ. არაბული). 2. ძველად ფართოდ გავრცელებული რიტუალის აღსრულება - საკუთარი ხელის ზურგის კოცნა ამომავალი მზის თაყვანების ნიშნად.,30,712,True
ganm_4523,ვა,ტანჯვის გამომხატველი შორისდებულია.,30,712,False
ganm_4522,თუ გეახლო,თუ შენთან ვიქნები.,30,712,True
ganm_4523,ვა,ტანჯვის გამომხატველი შორისდებულია.,30,712,False
ganm_4524,რა მოგშორდე,რომ მოგშორდები.,30,712,True
ganm_4523,ვა,ტანჯვის გამომხატველი შორისდებულია.,30,712,False
ganm_4525,ვა თუ,"ვაი, თუ.",30,713,True
ganm_4526,გავიჭრა,"გავვარდე; სიყვარულისგან გაშმაგებულმა, ველად ვიხეტიალო.",30,713,False
ganm_4528,სადათ,"საიდან. ტაეპის აზრია: თუ გავიჭრები, საიდან სად დამწვავს შენი სიყვარულის ალი.",30,713,False
ganm_4527,სამ,სადმე.,30,713,False
ganm_4529,ძეს,დევს.,30,713,False
ganm_4530,საგნად,სამიზნედ.,30,713,False
ganm_4531,მესრვის,მესვრის.,30,713,False
ganm_4527,სამ,სადმე.,30,713,False
ganm_4527,სამ,სადმე.,30,713,False
ganm_4534,მაგრა,მაგრამ.,30,713,False
ganm_4535,გარდახდა,"გადავიდა, წავიდა.",30,713,False
ganm_4536,ჟამი,დრო.,30,713,False
ganm_4527,სამ,სადმე.,30,713,False
ganm_4538,მესმა,გავიგონე.,30,714,False
ganm_4539,ნაუბარი,ნათქვამი.,30,714,False
ganm_4540,გავიგონე,"გავიგე, მივხვდი.",30,714,False
ganm_4546,რა,რამე.,30,714,False
ganm_4541,ქაცვი,ეკალი.,30,714,False
ganm_4542,მოაპოვნებს,მოიპოვებს.,30,714,False
ganm_4546,რა,რამე.,30,714,False
ganm_4544,მაგ რა,მაგრამ.,30,714,True
ganm_4546,რა,რამე.,30,714,False
ganm_4545,სრულად,"სულ, სავსებით.",30,714,False
ganm_4546,რა,რამე.,30,714,False
ganm_4547,წამატანე,გამატანე.,30,714,False
ganm_4548,ტკბილ-ქართული,ტკბილად მოსაუბრე.,30,715,False
ganm_4550,სრულ-ქმნა,შეასრულა.,30,715,False
ganm_4551,გაუსრულდეს,სამუდამოდ გაუხდეს.,30,715,False
ganm_4552,ესე,ეს.,30,715,False
ganm_4553,აწინდელი,ახლანდელი.,30,715,False
ganm_4554,გიშერი ბროლ-ლალსა,"გიშერი შავი თმისა და წვერულვაშის აღმნიშვნელი მეტაფორაა, ბროლი - თეთრი სახისკანისა, ლალი - წითელი ბაგისა.",30,716,True
ganm_4555,ახიოს,შეახოს.,30,716,False
ganm_4557,ახიოს,"ხედ ამყოფოს, ხედ გაზარდოს, გაახაროს.",30,716,False
ganm_4556,სარო,კვიპაროსი.,30,716,False
ganm_4555,ახიოს,შეახოს.,30,716,False
ganm_4557,ახიოს,"ხედ ამყოფოს, ხედ გაზარდოს, გაახაროს.",30,716,False
ganm_4558,მჭვრეტელსა,"მნახველს, შემხედველს.",30,716,False
ganm_4555,ახიოს,შეახოს.,30,716,False
ganm_4557,ახიოს,"ხედ ამყოფოს, ხედ გაზარდოს, გაახაროს.",30,716,False
ganm_4560,მოყვარისა,აქ: სატრფოს.,30,716,False
ganm_4561,ოს,როცა.,30,716,False
ganm_4562,ეყოს,"ექმნას. აქ: ეთქვას, ეძახოს.",30,716,False
ganm_4563,მიჰხვდა,"ჰხვდათ, ერგოთ.",30,717,False
ganm_4564,გაყრილი,განშორებული.,30,717,False
ganm_4565,მივა,მიდის.,30,717,False
ganm_4566,გულითა რეტითა,"რეტდასხმული, თავის თავზე კონტროლდაკარგული.",30,717,True
ganm_4567,მზე,ლაპარაკია თინათინზე.,30,717,False
ganm_4568,ზღვისაცა მეტის-მეტითა,"ზღვაზე უფრო უხვით, ზღვაზე უმეტესით.",30,717,True
ganm_4569,იტყვის,ამბობს.,30,717,False
ganm_4570,სოფელი,"საწუთრო, წუთისოფელი.",30,717,False
ganm_4571,ხვრეტითა,"ხვრეპით, სმით.",30,717,False
ganm_4572,ამად,"ამიტომ, ამისათვის.",30,718,False
ganm_4573,ილებს,ცემით ხორცს ილურჯებს.,30,718,False
ganm_4574,რომე,რომ.,30,718,False
ganm_4573,ილებს,ცემით ხორცს ილურჯებს.,30,718,False
ganm_4576,რა,როცა.,30,718,False
ganm_4573,ილებს,ცემით ხორცს ილურჯებს.,30,718,False
ganm_4577,მის მოყვრისა,სატრფოს.,30,718,True
ganm_4573,ილებს,ცემით ხორცს ილურჯებს.,30,718,False
ganm_4578,ქმნის ღა რად და ღა რად,(ცრემლი ღაწვს) ღარავდა.,30,719,True
ganm_4585,რად,აქ: როგორ.,30,719,False
ganm_4585,რად,აქ: როგორ.,30,719,False
ganm_4579,იტყვის,ამბობს.,30,719,False
ganm_4580,კმა,კმარა.,30,719,False
ganm_4582,აღა რად,აღარაფრად.,30,719,True
ganm_4585,რად,აქ: როგორ.,30,719,False
ganm_4584,დაღა,დადაღა.,30,719,False
ganm_4585,რად,აქ: როგორ.,30,719,False
ganm_4586,ვირე,ვიდრე.,30,719,False
ganm_4587,სოფელო,"წუთისოფელო, სიცოცხლეო.",30,719,False
ganm_4588,მინდი,მინდიხარ.,30,719,False
ganm_4582,აღა რად,აღარაფრად.,30,719,True
ganm_4585,რად,აქ: როგორ.,30,719,False
ganm_4589,ვინ,ვინც.,30,720,False
ganm_4591,მახია,"ხედ გამზარდა, გამახარა.",30,720,False
ganm_4594,მახია,პოეტური ლიცენციაა. ნიშნავს: “მახეა”. იგულისხმება: ეს წუთისოფლის დაგებული მახეა.,30,720,False
ganm_4591,მახია,"ხედ გამზარდა, გამახარა.",30,720,False
ganm_4594,მახია,პოეტური ლიცენციაა. ნიშნავს: “მახეა”. იგულისხმება: ეს წუთისოფლის დაგებული მახეა.,30,720,False
ganm_4593,უშრეტსა,ჩაუქრობელს.,30,720,False
ganm_4591,მახია,"ხედ გამზარდა, გამახარა.",30,720,False
ganm_4594,მახია,პოეტური ლიცენციაა. ნიშნავს: “მახეა”. იგულისხმება: ეს წუთისოფლის დაგებული მახეა.,30,720,False
ganm_4595,აწყა,ახლაღა.,30,720,False
ganm_4596,ვცან,"შევიტყე, მივხვდი.",30,720,False
ganm_4591,მახია,"ხედ გამზარდა, გამახარა.",30,720,False
ganm_4594,მახია,პოეტური ლიცენციაა. ნიშნავს: “მახეა”. იგულისხმება: ეს წუთისოფლის დაგებული მახეა.,30,720,False
ganm_4598,აწანწარებს,აწანწკარებს.,30,721,False
ganm_4600,მიაწარებს,"ზმნა, ნაწარმოები ზმნისწინისაგან “წარ”. ნიშნავს: მიაქვს (ტანი), მიდის.",30,721,False
ganm_4601,სიახლესა,სიახლოვეს.,30,721,False
ganm_4602,ბოლოდ,ბოლოს.,30,721,False
ganm_4603,ყმა,მოყმე (ავთანდილი).,30,722,False
ganm_4604,საწოლს,საძინებელ ოთახში.,30,722,False
ganm_4605,ბნდების,"გონებას კარგავს, გული მისდის.",30,722,False
ganm_4606,მაგრა,მაგრამ.,30,722,False
ganm_4607,გონებითა,ფიქრით.,30,722,False
ganm_4608,მოსწყდების,"სწყდება, ჰშორდება.",30,722,False
ganm_4609,მოაკლდების,აკლდება.,30,722,False
ganm_4610,ადრე,"მალე, სწრაფად.",30,722,False
ganm_4611,კრულია,დაწყევლილია.,30,723,False
ganm_4612,ჟამ-ჟამად,"დროდადრო, ხან …ხან.",30,723,False
ganm_4613,მთმო,"მომთმენი. ტაეპის აზრია: კაცის გული ცვალებადია, იგი ყოველ ჭირს ითმენს და ლხინს, სიხარულს ეძებს.",30,723,False
ganm_4614,ურჩი,"წინააღმდეგობის გამწევი, არდამჯერი.",30,723,False
ganm_4616,გამზომელი,აქ: ამწონ–დამწონი.,30,723,False
ganm_4618,ვერცა,ვერც.,30,723,False
ganm_4617,ჰპატრონობს,"იმორჩილებს, მასზე ბატონობს.",30,723,False
ganm_4618,ვერცა,ვერც.,30,723,False
ganm_4619,რომელი,"ვინმე, რამე. ტაეპის აზრია: ადამიანის გულს ვერავინ და ვერაფერი ვერ იმორჩილებს, თვით სიკვდილის შიშიც კი.",30,723,False
ganm_4621,გულისა სიტყვანი,გრძნობები.,30,724,True
ganm_4622,საგულისო,"ჯავრიანი; გულმოსული ან გულის მოსასვლელი. ტაეპის აზრია: გულს რომ სამდურავი უთხრა, თავისი ჯავრი და წყრომა რომ გაუმხილა.",30,724,False
ganm_4623,მოიხვნა,აიღო.,30,724,False
ganm_4624,მის მზისა,იმ მზის (თინათინის).,30,724,True
ganm_4626,სამეყვისონი,"სიყვარულის მანიშნებელნი, სიყვარულით ნაჩუქარნი.",30,724,False
ganm_4624,მის მზისა,იმ მზის (თინათინის).,30,724,True
ganm_4627,შესატყვისონი,შესადარნი.,30,724,False
ganm_4628,ბისონი,სამოთხიდან გამოსული მდინარის სახელია.,30,724,False
ganm_4629,მოვა,მოდის.,30,725,False
ganm_4630,დარბაზს,"კარზე, სასახლეში.",30,725,False
ganm_4631,"ნაღვიძები, ძილ-ნაკრთობი","უძილარი, ძილგატეხილი.",30,725,True
ganm_4632,ერთმანერთსა ეჯარვიან,"ერთმანეთზე მიჯრილან, ერთიმეორეს ავიწროებენ (რომ ავთანდილი დაინახონ).",30,725,True
ganm_4633,მსწრობი,ერთიმეორის დამსწრობი. როსტევანის კარისკაცები ავთანდილის დანახვას ისწრაფვიან.,30,725,False
ganm_4634,მინდორს ეკაზმოდა,მინდორში გასასვლელად იკაზმებოდა.,30,725,True
ganm_4635,დაბდაბ-ნობი,დოლ-საყვირი.,30,725,False
ganm_4636,ზარი,"ზეიმი, გამოცოცხლება, აყალ-მაყალი.",30,726,False
ganm_4637,აწმცა ვით ითქმოდა,ახლა როგორ ვიტყოდით? როგორ შეგვეძლო ამის თქმა?,30,726,True
ganm_4638,ქოს-დაბდაბთა,დოლთა.,30,726,False
ganm_4639,აბნელებდეს,აბნელებდნენ.,30,726,False
ganm_4640,რბოლა,რბენა.,30,726,False
ganm_4641,მიდამოდ-ა,"მიდამოზეა. აზრი შემდეგია: მთელ მიდამოზე ძაღლთა სირბილია, ძაღლები მრავლად ჰყავთ.",30,726,False
ganm_4642,მას დღე,იმ დღეს.,30,726,True
ganm_4643,შემოიქცეს,დაბრუნდნენ.,30,727,False
ganm_4644,რულნი,"ნავალნი, ნასიარულევნი.",30,727,False
ganm_4653,რულნი,როგორნი.,30,727,False
ganm_4644,რულნი,"ნავალნი, ნასიარულევნი.",30,727,False
ganm_4653,რულნი,როგორნი.,30,727,False
ganm_4645,შეიტანნეს,თან შეიყოლეს.,30,727,False
ganm_4646,თავადნი,მეთაურები.,30,727,False
ganm_4644,რულნი,"ნავალნი, ნასიარულევნი.",30,727,False
ganm_4653,რულნი,როგორნი.,30,727,False
ganm_4648,დაჰხვდეს,დაჰხვდა.,30,727,False
ganm_4644,რულნი,"ნავალნი, ნასიარულევნი.",30,727,False
ganm_4653,რულნი,როგორნი.,30,727,False
ganm_4650,სცემს,აძლევს.,30,727,False
ganm_4651,ჩაღანა,სიმებიანი საკრავია.,30,727,False
ganm_4652,იყვნეს,იყვნენ.,30,727,False
ganm_4644,რულნი,"ნავალნი, ნასიარულევნი.",30,727,False
ganm_4653,რულნი,როგორნი.,30,727,False
ganm_4654,ყმა,მოყმე. ლაპარაკია ავთანდილზე.,30,728,False
ganm_4655,ჰკითხვიდა,ეკითხებოდა.,30,728,False
ganm_4656,ეუბნებოდა,ელაპარაკებოდა.,30,728,False
ganm_4657,ბაგეთათ გასჭვირს,"ბაგეებიდან ანათებს. ბროლი აქ თეთრი კბილების აღმნიშვნელი მეტაფორაა, ლალი - წითელი ტუჩებისა.",30,728,True
ganm_4659,ელვა,"1. ელვა, 2. სხივი.",30,728,False
ganm_4661,სხდეს,ისხდნენ.,30,728,False
ganm_4662,ისმენდეს,ისმენდნენ.,30,728,False
ganm_4663,დაიჯრებოდა,"იჯრებოდა, ახლო-ახლო იდგა.",30,728,False
ganm_4664,ხსენება,"თქმა, ლაპარაკი.",30,728,False
ganm_4666,კითხვად ვინმცა გამოჰპირდა,ვინ გაუბედავდა კითხვას?,30,729,True
ganm_4667,მართალ-ა,მართალია.,30,729,False
ganm_4668,გარდახდა,დამთავრდა.,30,729,False
ganm_4669,გაიყარნეს,დაიშალნენ.,30,729,False
ganm_4670,მი-ცა-სჭირდა,გაუჭირდა (ტანჯვის გაძლება). ნაწილაკი -ცა ჩართულია ზმნასა და ზმნისწინს შორის.,30,729,False
ganm_4671,აუჩუქდა,აუჩუყდა.,30,729,False
ganm_4672,უარებდის,"მიმოუდიოდა (თვალწინ), ელანდებოდა.",30,730,False
ganm_4673,ადგის,ადგებოდა ხოლმე.,30,730,False
ganm_4675,ხელსა რადმცა დაეძინა,გახელებულს როგორ დაეძინებოდა?,30,730,True
ganm_4676,რაცა,"რაიმე, რომელიმე.",30,730,False
ganm_4677,აჯა,"ვედრება, სათხოვარი.",30,730,False
ganm_4678,დათმობისა,მოთმინების.,30,730,False
ganm_4680,იტყვის,ამბობს.,30,731,False
ganm_4681,რამცაღა დავუსახე,რაღა დავუსახო? რაღა ვუჩვენო?,30,731,True
ganm_4682,მჭვრეტელთა,მნახველთა.,30,731,False
ganm_4683,ნიშატო,სიხარულო.,30,731,False
ganm_4684,სავაგლახეო,"ვაების, მწუხარების მომცემო.",30,731,False
ganm_4685,ნეტარმცა სიზმრად გნახეო,ნეტა სიზმრად გნახოო!,30,731,True
ganm_4686,მოსთქმიდის,მოთქვამდა.,30,732,False
ganm_4687,ცრემლისა დასაღვაროთა,ცრემლის საღვრელ ამბებს.,30,732,True
ganm_4688,კვლა,შემდეგ.,30,732,False
ganm_4689,დათმობა,მოთმინება.,30,732,False
ganm_4690,ჰგვანდეს,ემგვანება.,30,732,False
ganm_4691,არ დავთმოთ,(თუ) არ მოვითმენთ.,30,732,True
ganm_4692,შევიწყნაროთ,"მივიღოთ, შევეგუოთ, დავეთანხმოთ.",30,732,False
ganm_4693,კვლა,კიდევ.,30,733,False
ganm_4694,იტყვის,ამბობს.,30,733,False
ganm_4695,რასდენცა,"რამდენიც, რამდენადაც კი. აქ: თუმცა.",30,733,False
ganm_4696,წადება,"სურვილი, წადილი.",30,733,False
ganm_4697,მაგრა,მაგრამ.,30,733,False
ganm_4693,კვლა,კიდევ.,30,733,False
ganm_4699,ავად შეჰფერობს,"არ უხდება, ცუდად ახასიათებს.",30,733,True
ganm_4701,რა გათენდა,რომ გათენდა.,31,734,True
ganm_4710,რა,რამე.,31,734,False
ganm_4702,ყმა,"მოყმე, რაინდი. ლაპარაკია ავთანდილზე.",31,734,False
ganm_4703,გარე,გარეთ.,31,734,False
ganm_4704,იტყვის,ამბობს.,31,734,False
ganm_4705,ნეტარ,ნეტავ.,31,734,False
ganm_4706,დამაჩნდეს,შემეტყოს.,31,734,False
ganm_4707,და-მცა-ვფარე,დავფარო.,31,734,False
ganm_4708,დათმობასა,მოთმინებას.,31,734,False
ganm_4709,ეაჯების,"სთხოვს, ეხვეწება.",31,734,False
ganm_4710,რა,რამე.,31,734,False
ganm_4711,მოუგვარე,მოუხერხე.,31,734,False
ganm_4712,მთვარე,ლაპარაკია ავთანდილზე.,31,734,False
ganm_4713,ცნა,შეიტყო (ავთანდილის მოსვლა).,31,735,False
ganm_4714,ამო სრული,ამოსული.,31,735,True
ganm_4720,სრული,"1. სრული, ყოველმხრივი. 2. სრულყოფილი.",31,735,False
ganm_4715,თურე,თურმე.,31,735,False
ganm_4716,სახარული,სასიხარულო.,31,735,False
ganm_4717,თაყვანის-სცა,"მდაბლად მიესალმა, ქედი მოუხარა.",31,735,False
ganm_4718,კადრა,უთხრა.,31,735,False
ganm_4719,სრულსა,სრულყოფილს.,31,735,False
ganm_4720,სრული,"1. სრული, ყოველმხრივი. 2. სრულყოფილი.",31,735,False
ganm_4721,ხამს,"ჯერ-არს, უნდა.",31,735,False
ganm_4722,ყმა,მოყმე (ავთანდილი).,31,736,False
ganm_4723,გარდასვა,ცხენიდან გადმოიყვანა.,31,736,False
ganm_4724,ღაფალმან,"უხალისომ, უგულომ.",31,736,False
ganm_4725,უქმან,"შეუქებელმა; ისეთმა, ვისაც ქება არ ეთქმის.",31,736,False
ganm_4726,ფერხთა ქვეშე,ფეხქვეშ.,31,736,True
ganm_4727,ხატაურსა,ძვირფას ხატაურ ქსოვილს (ან: ფულს).,31,736,False
ganm_4725,უქმან,"შეუქებელმა; ისეთმა, ვისაც ქება არ ეთქმის.",31,736,False
ganm_4722,ყმა,მოყმე (ავთანდილი).,31,736,False
ganm_4725,უქმან,"შეუქებელმა; ისეთმა, ვისაც ქება არ ეთქმის.",31,736,False
ganm_4729,სურნელი,სურნელოვანი.,31,736,False
ganm_4730,სული,სუნი.,31,736,False
ganm_4725,უქმან,"შეუქებელმა; ისეთმა, ვისაც ქება არ ეთქმის.",31,736,False
ganm_4732,მართლად,"სამართლიანად, არა უსაფუძვლოდ.",31,737,False
ganm_4733,ხელეს,"გაახელეს. გააგიჟეს. ტაეპის აზრია: ავთანდილი მართლაც იმსახურებდა იმას, რომ მის შემხედველთა გულები აღტაცებისაგან გახელებულიყო.",31,737,False
ganm_4734,მჭვრეტთა,მნახველებმა.,31,737,False
ganm_4735,ბნედა,"გონების დაკარგვა, გულყრა.",31,737,False
ganm_4733,ხელეს,"გაახელეს. გააგიჟეს. ტაეპის აზრია: ავთანდილი მართლაც იმსახურებდა იმას, რომ მის შემხედველთა გულები აღტაცებისაგან გახელებულიყო.",31,737,False
ganm_4737,სულთქმა,ოხვრა.,31,737,False
ganm_4738,აღარა თუ,არა თუ.,31,737,True
ganm_4733,ხელეს,"გაახელეს. გააგიჟეს. ტაეპის აზრია: ავთანდილი მართლაც იმსახურებდა იმას, რომ მის შემხედველთა გულები აღტაცებისაგან გახელებულიყო.",31,737,False
ganm_4739,ჯალაბობა,ოჯახის წევრთა და სახლის მცხოვრებთა თავყრილობა.,31,737,False
ganm_4733,ხელეს,"გაახელეს. გააგიჟეს. ტაეპის აზრია: ავთანდილი მართლაც იმსახურებდა იმას, რომ მის შემხედველთა გულები აღტაცებისაგან გახელებულიყო.",31,737,False
ganm_4740,ჯალაბი,სახლეული. ოჯახი და სახლის მკვიდრნი.,31,738,False
ganm_4745,არა,არაფერი.,31,738,False
ganm_4741,ეუბნების,"ელაპარაკება, ლაპარაკს უწყებს.",31,738,False
ganm_4742,ეტყვის,ეუბნება.,31,738,False
ganm_4743,შენი დამალული,"შენგან დამალული, შენი გაუგებარი.",31,738,True
ganm_4744,დარბაზს,"სასახლეში, მეფის კარზე.",31,738,False
ganm_4745,არა,არაფერი.,31,738,False
ganm_4746,საურავი,"მოსაგვარებელი, საზრუნავი, საქმე.",31,738,False
ganm_4747,იქმს,აკეთებს.,31,738,False
ganm_4748,შენ გეთნების,"საქმე შენი სურვილისამებრ, შენს სასიამოვნოდ გვარდება.",31,738,True
ganm_4749,გაიგონე,"გაიგე, ჩასწვდი.",31,738,False
ganm_4750,ჭირი,გაჭირვება.,31,738,False
ganm_4751,მის ყმისა,"იმ მოყმის (ლაპარაკია ტარიელზე). ტაეპის აზრია: ტარიელის დამწველი ცეცხლით მეც ვიწვი, მისი ტკივილი მეც მტკივა.",31,739,True
ganm_4752,სურვილი,"სიყვარული, ნახვის მისწრაფება.",31,739,False
ganm_4753,არ ჰშურდეს,არ ჰშურდნენ.,31,739,True
ganm_4754,შეზღვა,გადახდა.,31,739,False
ganm_4755,ხამს,"საჭიროა, ჯერ–არს.",31,739,False
ganm_4756,შეუზღველისა,"გადაუხდელის. ტაეპის აზრია: ტარიელმა ჩემთვის სული არ დაიშურა, მან თავისი ამბავი მიამბო, თუმცა ეგონა, რომ თხრობისგან გაცხოველებული გულისტკივილი მოკლავდა. მისი ვალი ჩემზე გადაუხდელია, მაგრამ მაინც უნდა გადავუხადო.",31,739,False
ganm_4755,ხამს,"საჭიროა, ჯერ–არს.",31,739,False
ganm_4757,მოყვრისა,მეგობრის.,31,739,False
ganm_4758,დაებადა,ბადედ ექცა.,31,740,False
ganm_4764,დაებადა,"გაეჩინა, შეექმნა.",31,740,False
ganm_4759,მუნვე,იქვე.,31,740,False
ganm_4760,დათმობაცა,"მოთმინებაც. და - ზმნისწინი ზმნისა “დაება”, განმეორებული აზრის გასაძლიერებლად.",31,740,False
ganm_4761,დასწვავს,სწვავს.,31,740,False
ganm_4762,მოახლეთა,ახლოს მყოფებს.,31,740,False
ganm_4763,მზედცა,მზედ.,31,740,False
ganm_4758,დაებადა,ბადედ ექცა.,31,740,False
ganm_4764,დაებადა,"გაეჩინა, შეექმნა.",31,740,False
ganm_4765,მერმე,მეორეც.,31,740,False
ganm_4767,ოდეს,როცა.,31,741,False
ganm_4768,კვლა,ისევ.,31,741,False
ganm_4769,მტერთა საწუნელი,მტერთაგან არად ჩასაგდები.,31,741,True
ganm_4770,ჟამია,დროა.,31,741,False
ganm_4771,ჩემგან წასლვისა,ჩემი წასვლისა.,31,741,True
ganm_4772,მით,ამიტომ.,31,741,False
ganm_4773,მართლად,სწორად.,31,742,False
ganm_4774,გითხრობ,გეტყვი.,31,742,False
ganm_4775,მისრულვარ,მივსულვარ.,31,742,False
ganm_4776,ესე,ეს.,31,742,False
ganm_4777,ზენაარსა,ფიცს.,31,742,False
ganm_4778,გავსწირავ,"მივატოვებ, გავწირავ.",31,742,False
ganm_4779,ხელი,გახელებული.,31,742,False
ganm_4789,რა,რამე.,31,743,False
ganm_4789,რა,რამე.,31,743,False
ganm_4781,ჰკადრე,უთხარი.,31,743,False
ganm_4782,მიედ,მიდი.,31,743,False
ganm_4783,ს რა სა,სასახლეში.,31,743,True
ganm_4789,რა,რამე.,31,743,False
ganm_4784,თავმან მისმან,მის თავს ვფიცავ.,31,743,True
ganm_4785,გეტყვი,გეუბნები.,31,743,False
ganm_4783,ს რა სა,სასახლეში.,31,743,True
ganm_4789,რა,რამე.,31,743,False
ganm_4787,შემიპყრობს,დამიჭერს.,31,743,False
ganm_4787,შემიპყრობს,დამიჭერს.,31,743,False
ganm_4788,მაქმნევს რა სა,რაში გამომიყენებს? რად ვუნდივარ?,31,743,True
ganm_4789,რა,რამე.,31,743,False
ganm_4789,რა,რამე.,31,743,False
ganm_4789,რა,რამე.,31,743,False
ganm_4783,ს რა სა,სასახლეში.,31,743,True
ganm_4789,რა,რამე.,31,743,False
ganm_4791,ვინ,"ვინც (იგულისხმება: შენ, მეფეო).",31,744,False
ganm_4792,გაქოს,შეგაქებს.,31,744,False
ganm_4793,არ-მეუზრახემან,"არა უმზრახმა, არა მუნჯმა; აქ, შესაძლოა: მჭერმეტყველმა.",31,744,False
ganm_4794,ვითა,როგორ.,31,744,False
ganm_4795,ვიშიშვი,ვშიშობ.,31,744,False
ganm_4796,გაცნობოს,გაგაგებინოს.,31,744,False
ganm_4797,ნათელთა,სინათლის.,31,744,False
ganm_4798,მსახემან,"შემქმნელმა. ა და ბ ტაეპის აზრია: უთხარი მეფეს: შენ, ვისაც ყოველი პირი შეგაქებს, ვისაც კი ლაპარაკი ძალუძს, ღმერთმა გაგაგებინოს, როგორ ვშიშობ (თქვენთან ჩემი სათხოვრის გამხელას)!",31,744,False
ganm_4799,მაგრა,მაგრამ.,31,744,False
ganm_4800,მან ყმამან,იმ მოყმემ.,31,744,True
ganm_4801,ალვისა სახემან,ალვის მსგავსმა.,31,744,True
ganm_4802,წამიღო,წამართვა.,31,744,False
ganm_4804,ვერათ,ვერაფრით.,31,744,False
ganm_4791,ვინ,"ვინც (იგულისხმება: შენ, მეფეო).",31,744,False
ganm_4805,აწ,ახლა.,31,745,False
ganm_4806,ყოლა,სრულებით.,31,745,False
ganm_4807,არ ეგების,"არ შეიძლება, არ გამოვა.",31,745,True
ganm_4809,ხელი რა მეხდების,"რაში გამოვდგები? ტაეპის აზრი დამყარებულია სიტყვის თამაშზე. ტარიელმა ავთანდილს გული წაართვა. მაგრამ “უგულო” ნიშნავს უგუნებოს, დარდისაგან ცხოვრების ნირწამხდარს. ასე დაძაბუნებული ავთანდილი მეფეს ვეღარ გამოადგება.",31,745,True
ganm_4810,რას,რამეს.,31,745,False
ganm_4811,პირველ,პირველად.,31,745,False
ganm_4812,ხვალმე,აქ: ხომ.,31,745,False
ganm_4813,მოგხვდების,"შეგხვდებათ, გერგებათ. ტაეპის აზრია: თუ ტარიელს რამეს ვარგებ, ეს ისევ თქვენთვის იქნება სასახელო, რადგან მე თქვენი ყმა ვარ.",31,745,False
ganm_4810,რას,რამეს.,31,745,False
ganm_4815,გულსა დავსდებ,დავწყნარდები (ალ. ჭინჭარაული).,31,745,True
ganm_4816,დაჭმ უნდეს,დანაღვლდეს.,31,746,True
ganm_4819,უნდეს,უნდოდეს.,31,746,False
ganm_4817,გაგებული,"განგებისაგან, ღვთიური ნებისაგან წინასწარგანსაზღვრული.",31,746,False
ganm_4819,უნდეს,უნდოდეს.,31,746,False
ganm_4820,მანვე,ლაპარაკია ღმერთზე.,31,746,False
ganm_4819,უნდეს,უნდოდეს.,31,746,False
ganm_4822,არ მოვბრუნდე,(თუ) არ მოვბრუნდები.,31,746,True
ganm_4823,თქვენმცა ჰსუფევთ,"დაე, თქვენ სუფევდეთ; თქვენ გამარჯვებით იყავით!",31,746,True
ganm_4819,უნდეს,უნდოდეს.,31,746,False
ganm_4824,კვლა,"ისევ, კიდევ.",31,747,False
ganm_4825,პირ-მზე,ავთანდილი.,31,747,False
ganm_4826,ეტყვის,ეუბნება.,31,747,False
ganm_4827,წა,წადი.,31,747,False
ganm_4828,ესე,ეს.,31,747,False
ganm_4829,ჰკადრე,უთხარ.,31,747,False
ganm_4830,შე-ვინ-ვიდოდეს ვირეო,ვიდრე ვინმე შევიდოდეს (მასთან).,31,747,True
ganm_4831,მიაჯე,გამომითხოვე.,31,747,False
ganm_4832,ამოდ,"ტკბილად, მშვიდობიანობით.",31,747,False
ganm_4833,თავი გაიგმირე,"თავი შეიწუხე, თავი ხიფათში ჩაიგდე. შესაძლოა მეორე გაგებაც: თავი გმირად აქციე, ივაჟკაცე! (ალ. ჭინჭარაული).",31,747,True
ganm_4834,წითელი,ოქრო.,31,747,False
ganm_4835,კმა,კმარა.,31,748,False
ganm_4836,რომე,რომ.,31,748,False
ganm_4837,გზა გაგიჩენია,"გზა გიპოვნია (ჩემი სახლისკენ). შესაძლოა სხვა გაგებაც: მადლობელი ვარ, რომ გზა მასწავლე. ვაზირი ამ შემთხვევაში ირონიას მიჰმართავს (ალ. ჭინჭარაული).",31,748,True
ganm_4838,რა ვჰკადრებ,რომ ვეტყვი.,31,748,True
ganm_4839,აწ,ახლა.,31,748,False
ganm_4840,უცილოდ,"უთუოდ, ნამდვილად.",31,748,False
ganm_4841,ამავსებს,დამასაჩუქრებს.,31,748,False
ganm_4842,შოება,"შოვნა, ქონების შემატება.",31,748,False
ganm_4839,აწ,ახლა.,31,748,False
ganm_4843,თავმან მისმან,მის თავს ვფიცავ.,31,749,True
ganm_4844,მუნვე,იქვე.,31,749,False
ganm_4845,ვეჭვ,მგონი.,31,749,False
ganm_4846,წამიცა არ წამაროს,წამსაც არ მატარებს (ცოცხალს).,31,749,True
ganm_4847,დაგრჩეს,დაგრჩება.,31,749,False
ganm_4848,მესამაროს,სამარედ მექნება.,31,749,False
ganm_4849,მომკალ,"მომკალ, თუ (ფიცია).",31,749,False
ganm_4850,სწორად,"თანასწორად, მსგავსად.",31,749,False
ganm_4851,რაცა,რაიმე.,31,749,False
ganm_4852,მოეხმაროს,გამოადგეს.,31,749,False
ganm_4854,რა გინდა ვინ მისაგმაროს,"რაც უნდა დამგმოს ვინმემ, ჩემი ქცევა საგმობად ჩამითვალოს.",31,749,True
ganm_4855,წავა,მიდის.,31,750,False
ganm_4857,ვით გათნიო,როგორ შემოგწირო? შენ სასიამოვნოდ როგორ გავიმეტო?,31,750,True
ganm_4858,ანუ,ან.,31,750,False
ganm_4859,ეგე,ეგ.,31,750,False
ganm_4860,მუნვე,იქვე.,31,750,False
ganm_4861,გაიგონე,"მოისაზრე, იფიქრე, აწონ-დაწონე.",31,750,False
ganm_4862,აკლებასა,"იგულისხმება: ოჯახის აკლებას, აწიოკებას.",31,750,False
ganm_4863,აწვე,ახლავე.,31,750,False
ganm_4864,ვსწვრთი,"ვასწავლი, ვაგონებ.",31,750,False
ganm_4865,რად მოღორდენ,როგორ მოტყუვდებიან? ტაეპის აზრია: როგორ გაგიშვებენ? როგორ დაიღონებენ თავს? ან მზეს როგორ მოგშორდებიან?,31,751,True
ganm_4866,ეგე,"ეგ. ტაეპის აზრია: შენ თუ წახვალ, მტრები გაგვითამამდებიან, გაგვისწორდებიან.",31,751,False
ganm_4867,ასრე,ასე.,31,751,False
ganm_4868,გაქორდენ,გაქორდებიან.,31,751,False
ganm_4869,"ხამს, თუ დანა გულსა ვიცი",გულს დანა უნდა დავიცე.,31,752,True
ganm_4870,შეგეტყვების,გეტყობა.,31,752,False
ganm_4871,თუ-რ,აქ: რომ.,31,752,False
ganm_4872,ანუ,ან.,31,752,False
ganm_4873,მოყვრობა,მეგობრობა.,31,752,False
ganm_4874,უმისოსა,"ჩემი, უმისოდ მყოფისა.",31,752,False
ganm_4875,ვით ამტკიცი,"როგორ ამტკიცებ, როგორ მეუბნები?",31,752,True
ganm_4876,მზე დაბრუნდა,"მზე დატრიალდა, თავის ორბიტიდან გადავიდა. მეტაფორის აზრია: ტარიელი გასაჭირში ჩავარდა.",31,753,True
ganm_4877,"არ ვიცოდი, მზესა რამცა დააბრუნვებს","არ ვიცოდი, თუ მზეს რაიმე გადაიყვანდა ორბიტიდან.",31,753,True
ganm_4878,აწ,ეხლა.,31,753,False
ganm_4879,ნაცვლად,სამაგიეროდ.,31,753,False
ganm_4880,დაგვითბუნვებს,გაგვითბობს.,31,753,False
ganm_4881,ჩემი,"იგულისხმება: ჩემი საქმე, ჩემი ამბავი.",31,753,False
ganm_4882,მატკბუნვებს,"მამხიარულებს, მატკბობს.",31,753,False
ganm_4883,ცუდთა კაცთა საუბარი,"უსარგებლო, ფუჭ ადამიანებთან საუბარი (ავთანდილს მხედველობაში ჰყავს ვაზირი).",31,753,True
ganm_4884,დააჭმუნვებს,დააღონებს.,31,753,False
ganm_4885,ანუ,ან.,31,754,False
ganm_4886,სპანი,ჯარები.,31,754,False
ganm_4887,ნეტარ,ნეტავ.,31,754,False
ganm_4888,ხელსა რასა მხ დია ნ,რაში გამომიყენებენ?,31,754,True
ganm_4893,დია,"ძალიან. აქ: ნეტავ, თუ; (ან: “დია” იგივეა, რაც “დია, ღმერთო” - ღმერთს ვფიცავ). აზრია: მას რომ არ უნახავს, ნეტა ისეთი ჭირი თუ ვინმეს გამოუვლია? ან: ისეთ ჭირს ვინ ნახავდა!",31,754,False
ganm_4889,აწ,ახლა.,31,754,False
ganm_4890,ვითამცა,"ვითომც, როგორც.",31,754,False
ganm_4891,უცნობოსა,"უგონოს, არაშერაცხადს.",31,754,False
ganm_4893,დია,"ძალიან. აქ: ნეტავ, თუ; (ან: “დია” იგივეა, რაც “დია, ღმერთო” - ღმერთს ვფიცავ). აზრია: მას რომ არ უნახავს, ნეტა ისეთი ჭირი თუ ვინმეს გამოუვლია? ან: ისეთ ჭირს ვინ ნახავდა!",31,754,False
ganm_4892,არ გავტეხნე,არ გავტეხო (ფიცი).,31,754,True
ganm_4893,დია,"ძალიან. აქ: ნეტავ, თუ; (ან: “დია” იგივეა, რაც “დია, ღმერთო” - ღმერთს ვფიცავ). აზრია: მას რომ არ უნახავს, ნეტა ისეთი ჭირი თუ ვინმეს გამოუვლია? ან: ისეთ ჭირს ვინ ნახავდა!",31,754,False
ganm_4893,დია,"ძალიან. აქ: ნეტავ, თუ; (ან: “დია” იგივეა, რაც “დია, ღმერთო” - ღმერთს ვფიცავ). აზრია: მას რომ არ უნახავს, ნეტა ისეთი ჭირი თუ ვინმეს გამოუვლია? ან: ისეთ ჭირს ვინ ნახავდა!",31,754,False
ganm_4893,დია,"ძალიან. აქ: ნეტავ, თუ; (ან: “დია” იგივეა, რაც “დია, ღმერთო” - ღმერთს ვფიცავ). აზრია: მას რომ არ უნახავს, ნეტა ისეთი ჭირი თუ ვინმეს გამოუვლია? ან: ისეთ ჭირს ვინ ნახავდა!",31,754,False
ganm_4894,აწ,ახლა.,31,755,False
ganm_4895,მაგა პირსა,"მაგ სიტყვაზე, მაგ წინადადებაზე, გადაწყვეტილებაზე.",31,755,True
ganm_4896,კრული,"დაწყევლილი. იგულისხმება: ნების არდამჯერი, არგამგონი.",31,755,False
ganm_4898,ჩემი მონაცვალე,ჩემს ადგილას მყოფი.,31,755,True
ganm_4899,ხამს,უნდა.,31,755,False
ganm_4900,გატინდეს,"ტინად, მაგარ კლდედ იქცეს. ტაეპის აზრია: ჩემებრ ტანჯული, რკინაც კი დარბილდება.",31,755,False
ganm_4901,ჯეონი,"მდინარის სახელია. წყალუხვობის სინონიმია. ცრემლთა. იგულისხმება ცრემლები, რომლებიც ტარიელმა თავისი ამბის თხრობისას დაღვარა.",31,755,False
ganm_4902,ნუთუ,ეგებ.,31,755,False
ganm_4903,გინდეს,"მოგინდეს, დაგჭირდეს.",31,755,False
ganm_4904,მათგან შეუგებლად,მათ გაუგებრად. ლაპარაკია მეფეზე. მრ. რიცხვი მეფისადმი მოწიწებას გამოხატავს.,31,756,True
ganm_4905,მნუკევს,"მევედრება, მთხოვს (ჩემი გული).",31,756,False
ganm_4906,დავჰრთო,"დავრთავ, შევუერთებ. ტაეპია აზრია: როგორც გული მთხოვს, ისე გავიზიარებ ტარიელის ტანჯვას, ჩემს გულსაც ტარიელის ტანჯვის ცეცხლზე დავწვავ (ალ. ჭინჭარაული).",31,756,False
ganm_4907,არას გიზამს,არაფერს გიზამს (ლაპარაკია მეფეზე).,31,756,True
ganm_4908,უნდი,უნდიხარ.,31,756,False
ganm_4909,გასაძებლად,"გასაგდებად, გასაძევებლად.",31,756,False
ganm_4910,რა გინდა,რაც გინდა.,31,756,True
ganm_4911,ვუჭვრეტ,ვუცქერ.,31,757,False
ganm_4912,სოფელიცა გაქარდების,"წუთისოფელიც, სიცოცხლეც ჩემთვის ფასს კარგავს.",31,757,True
ganm_4913,არა მგამა,არ მენაღვლება.,31,757,True
ganm_4914,მოგხვდების,გერგებათ. მზე. აქ: სიცოცხლე.,31,757,False
ganm_4917,ესე,ეს. ადგა. ლაპარაკია ვაზირზე.,31,758,False
ganm_4918,დარბაზს,"სასახლეში, მეფის კარზე.",31,758,False
ganm_4919,მზეებრ ეწაღმართა,"მეფის სახე ვაზირს მზესავით განათებული, მხიარული ეჩვენა.",31,758,True
ganm_4920,საწყინარსა მოხსენებად,საწყენის თქმა. იგულისხმება: ამიტომაც ვერ გაუბედა საწყენის თქმა.,31,758,True
ganm_4921,შეჰმართა,გაუბედა.,31,758,False
ganm_4922,დაყრით დგა,"თავდახრით, დაღონებული, ნირწამხდარი იდგა.",31,758,True
ganm_4923,იგონებდა,ისაზრებდა. არ საქმეთა საომართა. იგულისხმება: არც თუ სავაჟკაცო საქმეებს.,31,758,False
ganm_4924,დაღრეჯით,მოწყენით.,31,759,False
ganm_4926,შეჭირვებული,"დამწუხრებული, ნაღვლიანი.",31,759,False
ganm_4927,ჰკადრა,უთხრა.,31,759,False
ganm_4929,არა,არაფერი.,31,759,False
ganm_4930,მით,ამიტომ.,31,759,False
ganm_4928,ვარ თავისა ვებული,"ჩემს თავს ვვაებ, ვდარდობ.",31,759,True
ganm_4931,რა გესმას,რომ გაიგებთ.,31,759,True
ganm_4932,გაკვირვებული,აქ: გასაკვირი. ან: გაკვირვებით გამოწვეული.,31,759,False
ganm_4933,ჭმუნვა,"დარდი, მწუხარება.",31,760,False
ganm_4934,ჰმატს,აღემატება.,31,760,False
ganm_4935,თუცა,თუმცა.,31,760,False
ganm_4936,არ დაჰრიდობს,"არ ერიდება, არ ეშინია, არაფრად აგდებს.",31,760,True
ganm_4937,აწ,ახლა.,31,760,False
ganm_4938,გეთხოვების,წასვლის ნებას ითხოვს.,31,760,False
ganm_4939,"მოაჯეობს, არ წამკიდობს","ხვეწნით მოდის, არა ჩხუბით და წაკიდებით.",31,760,True
ganm_4940,უმისყმისოდ,იმ მოყმის გარეშე.,31,760,False
ganm_4937,აწ,ახლა.,31,760,False
ganm_4942,მისთვის ფლიდობს,თავისთვის ურგებად თვლის.,31,760,True
ganm_4943,ყველაი,ყველაფერი.,31,761,False
ganm_4944,ჰკადრა,უთხრა.,31,761,False
ganm_4945,კვლა,შემდეგ.,31,761,False
ganm_4946,რამცა სცან,"რას მიჰხვდები, რას გაიგებ?",31,761,True
ganm_4947,სიტყვითა ესოდენითა,ამდენი ლაპარაკით.,31,761,True
ganm_4948,რაგვარ,როგორ.,31,761,False
ganm_4948,რაგვარ,როგორ.,31,761,False
ganm_4949,თუმცა რისხვანი ჩემთვის იანაზდენითა,"თუ უცბად, ანაზდად გამირისხდებით.",31,761,True
ganm_4951,გაგულისდა,გაწყრა.,31,762,False
ganm_4952,გაავცნობდა,"ავი ცნობა, ავი გონება გაუხდა.",31,762,False
ganm_4953,ფერი ჰკრთა,ფერი წაუვიდა.,31,762,True
ganm_4954,შეაშთობდა,დაახრჩობდა (იგულისხმება: შიშით).,31,762,False
ganm_4955,შეუზახნა,შეუყვირა.,31,762,False
ganm_4956,სხვამცა ვინ მითხრობდა,სხვა ვინ მეტყოდა?,31,762,True
ganm_4957,ავსამცა რას ადრე სცნობდა,ცუდ რამეს რაც ადრე გაიგებს.,31,762,True
ganm_4958,ვითამც,"თითქოს, ვითომც.",31,763,False
ganm_4959,სახარული,სასიხარულო.,31,763,False
ganm_4960,ვითა ადრად,"რაც შეგეძლო, მალე.",31,763,True
ganm_4961,რა ვინ მიყოს,ვინ რას მიზამს?,31,763,True
ganm_4962,მომკლას,მომკლავს.,31,763,False
ganm_4963,მუხთლად,ვერაგულად.,31,763,False
ganm_4964,ღადრად,"ღალატით, თავხედურად, ძალადობით, დაუნდობლად.",31,763,False
ganm_4965,მაგისა ჩემად კადრად,ჩემთვის მაგის გასაბედავად.,31,763,True
ganm_4966,აგრე,ასე.,31,763,False
ganm_4967,არ ვაზირად,არა თუ ვაზირად.,31,763,True
ganm_4968,სხვად რად,სხვა რამედ.,31,763,True
ganm_4969,ხამსცა,განა ჯერ-არს? განა შეიძლება?,31,764,False
ganm_4970,პატრონისა,ბატონის. აქ: მეფის.,31,764,False
ganm_4971,დაჰხედნეს,"დაჰხედოს, ანგარიში გაუწიოს.",31,764,False
ganm_4972,ოდენ,მხოლოდ.,31,764,False
ganm_4973,უმეცრულად,უვიცურად.,31,764,False
ganm_4974,დაიყბედნეს,დაიყბედოს.,31,764,False
ganm_4975,მაგისად მოსმენამდის,მაგის გაგონებამდე.,31,764,True
ganm_4976,შემეჭედნეს,დამიყრუვდნენ.,31,764,False
ganm_4978,ჩემმან ქედმან მიიქედნეს,"ჩემმა კისერმა იკისროს, ჩემ სინდისზე იყოს.",31,764,True
ganm_4979,კვლა,კიდევ.,31,765,False
ganm_4980,თუმცა მისგან აწ არ იყავ მოგზავნილი,ახლა მისგან (ავთანდილისგან) მოგზავნილი რომ არ ყოფილიყავი.,31,765,True
ganm_4981,თავმან ჩემმან,ჩემს თავს ვფიცავ.,31,765,True
ganm_4982,არად უნდა,არაფრად უნდა.,31,765,True
ganm_4983,ცილი,ეჭვი.,31,765,False
ganm_4984,წა,წადი!,31,765,False
ganm_4985,უკუდეგ,იქით დადექი! მომშორდი!,31,765,False
ganm_4986,უმეცარი,უვიცი.,31,765,False
ganm_4987,შლეგი,სულელი.,31,765,False
ganm_4988,წბილი,"მომცდარი, შერცხვენილი.",31,765,False
ganm_4989,შაბაშ,ყოჩაღ! (მეფე ამ სიტყვას ირონიით ხმარობს).,31,765,False
ganm_4989,შაბაშ,ყოჩაღ! (მეფე ამ სიტყვას ირონიით ხმარობს).,31,765,False
ganm_4989,შაბაშ,ყოჩაღ! (მეფე ამ სიტყვას ირონიით ხმარობს).,31,765,False
ganm_4990,დადრკა,დაიხარა.,31,766,False
ganm_4991,ჰკრნა,"მოარტყა, მიანარცხა.",31,766,False
ganm_4992,შეალეწნა,შეალეწა.,31,766,False
ganm_4993,დააცთუნნა,"ააცდინა. ტაეპის აზრია: ააცდინა, მაგრამ, როცა ესროლა, უნდოდა, ალმასივით მაგრად მოხვედროდა და არა ძეწნასავით რბილად.",31,766,False
ganm_4994,ვინ,ვინც.,31,766,False
ganm_4995,ალვისა მორჩი ხე წნა,ალვის ნორჩი ხე დაწნა(?). საერთო აზრია: ვინც ალვის ხეს ჰგავს (იგულისხმება ავთანდილი).,31,766,True
ganm_4996,აახეწნა,"დაღარა, დააზიანა.",31,766,False
ganm_4997,გამოჰრიდნა,"გამოერიდა, გაეცალა.",31,767,False
ganm_4998,ვეღარას,ვეღარაფერს.,31,767,False
ganm_4999,იძრწივნებს,"იეშმაკებს, ხერხს იხმარს.",31,767,False
ganm_5000,გამოძრწა,"გამოიძურწა, უჩუმრად გამოძვრა.",31,767,False
ganm_5001,გამომელდა,"მელურად გამოვიდა, გამოიპარა.",31,767,False
ganm_5002,წყლულსა,დაწყლულებულს.,31,767,False
ganm_5003,მოიმტკივნებს,მოდის და თან იტკივებს.,31,767,False
ganm_5004,შეის,შესვლისას.,31,767,False
ganm_5005,ხასობს,"კარისკაცობს, თავაზიან ქცევად და სიტყვა-პასუხად ქცეულა.",31,767,False
ganm_5006,გაის,გამოსვლისას.,31,767,False
ganm_5007,ქუშობს,პირქუშადაა.,31,767,False
ganm_5008,ასრე,ასე.,31,767,False
ganm_5009,მოაყივნებს,შეარცხვენს (კაცს).,31,767,False
ganm_5010,ვერას,ვერაფერს.,31,767,False
ganm_5011,რომე,"რომ. აქ: რამდენსაც, რასაც.",31,767,False
ganm_5016,რა,რამე.,31,768,False
ganm_5016,რა,რამე.,31,768,False
ganm_5012,მოვღორდი,მოვტყუვდი.,31,768,False
ganm_5016,რა,რამე.,31,768,False
ganm_5013,დავბნელდი,გონება დამიბნელდა.,31,768,False
ganm_5014,ნეტარ,ნეტავ.,31,768,False
ganm_5016,რა,რამე.,31,768,False
ganm_5015,პატრონსა,აქ: მეფეს.,31,768,False
ganm_5016,რა,რამე.,31,768,False
ganm_5017,ჩემნი დღენი მასმცა ადგან,"ჩემი დღე, დაე, მასაც ადგეს!",31,768,True
ganm_5016,რა,რამე.,31,768,False
ganm_5019,ვითა,როგორ?,31,768,False
ganm_5025,აწ,ახლა.,31,769,False
ganm_5021,მივა,მიდის.,31,769,False
ganm_5030,ვითა,როგორ.,31,769,False
ganm_5022,დაღრეჯით,დაღონებით.,31,769,False
ganm_5023,პირითა გამქუშა ვითა,"პირქუშად, უღიმღამოდ.",31,769,True
ganm_5030,ვითა,როგორ.,31,769,False
ganm_5024,მადლი რა გკადრო,რა მადლობა გადაგიხადო?,31,769,True
ganm_5025,აწ,ახლა.,31,769,False
ganm_5026,თქვენგან,"თქვენი წყალობით, თქვენი გამოისობით.",31,769,False
ganm_5028,გავხასდი,"აქ: მეფის წყალობას ვეღირსე, დავწინაურდი.",31,769,False
ganm_5029,მაშა,მაშ.,31,769,False
ganm_5030,ვითა,როგორ.,31,769,False
ganm_5032,უებრო,"სწორუპოვარი, უნაკლო (ვაზირი საკუთარ თავზე ლაპარაკობს).",31,769,False
ganm_5030,ვითა,როგორ.,31,769,False
ganm_5034,ამხანაგობს,"ხუმრობს, ლაღად და სასიამოვნოდ ლაპარაკობს.",31,770,False
ganm_5035,თუცა,თუმცა.,31,770,False
ganm_5036,იწურვებს,"იწურავს. იგულისხმება: ცრემლი იმდენი სდის, რომ მის მოწურვას ვერ ასწრებს.",31,770,False
ganm_5037,სცალს,სცალია.,31,770,False
ganm_5038,წყლიანობა,"ლაღობა, ენამჭევრობა, სასიამოვნო ქცევა და საუბარი.",31,770,False
ganm_5040,შეიურვებს,დაიმწუხრებს.,31,770,False
ganm_5041,ვინ,ვინც.,31,770,False
ganm_5042,ქადებულსა,შეპირებულს.,31,770,False
ganm_5043,მოურავსა,"მზრუნველს, ზრუნვის გამწევს.",31,770,False
ganm_5045,დაიურვებს,"მოაწყობს, მოაგვარებს. ანდაზის აზრია: ქრთამი თავის საქმეს ჯოჯოხეთშიც კი მოაწყობს.",31,770,False
ganm_5046,ვით გამხადა,როგორ გამხადა (მეფემ).,31,771,True
ganm_5047,არ ეგების,"არ გამოვა, შეუძლებელია.",31,771,True
ganm_5048,თხრობა,თქმა.,31,771,False
ganm_5049,შლუობა,ჭკუანაკლებობა.,31,771,False
ganm_5050,შმაგობა,"სიგიჟე. ვაზირი ჩამოთვლის იმ თვისებებს, რაც განრისხებულმა მეფემ მიაწერა.",31,771,False
ganm_5051,მე თვით,მე ხომ.,31,771,True
ganm_5052,მიც,"მიდევს, მაქვს.",31,771,False
ganm_5053,ცნობა,გონება.,31,771,False
ganm_5054,ესე,ეს.,31,771,False
ganm_5055,თურე,"თურმე (ან: ეგებ, იქნებ).",31,771,False
ganm_5056,თმობა,მოთმინება.,31,771,False
ganm_5061,მით,"ამისგან, ამიტომ.",31,772,False
ganm_5058,წამკიდებია,მომსვლია.,31,772,False
ganm_5059,ვიაზრე,"ვიფიქრე, გავითვალისწინე, წინასწარ ვიანგარიშე.",31,772,False
ganm_5060,ჭმუნვა,მწუხარება.,31,772,False
ganm_5061,მით,"ამისგან, ამიტომ.",31,772,False
ganm_5063,განგებით ქმნილსა რისხვასა,"განგებისაგან მოვლენილს რისხვას, ღვთის წყრომას.",31,772,True
ganm_5064,დაჰრიდებია,"გაჰქცევია, წაჰსვლია.",31,772,False
ganm_5065,მიჩს,მიმაჩნია.,31,772,False
ganm_5066,გამცუდებია,"ფუჭად წამსვლია, გამუქმებია.",31,772,False
ganm_5068,ყმამან,"მოყმემ, რაინდმა.",31,773,False
ganm_5069,შენთვის წყრომა,შენზე (მეფის) წყრომა.,31,773,True
ganm_5070,განა დამიმძიმდა,"დიაღაც, მეწყინა.",31,773,True
ganm_5071,მაგრა,მაგრამ.,31,773,False
ganm_5072,გმართებს,"გეკუთვნის, გჭირდება. გა-ცა-ღიმდა. ნაწილაკი “ცა” ჩართულია ზმნასა და ზმნისწინს შორის.",31,773,False
ganm_5073,ადიმი,"ძვირფასი ტყავი (არაბული სიტყვაა), გადატანით ნიშნავს კარგ რეპუტაციას, სახელს.",31,773,False
ganm_5074,მეში,უხარისხო ტყავი. ტაეპის აზრია: მეფის თვალში რეპუტაცია გაგიფუჭდა (ნ. წაქაძე).,31,773,False
ganm_5076,ვინმცა გააქიმდა,"ვინ უექიმებს? ვინ გაუექიმდება? ტაეპის აზრია: შენ, ჩემ მშველელად მოხმობილი, ახლა თვით ჩავარდი გასაჭირში.",31,773,True
ganm_5077,რა გინდა,"რაც გინდა, რაც უნდა.",31,774,True
ganm_5078,წამეკიდოს,დამემართოს.,31,774,False
ganm_5079,მოიწყრომებს,გაწყრება და გადაუვლის (ლაპარაკია მეფეზე).,31,774,False
ganm_5080,შე-ცა-მინდობს,"მაპატიებს, შემინდობს. ნაწილაკი -ცა ჩართულია ზმნასა და ზმნისწინს შორის.",31,774,False
ganm_5081,ნუთუ,"აქ: ეგება, იქნება.",31,774,False
ganm_5082,იქმ,იზამ.,31,774,False
ganm_5083,ესე,ეს.,31,774,False
ganm_5084,ჭმუნვა,დარდი.,31,774,False
ganm_5085,ხამსცა,"განა საჭიროა? გ და დ ტაეპთა აზრია: მითხარი, შენ რას აპირებ? განა სწორია შენი გადაწყვეტილება, რომ ტარიელის საშველად თავი გაწირო?",31,774,False
ganm_5086,არ ეგების,"არ მოხერხდება, არ შეიძლება.",31,775,True
ganm_5087,აროს,არასოდეს.,31,775,False
ganm_5094,აროს,ატაროს.,31,775,False
ganm_5088,იადონი,ბულბული.,31,775,False
ganm_5090,მოკვდეს,მოკვდება.,31,775,False
ganm_5089,ოდეს,"როცა, თუ.",31,775,False
ganm_5087,აროს,არასოდეს.,31,775,False
ganm_5094,აროს,ატაროს.,31,775,False
ganm_5092,ხამს,"ჯერ-არს, საჭიროა, უნდა.",31,775,False
ganm_5093,ყოვლგან,ყოველგან.,31,775,False
ganm_5087,აროს,არასოდეს.,31,775,False
ganm_5094,აროს,ატაროს.,31,775,False
ganm_5096,ვერ უპოვოს,(თუ) ვერ იპოვის.,31,775,True
ganm_5097,ანუ,ან.,31,775,False
ganm_5098,რათა,"რითა. ბ, გ, დ ტაეპის აზრია: იადონი მოკვდება, თუ ვარდი დაჭკნა. ამიტომ უნდა მას ცვარი უძებნოს. ასევე, მეც ტარიელს უნდა დავეხმარო.",31,775,False
ganm_5087,აროს,არასოდეს.,31,775,False
ganm_5094,აროს,ატაროს.,31,775,False
ganm_5100,გაჭრასა,"ველად გავარდნას, ტყე-ღრეში ხეტიალს.",31,776,False
ganm_5101,რბოლასა,რბენას..,31,776,False
ganm_5102,ასრე გასრულსა,"ასე გამხდარს, ამ დღეში ჩავარდნილს.",31,776,True
ganm_5103,მნუკევს,მთხოვს (ლაპარაკია როსტევანზე).,31,776,False
ganm_5104,მისთა მებრძოლთა ბრძოლასა,"მის მტრებთან ბრძოლას. ტაეპის აზრია: არ ურჩევნია (მეფეს), სულ არ ვყავდე გვერდით, ვიდრე მომდურავი ვყავდე?",31,776,True
ganm_5105,ერთხელ კვლაცა,ერთხელაც.,31,777,True
ganm_5106,აწ,ახლა.,31,777,False
ganm_5108,ნუთუ,ეგებ.,31,777,False
ganm_5109,გაბრჭოს,განსაჯოს.,31,777,False
ganm_5110,ვით,როგორ.,31,777,False
ganm_5110,ვით,როგორ.,31,777,False
ganm_5111,გავიპარვი,გავიპარები.,31,777,False
ganm_5113,თუ მოვკვდე,თუ მოვკვდები.,31,777,True
ganm_5115,მოიუბნეს,დაამთავრეს საუბარი.,31,778,False
ganm_5116,ქმნნა,აქ: გააწყო.,31,778,False
ganm_5117,მათნი ფერნი,მათი შესაფერი.,31,778,True
ganm_5118,მისნი მყოლნი,მისი (ავთანდილის) მომყოლნი; მისი მხლებლები.,31,778,True
ganm_5119,ა-ვე-ავსნა,აგრეთვე აავსო საჩუქრებით. ნაწილაკი “ვე” ჩართულია ზმნასა და ზმნისწინის შორის.,31,778,False
ganm_5120,მოყმენი,აქ: ახალგაზრდები.,31,778,False
ganm_5121,ბერნი,მოხუცნი.,31,778,False
ganm_5122,გაიყარნეს,"გაიყარნენ, ერთმანეთს დაშორდნენ.",31,778,False
ganm_5123,ყმა,"მოყმე, რაინდი (ავთანდილი).",31,778,False
ganm_5124,წვერნი,სხივები.,31,778,False
ganm_5126,წითელი,ოქრო.,31,779,False
ganm_5127,სარო,კვიპაროსი.,31,779,False
ganm_5128,თავი,"“თოფი”, ქსოვილის ხვეული. სტავრა-ატლასი. ძვირფასი ქსოვილებია.",31,779,False
ganm_5129,ნიადაგ,მუდამ.,31,779,False
ganm_5130,მიუმცთარომან,"უტყუარმა, სიტყვის პატრონმა.",31,779,False
ganm_5131,ფერად არ მათმან მიუმხვდარომან,ლალის და იაგუნდის მსგავსმა (ავთანდილმა).,31,779,True
ganm_5132,ესე ყველაი,ეს ყველაფერი.,31,779,True
ganm_5133,მისთვის არო,მას გაუგზავნა.,31,779,True
ganm_5134,გმართებს,"გეკუთვნის, გერგება.",31,780,False
ganm_5135,ვით,როგორ.,31,780,False
ganm_5135,ვით,როგორ.,31,780,False
ganm_5136,გაქონო,"მოგცე, შენ ქონებად ვაქციო.",31,780,False
ganm_5137,ნაცვალი,სამაგიერო.,31,780,False
ganm_5138,მოვიგონო,"მოვიფიქრო, მოვიაზრო.",31,780,False
ganm_5139,თუღა დავრჩე,თუ ცოცხალი ვიქნები.,31,780,True
ganm_5141,შეგიცალო,გაგიტოლებ.,31,780,False
ganm_5142,შეგიწონო,"შეგითანადებ, შეგიფერებ, გაგითანაბრებ. ტაეპის აზრია: შენი სიყვარულის სანაცვლოდ ჩემს სიყვარულს გაჩვენებ. რა ერთგულებაც შენ გამიწიე, იმის ტოლ ერთგულებას მეც გაგიწევ.",31,780,False
ganm_5143,უებრობა,სწორუპოვრობა.,31,781,False
ganm_5144,სიკეთე,"სიკარგე, სიყოჩაღე, ყოველგვარ ღირსებათა ქონა. ტაეპის აზრია: კაცი საქმიანი უნდა იყოს, რაც ეკუთვნის (ამ შემთხვევაში - სამაგიეროს გადახდა), ის უნდა შეასრულოს.",31,781,False
ganm_5145,ასრე,ასე.,31,781,False
ganm_5146,გაჰვიდ ოდეს ვისცა ვისი,"თუ ვისმე ვისიმე ხათრი ჰქონდეს, თუ ვისმე ვისიმე საქმე გულთან ახლოს მიჰქონდეს.",31,781,True
ganm_5147,ოდეს,როდესაც.,31,781,False
ganm_5147,ოდეს,როდესაც.,31,781,False
ganm_5148,დაეჭიროს,დასჭირდეს.,31,781,False
ganm_5149,თვისი,"ნათესავი, თავისიანი.",31,781,False
ganm_5151,ეტყვის,ეუბნება.,32,782,False
ganm_5152,პირ-მზე,ლაპარაკია ავთანდილზე.,32,782,False
ganm_5153,ესე,ეს.,32,782,False
ganm_5155,ხამს,საჭიროა.,32,782,False
ganm_5156,იტყვის,ამბობს.,32,783,False
ganm_5157,რათა,რით.,32,783,False
ganm_5158,ვინა,შემოკლებული ფორმა სიტყვისა “ვინაით” - საიდან.,32,783,False
ganm_5159,სულ-დგმული,ცოცხალი.,32,783,False
ganm_5160,ვინ-ა,"ვინაა. ტაეპის აზრია: როსტევანმა არ იცის, ვინ, რით, ვისგან და ვისით ვცოცხლობ. იგულისხმება: არ იცის, რომ მე ტარიელის შველის ფიქრით ვცოცხლობ.",32,783,False
ganm_5161,უმისოდმცა ნუ ცოცხალ ვარ,უმისოდ ცოცხალიც ნუ ვიქნები!,32,783,True
ganm_5162,"ნუცა გარე , ნუცა შინა",ნუცა - ნურც.,32,783,True
ganm_5163,გარე,გარეთ.,32,783,False
ganm_5164,რაცა,"რაიმე, რაგინდარა.",32,783,False
ganm_5165,ვისმცა შეარჩინა,ვის შეარჩენს?!,32,783,True
ganm_5166,გაწირვა,"1. მიტოვება, 2. გაწირვა.",32,784,False
ganm_5167,"მტკიცობს, არ სათუობს","მტკიცედაა გადაწყვეტილი, სათუო არაა.",32,784,True
ganm_5168,სულთქვამს,ოხრავს.,32,784,False
ganm_5169,"ვაებს, უობს","ჩივის, მოთქვამს, “ვა”–სა და “უ”–ს ამბობს.",32,784,True
ganm_5170,იახლებს,იკარებს.,32,784,False
ganm_5171,ჰკრთების,"უფრთხის, გაურბის.",32,784,False
ganm_5172,ქსუობს,უცხოობს.,32,784,False
ganm_5173,ყოვლი,ყოველი.,32,784,False
ganm_5174,ღმერთსა ჰგმობს,მკრეხელობას სჩადის; ან: ღვთის მცნებებს არღვევს.,32,784,True
ganm_5175,მოყვრისაგან,მეგობრისაგან.,32,785,False
ganm_5176,პირველ,ჯერ ერთი.,32,785,False
ganm_5177,სიახლისა,ახლოს ყოფნის.,32,785,False
ganm_5178,არას შური,"არაფრის შეშურება, არაფრის დანანება.",32,785,True
ganm_5179,გავლენა,"შეწევნა, დახმარება, მისთვის გარჯა.",32,785,False
ganm_5180,მისად რგებად,"მის სარგოდ, მისი სარგებლობისათვის.",32,785,True
ganm_5181,ველთა,ველად.,32,785,False
ganm_5182,ჟამია,დროა.,32,786,False
ganm_5183,აწ,ახლა.,32,786,False
ganm_5184,ლებისა,ლები - დალურჯებული ხორცი. ამა გულისა ლებისა. აზრია: ამ მტკივანი გულის.,32,786,False
ganm_5185,გვედრებ,"გაბარებ, გავალებ.",32,786,False
ganm_5186,ისმენდი,ისმინე!,32,786,False
ganm_5187,ვირე,"ვიდრე, სანამ.",32,786,False
ganm_5188,ხლებისა,"იგულისხმება: ჩემი ხლების, ჩემთან ყოფნის.",32,786,False
ganm_5189,დაჭირვა,"აქ: შენახვა, დაცვა. ტაეპის აზრია: ჩემი დანაბარები მტკიცედ აასრულე, ჩემი სიტყვა მტკიცედ დაიცავი!",32,786,False
ganm_5190,აწ,ახლა.,32,787,False
ganm_5191,პირველ,პირველ ყოვლისა. მეფეთა. ლაპარაკია როსტევანზე და თინათინზე.,32,787,False
ganm_5192,სიკეთე,"სიკარგე, სიყოჩაღე.",32,787,False
ganm_5193,უკლებლობა,უნაკლულობა ან დაუზარელობა.,32,787,False
ganm_5194,ერთობ,"მთლიანად, სრულად.",32,787,False
ganm_5195,გააცხადე,"გამოიჩინე, გამოავლინე.",32,787,False
ganm_5196,სპათა,"ჯარს, მეომრებს.",32,787,False
ganm_5197,ეთავადე,მეთაურობა გაუწიე.,32,787,False
ganm_5198,აქამდისი,აქამდე გაწეული.,32,787,False
ganm_5199,კვლა,აგრეთვე.,32,787,False
ganm_5200,გავლენა,"დახმარება, შეწევნა.",32,787,False
ganm_5201,გააკვლადე,"განაგრძე, განაახლე.",32,787,False
ganm_5202,ენაპირე,"ებრძოლე. “ნაპირობა” ჰქვია წვრილ-წვრილ ომებს, მომხდურ მეზობელთა მოგერიებას და დროდადრო მათი სამფლობელოების მორბევას, რაც სამეფოს განაპირა ოლქებში მცხოვრებ აზნაურებს აკისრიათ.",32,788,False
ganm_5203,ძალი,ძალა.,32,788,False
ganm_5204,ნუმცა მოგაკლდების,აქ: ნუ მოგაკლდება.,32,788,True
ganm_5205,ორგულიმცა შენი კვდების,შენი ორგული მოკვდეს!,32,788,True
ganm_5206,შემოვიქცე,(თუ) დავბრუნდები.,32,788,False
ganm_5207,არაოდეს,არასოდეს.,32,788,False
ganm_5208,წახდების,"გაუქმდება, დაიკარგება.",32,788,False
ganm_5209,ესე,ეს.,32,789,False
ganm_5210,ესმა,გაიგონა.,32,789,False
ganm_5211,სდინდი,"პოეტური ლიცენციაა. უნდა “სდინდის” ან “სდინდა” - წამოუვიდა, ჩამოსდიოდა.",32,789,False
ganm_5212,მარტოობით,მარტოობის გამო.,32,789,False
ganm_5213,რადმცა შევუშინდი,რატომ შევუშინდები?,32,789,True
ganm_5214,წამიტანე,"წამიყოლე, თან წამიყვანე!",32,789,False
ganm_5215,გინდი,გინდივარ.,32,789,False
ganm_5217,“ვის ასმია,ვის ჰსმენია.,32,790,True
ganm_5218,ღარიბობა,"უცხო მხარეს სიარული, მოგზაურობა.",32,790,False
ganm_5219,ეგზომ,ასე.,32,790,False
ganm_5220,ჭირსა შიგან,"ჭირში. ტაეპის აზრია: ვის გაუგონია, პატრონი ჭირში ყმას ერიდებოდეს?",32,790,True
ganm_5221,გიგონებდე,"მოგიგონებ ხოლმე, შენ ფიქრში ვიქნები.",32,790,False
ganm_5222,ფლიდი,"სამარცხვინო, საღალატო საქმის ჩამდენი (ასეთ საქმედ მიაჩნია შერმადინს თავისი შინ დარჩენა).",32,790,False
ganm_5223,წაგიტან,წაგიყვან.,32,790,False
ganm_5224,რაზომსამცა ცრემლსა ჰღვრიდი,რამდენი ცრემლიც უნდა ღვარო.,32,790,True
ganm_5225,ვითმცა არა დამეჯერა,როგორ არ დავიჯერებდი? როგორ არ დავიჯერებ?,32,791,True
ganm_5226,მაგრა,მაგრამ.,32,791,False
ganm_5227,ჟამი,დრო.,32,791,False
ganm_5228,ასრე,ასე.,32,791,False
ganm_5229,შენგან კიდე ვინმც მეფერა,შენ გარდა ვინ მეგვანება?,32,791,True
ganm_5230,გული დადევ,"დაწყნარდი, შეურიგდი ამ ამბავს.",32,791,True
ganm_5231,წაგიტან,წაგიყვან.,32,791,False
ganm_5232,ვერათ,ვერაფრით.,32,791,False
ganm_5233,ერთი ვხამ,ერთი ვხამ ...რებად - მარტომ უნდა ...ვიარო.,32,792,True
ganm_5234,ხელი,"გახელებული, შმაგი.",32,792,False
ganm_5235,ფერება,მიმსგავსება.,32,792,False
ganm_5237,ხელია,"ხელობაა, საქმეა, მოწოდებაა.",32,792,False
ganm_5238,რად სცალს თავისა ბერებად,"(მიჯნურს) სად სცალია, სად აქვს იმის თავი, რომ ბერიკაცობდეს, რომ (მინდვრად ხეტიალში) კომფორტსა და მხლებლებს თხოულობდეს.",32,792,True
ganm_5239,ასრეა,ასეა.,32,792,False
ganm_5240,ესე სოფელი,ეს ქვეყანა.,32,792,True
ganm_5241,შესჯერდი,დაიჯერე.,32,792,False
ganm_5243,რა მოგშორდე,რომ მოგშორდები.,32,793,True
ganm_5244,მახსენებდი,მახსენე ხოლმე!,32,793,False
ganm_5245,ვეშიშვი,"ვუფრთხი, შიში მაქვს.",32,793,False
ganm_5246,თავი მონად მომიმონდეს,"(სანამ) ჩემი თავი მე მემონება, მე მემორჩილება.",32,793,True
ganm_5247,ხამს,"საჭიროა, ჯერ-არს.",32,793,False
ganm_5248,მამაცი,კაცი.,32,793,False
ganm_5249,გაგულოვნდეს,"გულოვნად, მამაცურად იყოს.",32,793,False
ganm_5250,სააუგო,სამარცხვინო.,32,793,False
ganm_5251,არად არ შესწონდეს,"არაფრად მიაჩნდეს. ტაეპის აზრია: მძულს, როცა კაცს არაფრად მიაჩნია, ეადვილება სამარცხვინო საქმე.",32,793,True
ganm_5252,ვინ,ვინც.,32,794,False
ganm_5253,სოფელსა,ქვეყანას. იგულისხმება: სიცოცხლეს.,32,794,False
ganm_5254,არ ამოვკრეფ,"არ ვაგდებ, არ მიღირს.",32,794,True
ganm_5255,კიტრად ბერად,ბებერ კიტრად.,32,794,True
ganm_5256,ვის სიკვდილი,ვისაც სიკვდილი,32,794,True
ganm_5257,მოყვრისათვის,მეგობრისთვის.,32,794,False
ganm_5258,თამაშად,გასართობად.,32,794,False
ganm_5259,მიჩანს,მიმაჩნია.,32,794,False
ganm_5260,მღერად,თამაშად. ტაეპის აზრია: მე ქვეყნად სიცოცხლე ბებერი კიტრის ფასადაც არ მიღირს; მეგობრისთვის სიკვდილი ჩემთვის ლხინია.,32,794,False
ganm_5261,ჩემსა მზესა,ლაპარაკია თინათინზე.,32,794,True
ganm_5262,დავდგე მე რად,"როგორ დავრჩები, რატომ დავრჩე?",32,794,True
ganm_6149,მას,ლაპარაკია თინათინზე.,32,794,False
ganm_5263,სახლსა,"1. სახლი, 2. ოჯახი. ტაეპის აზრი ბუნდოვანია. იგი შეიძლება ასე გავიგოთ: რაკიღა თინათინი დავთმე, მაშინ ქვეყნად რაღას ვერ დავთმობ?",32,794,False
ganm_5264,აწ,ახლა.,32,795,False
ganm_5265,როსტანს წინა,"როსტევანის წინაშე, როსტევანთან.",32,795,True
ganm_5266,შეგვედრებ,შენ თავს შევავედრებ (როსტევანს).,32,795,False
ganm_5267,დაგიჭიროს,მოგეპყროს.,32,795,False
ganm_5268,ვითა,როგორც.,32,795,False
ganm_5269,გმართებს,გეკუთვნის.,32,795,False
ganm_5270,მოვკვდე,(თუ) მოვკვდები.,32,795,False
ganm_5271,სატანასგან ნუ იქმ ქმნილსა,ნუ იზამ სატანის საქმეს.,32,795,True
ganm_5272,იტირებდი,იტირე ხოლმე!,32,795,False
ganm_5273,დაიდებდი,დაიდე ხოლმე!,32,795,False
ganm_5274,წერად,საწერად.,33,796,False
ganm_5276,ძებნად ჩემგან საძებრისად,"იმის საძებრად, ვისაც ჩემგან ძებნა ეკუთვნის (ტარიელის). შესაძლოა სხვა გაგებაც: ძებნა ნიშნავს “ცდას”, “მცდელობას”. მაშინ აზრი შემდეგია: გავიპარე იმისათვის, რომ ჩემს საცდელს ვეცადო, იმის შესრულებისათვის ვიზრუნო, რაც ჩემი ვალია, ჩემი შესასრულებელია (იგულისხმება: ტარიელისადმი დახმარება).",33,796,True
ganm_5277,ჩემდა,ჩემთვის.,33,796,False
ganm_5278,შემინდევ,"შემინდე, მომიტევე, მაპატიე.",33,796,False
ganm_5279,წამატანე,წამაყოლე.,33,796,False
ganm_5280,მოწყალება,"სიბრალული, თანაგრძნობა, წყალობა.",33,796,False
ganm_5281,ღმრთეებრისად,ღვთიური მოწყალების მსგავსად.,33,796,False
ganm_5282,ბოლოდ,"ბოლოს, საბოლოოდ.",33,797,False
ganm_5283,გაზრახულსა,"გადაწყვეტილებას, ნაბიჯს.",33,797,False
ganm_5284,გასწირავს,"მიატოვებს, გასწირავს, გაიმეტებს.",33,797,False
ganm_5285,მოყვარესა,მეგობარს.,33,797,False
ganm_5286,მოყვარულსა,მოსიყვარულეს.,33,797,False
ganm_5287,გკადრებ,"მოგახსენებ, შემოგბედავ.",33,797,False
ganm_5288,სწავლად თქმულსა,"სასწავლად, სამოძღვროდ თქმულს.",33,797,True
ganm_5289,მერმე,შემდეგ.,33,797,False
ganm_5290,თავია,"სათავეა, საწყისია, მიზეზია.",33,798,False
ganm_5291,უბადობისა,"უღირსობის, უხეირობის, მორალური ნაკლოვანების.",33,798,False
ganm_5293,რად გავწირო,როგორ გავწირავ? როგორ გავიმეტებ?,33,798,True
ganm_5294,მოყვარე,მეგობარი.,33,798,False
ganm_5295,უმტკიცესი ძმობისა,"ძმაზე უახლოესი, ჩემთან ძმობაზე უფრო მტკიცე კავშირით შეკავშირებული.",33,798,True
ganm_5296,არა ვიქმ,(თუ) არ შევასრულებ.,33,798,True
ganm_5297,მით,"იმიტომ, იმისთვის.",33,798,False
ganm_5298,მოგვეცეს შერთვა,"შევერთოთ, შევუერთდეთ.",33,798,True
ganm_5299,ზესთ მწყობრთა წყობისა,"ზეციურ გუნდთა წყობისა, წესრიგისა. ტაეპის აზრია: იმისთვის ვსწავლობთ, სიბრძნეს იმისთვის ვიძენთ, რომ ჩვენი მორალური ქცევით სამყაროს უზენაეს წესრიგს შევერწყათ (იხ. კომენტარი).",33,798,True
ganm_5300,მოციქულნი,ქრისტეს მოწაფენი.,33,799,False
ganm_5301,რაგვარ,როგორ.,33,799,False
ganm_5302,ვით,როგორ.,33,799,False
ganm_5303,იტყვიან,ამბობენ.,33,799,False
ganm_5302,ვით,როგორ.,33,799,False
ganm_5304,ცან,"გაიგე, მიხვდი, გაიაზრე.",33,799,False
ganm_5305,ცნობა,გონება.,33,799,False
ganm_5302,ვით,როგორ.,33,799,False
ganm_5307,არ ჯერ ხარ,არ გჯერა.,33,799,True
ganm_5302,ვით,როგორ.,33,799,False
ganm_5309,ვინ დამბადა,"ვინც შემქმნა, გამაჩინა (ლაპარაკია ღმერთზე).",33,800,True
ganm_5310,შეძლება,"ძალა, უნარი.",33,800,False
ganm_5311,ძლევად მტერთად,მტერთა დასაძლევად.,33,800,True
ganm_5312,ძალი,ძალა.,33,800,False
ganm_5313,შემწედ,"დამხმარედ, მშველელად.",33,800,False
ganm_5314,ყოვლთა მიწიერთად,ყველა მიწიერი არსებისა.,33,800,True
ganm_5315,ვინ საზღვარსა დაუსაზღვრებს,"ვინც ყოველივე არსებულს მის საზღვარს უჩვენებს, ყოველივეს განსაზღვრულობას აძლევს.",33,800,True
ganm_5316,გახდის,აქცევს.,33,800,False
ganm_5317,წამის-ყოფით,"ერთ წამში, ერთ დახამხამებაში.",33,800,False
ganm_5318,არა საქმე არ იქმნების,არავითარი საქმე არ მოხდება.,33,801,True
ganm_5319,ვერ-მჭვრეტელი,ვერმხედველი.,33,801,False
ganm_5320,ტურფა საჭვრეტელი,ლამაზი სანახავი.,33,801,True
ganm_5321,უცხოდ რადმე ეშვენების,"უცხო, იშვიათ მშვენიერებად ესახება.",33,801,True
ganm_5324,ვით,როგორ.,33,801,False
ganm_5323,უმისობა,იგულისხმება: უტარიელობა.,33,801,False
ganm_5324,ვით,როგორ.,33,801,False
ganm_5325,მეთნების,"მეამება, მესიამოვნება, შემერგება. სტროფის აზრია: ყოველივე ღვთის ნებაა: ვარდი უმზეოდ ჭკნება, მშვენიერი სანახავი თვალს ატყვევებს.",33,801,False
ganm_5327,რაზომცა,თუმცა.,33,802,False
ganm_5329,შემინდევ,"შემინდე, მაპატიე.",33,802,False
ganm_5331,შეცვლა თქვენისა მცნებისა,თქვენი ბრძანების დარღვევა.,33,802,True
ganm_5332,ძალი,"ძალა, უნარი.",33,802,False
ganm_5333,ტყვე-ქმნილსა,"დატყვევებულს (იგულისხმება, რომ ავთანდილის გონება ტარიელზე ფიქრმა დაატყვევა).",33,802,False
ganm_5334,თნებისა,"ამებისა. ტაეპის აზრია: მე, ტარიელზე ფიქრისგან დატყვევებულს, არ შემეძლო თქვენთვის ეს მეამებინა - მასთან არ წავსულიყავ და თქვენთან დავრჩენილიყავ.",33,802,False
ganm_5335,აწ,ახლა.,33,802,False
ganm_5338,სადა გინდ,სადაც გინდა.,33,802,True
ganm_5339,რა მგამა,რა მენაღვლება.,33,802,True
ganm_5340,ყოფამცა მქონდა ნებისა,"ჩემი ნება (თუ) შევასრულე, (თუ) შევასრულებ. გ და დ ტაეპების აზრია: წასვლა ჩემი ტანჯვის წამალია.",33,802,True
ganm_5342,არას,არაფერს.,33,803,False
ganm_5343,სიმძიმილი,"მწუხარება, ნაღველი.",33,803,False
ganm_5344,არ გარდავა გარდუვალად,"არ წავა აუხდომლად, აუცილებლად ახდება. მომავალი საქმე ზენა. იგულისხმება: განგებისგან წინასწარ გადაწყვეტილი საქმე.",33,803,True
ganm_5345,მამაცისა,მამაკაცის.,33,803,False
ganm_5346,მოჭირვება,"სიძნელის, გასაჭირის ატანა.",33,803,False
ganm_5347,ძალ-უც,შეუძლოა.,33,803,False
ganm_5348,ხორციელსა,ადამიანს.,33,803,False
ganm_5350,გარდავლენა,"გადახდომა, გადალახვა, თავის არიდება. სტროფის აზრია: ცრემლის ღვრა და მწუხარება უსარგებლოა. რაც განგებისგან გადაწყვეტილია, ის მოხდება. კაცმა უნდა გაიჭირვოს და მის თავს მოსულ უბედურებას ვაჟკაცურად შეჰხვდეს.",33,803,False
ganm_5351,გაუგია,"განუგია, განუკუთვნებია, გადაუწყვეტია.",33,804,False
ganm_5352,თავსა ჩემსა გარდასავლად,"ჩემს თავს მოსასვლელად, ჩემს თავს მოსახდენად.",33,804,True
ganm_5353,გარდამხდეს,"დამემართოს, თავს გადამხდეს.",33,804,False
ganm_5354,შემოვიქცე,დავბრუნდე.,33,804,False
ganm_5356,გნახნე,გნახოთ.,33,804,False
ganm_5357,დავლა,"სიმდიდრე, ქვეყნიური სიკეთე. აგრეთვე: სამხედრო ნადავლი, სახელი.",33,804,False
ganm_5358,მას რა ვარგო,მას (თუ) რამეს ვარგებ.,33,804,True
ganm_5359,კმარის,კმარა.,33,804,False
ganm_5360,ესე,"ეს. სტროფის აზრია: რაც ჩემთვის ღვთის განგებას დაუწესებია, დაე, ის გადამხდეს და თქვენთან დავბრუნდე; გული ისე დამეწვას, რომ ფერფლიც აღარ დარჩეს; ნეტავ თქვენ გნახოთ მხიარულნი, დიდებითა და ძლევით შემოსილნი, მე კი ისიც მეყოფა სახელად, თუ ტარიელს რამე ვარგე.",33,804,False
ganm_5357,დავლა,"სიმდიდრე, ქვეყნიური სიკეთე. აგრეთვე: სამხედრო ნადავლი, სახელი.",33,804,False
ganm_5361,ესე,ეს.,33,805,False
ganm_5362,თათბირი,"არჩევანი, გადაწყვეტილება. იგულისხმება: ტარიელის საშველად გაპარვა.",33,805,False
ganm_5363,"მომკალ, ვინ დამიწუნოსა","მომკალ, თუ ვინმემ დამიწუნოს!",33,805,True
ganm_5365,ვეცრუები,"მოვატყუებ, ვუმუხთლებ.",33,805,False
ganm_5366,საძაბუნოსა,"ლაჩრის, მხდალის შესაფერს.",33,805,False
ganm_5367,მარცხვენს,შემარცხვენს.,33,805,False
ganm_5368,საუკუნო,"სამარადისო. აქ: საუკუნო ცხოვრება, “საიქიო”.",33,805,False
ganm_5370,მოყვრისა,მეგობრის.,33,806,False
ganm_5371,აროდეს,არასოდეს.,33,806,False
ganm_5372,აუგი,"სირცხვილი, სამარცხვინო რამ.",33,806,False
ganm_5374,ღალატიანსა,ღალატის ჩამდენს.,33,806,False
ganm_5375,ვერ ვუზამ,"იგულისხმება: საღალატო საქმეს ვერ ვუზამ, ვერ მოვატყუებ.",33,806,True
ganm_5376,მას ხელმწიფესა მზიანსა,"იმ მზისებრ ხელმწიფეს. ან: იმ სვიან, ბედნიერ ხელმწიფეს (ლაპარაკია ტარიელზე). მეორე შემთხვევაში ტარიელი “მზიანად”, ბედნიერად იმ აზრით ჩაითვლება, რომ იგი სრულყოფილი გმირია და, მაშასადამე, ბედნიერი ხელმწიფობისთვისაა მოწოდებული.",33,806,True
ganm_5377,უარე,უარესი.,33,806,False
ganm_5381,რა უარეა მამაცსა,რაა უარესი კაცზე.,33,807,True
ganm_5382,ომშიგან,ომში.,33,807,False
ganm_5385,ჯაბანი,"მშიშარა, მხდალი.",33,807,False
ganm_5386,დიაცსა,ქალს.,33,807,False
ganm_5387,ქსლისა მბეჭველსა,მქსოველს. ქსელზე “ბეჭის” (საქსოვი იარაღია) მცემელს (ალ. ჭინჭარაული).,33,807,True
ganm_5388,მოხვეჭა,"მოპოვება, შოვნა.",33,807,False
ganm_5389,ყოველსა მოსახვეჭელსა,"ყველა (სხვა) საშოვარს, ყველაფერს, რისი მოპოვებაც შეიძლება.",33,807,True
ganm_5390,დაიჭირავს,დაიჭერს.,33,808,False
ganm_5391,ყოველი,ყველა.,33,808,False
ganm_5392,გასწორდეს,გათანასწორდება.,33,808,False
ganm_5393,ძალ-გულოვანი,ძლიერი და მამაცი.,33,808,False
ganm_5394,ბოლოდ,"ბოლოს, საბოლოოდ.",33,808,False
ganm_5395,შეყარნეს,შეყრის.,33,808,False
ganm_5396,ერთგან,ერთად.,33,808,False
ganm_5397,მოყმე,აქ: ახალგაზრდა.,33,808,False
ganm_5398,მხცოვანი,მოხუცი.,33,808,False
ganm_5399,მერმე,მერე. აქ: კიდევ.,33,809,False
ganm_5400,ვიშიშვი,ვშიშობ.,33,809,False
ganm_5401,თქვენდა,თქვენთვის.,33,809,False
ganm_5402,კადრება,"თქმა. ტაეპის აზრია: მეშინია თქვენთვის ამის თქმისა, ვშიშობ თქვენთვის ამის თქმას.",33,809,False
ganm_5403,სცთების,ცდება.,33,809,False
ganm_5403,სცთების,ცდება.,33,809,False
ganm_5404,ვინ,ვინც.,33,809,False
ganm_5405,წამისად,"ყოველ წამს, წამიდან წამზე.",33,809,False
ganm_5407,ყოველთა,ყველასათვის.,33,809,False
ganm_5408,ერთგან,"ერთად. ტაეპის აზრია: მოვა სიკვდილი, ყველასათვის დღისა და ღამის გამაერთიანებელი, დღის ღამედ მქცეველი.",33,809,False
ganm_5409,ყოფამცა მქონდა,სიცოცხლე მქონდეს.,33,809,True
ganm_5410,ჟამისად,"ისე, როგორც ჟამს შეეფერება (იხ. კომენტარი).",33,809,False
ganm_5411,საწუთრომან,წუთისოფელმა.,33,810,False
ganm_5412,ღარიბი,უცხო მხარეს გადახვეწილი.,33,810,False
ganm_5413,მუნ,"იქ საიქიოს. ან: შესაძლოა, აქ ეს სიტყვა ნიშნავდეს “მაშინ, იმ დროს”",33,810,False
ganm_5414,შემიწყალოს,შემიბრალოს.,33,810,False
ganm_5415,მოწყალე,"შემბრალებელი, თანამგრძნობი, მწყალობელი.",33,810,False
ganm_5417,საქონელი,ქონება.,33,811,False
ganm_5418,ანაწონები,აწონილი.,33,811,False
ganm_5419,საჭურჭლე,სიმდიდრე.,33,811,False
ganm_5420,არას მქონები,არაფრის მქონე.,33,811,True
ganm_5421,მიღვწიან,"ჩემი სულისთვის იზრუნებენ, მისთვის ილოცებენ.",33,811,False
ganm_5422,მომიგონებენ,გამიხსენებენ.,33,811,False
ganm_5423,მოვეგონები,მოვაგონდები.,33,811,False
ganm_5424,მვედრებდეს,შემვედრებს.,33,812,False
ganm_5425,გულ-მხურვალები,გულმხურვალე.,33,812,False
ganm_5426,დამხსნას ხორცსა და სოფელსა,განმათავისუფლოს ხორცისაგან და ამ ქვეყნისაგან.,33,812,True
ganm_5427,სხვად,სხვა მხრივ.,33,812,False
ganm_5428,ნურას შევიცვალები,"ნურაფრით შევიცვლები, ნუ შევიცვლები.",33,812,True
ganm_5429,კვლა,აგრეთვე.,33,812,False
ganm_5430,ნუმცა მწვავს,ნუ დამწვავს.,33,812,True
ganm_5431,მკვიდრი,კუთვნილი.,33,812,False
ganm_5432,მუნ,იქ.,33,812,False
ganm_5433,სასურვალები,სასურველი.,33,812,False
ganm_5434,დამხსნას ბნელსა,"მიხსნას ბნელისაგან, განმათავისუფლოს სიბნელიდან.",33,813,True
ganm_5435,ზესთა ზენისა,ცისა.,33,813,True
ganm_5436,მუნ,იქ.,33,813,False
ganm_5437,დამიუნჯოს,"შემინახოს, ადგილი მომცეს.",33,813,False
ganm_5438,ძეს,"ძევს, არის.",33,813,False
ganm_5439,ლხენისა,"დაამების, მორჩენის.",33,813,False
ganm_5440,მღილთა,"მწერებს. ტაეპის აზრია: მარადიულ ნათელში დამამკვიდროს, რათა წუთისოფლის წვრილმანი ზრუნვა ვერ შემეხოს.",33,813,False
ganm_5441,ფრთენი,ფრთები.,33,813,False
ganm_5442,ძალი,ძალა.,33,813,False
ganm_5443,აღმაფრენისა,ზეცისაკენ სწრაფვისა.,33,813,False
ganm_5444,არ ვარგიყოს,არ ვარგოდეს.,33,814,True
ganm_5445,საჭურჭლესა,"სიმდიდრის საცავში, საგანძურში.",33,814,False
ganm_5446,ხანაგა,სამადლო თავშესაფარი დავრდომილთა და უცხოთათვის.,33,814,False
ganm_5447,ნურა,ნურაფერი.,33,814,False
ganm_5448,წასაგებლად,დასახარჯავად.,33,814,False
ganm_5449,შენგან კიდე,შენს გარდა.,33,814,True
ganm_5450,მივის,მყავს.,33,814,False
ganm_5451,დამავსებლად,ჩამქრობად.,33,814,False
ganm_5452,გეცნევის,"გეცნობება, მოგივა.",33,815,False
ganm_5453,ამად,ამიტომ.,33,815,False
ganm_5454,გვედრებ,"გაბარებ, გავედრებ.",33,815,False
ganm_5455,წიგნი,წერილი.,33,815,False
ganm_5456,გკადრებს,"გეტყვის, მოგახსენებს. აქ: გაგაგებინებს.",33,815,False
ganm_5457,არ გეთნევის,"თქვენი თნევა, თქვენი ამება და პირში ფერება აქ არ შეიძლება.",33,815,True
ganm_5458,არას,არაფერს.,33,815,False
ganm_5460,შემინდევ,"შემინდე, მაპატიე (გაპარვა).",33,815,False
ganm_5461,რაღა გარდმეხდევის,რაღა შეიძლება გადამახდევინო? რაღა პასუხი მომეთხოვება?,33,815,True
ganm_5462,გვედრებ,"გავედრებ. მონასა. იგულისხმება: ყმას, ვასალს (და არა “მონას” სიტყვის დღევანდელი აზრით).",33,816,False
ganm_5463,ნაკად,ჭარბად.,33,816,False
ganm_5464,ჭირი,"უბედურება, გასაჭირი.",33,816,False
ganm_5465,სამისოდ,"თავის წილად, თავისთვის.",33,816,False
ganm_5466,ნუგეშინის-ეც,"ანუგეშე, ნუგეში მიეცი!",33,816,False
ganm_5467,დაადინებ,დაადენ.,33,816,False
ganm_5468,გასრულდა,"დასრულდა, დამთავრდა.",33,817,False
ganm_5469,გულითა ხელითა,გახელებული გულით.,33,817,True
ganm_5470,ნუ სჭმუნავთ,მწუხარებაში ნუ ხართ. მეფენი. იგულისხმება: როსტევანი და თინათინი.,33,817,True
ganm_5471,სუფევითმცა ხართ,"გამარჯვებით, დიდებით იყავით! დაე, ჰსუფევდეთ, მეფობდეთ!",33,817,True
ganm_5472,საკრძალველით,"მოსარიდებლით, პატივსაცემით, საშიშარით.",33,817,False
ganm_5473,რა გაათავა წერითა,წერა რომ დაამთავრა.,33,818,True
ganm_5474,ჰკადრეო,აქ: მიართვიო.,33,818,False
ganm_5475,მეცნიერი,მცოდნე.,33,818,False
ganm_5478,ილოცავს,ლოცულობს.,34,819,False
ganm_5479,იტყვის,ამბობს.,34,819,False
ganm_5480,მაღალო,ღმერთო.,34,819,False
ganm_5481,ხმელთა,ხმელეთისა.,34,819,False
ganm_5482,პატიჟთა,პატიჟი - ტანჯვა.,34,819,False
ganm_5483,კეთილთა,"აქ: ამქვეყნიური სიკეთე: ბედნიერება, სიმდიდრე, ჯანმრთელობა და ა. შ.",34,819,False
ganm_5485,უცნაურო,შეუცნობელო.,34,819,False
ganm_5486,უთქმელო,გამოუთქმელო.,34,819,False
ganm_5487,უფალო,"პატრონო, მთავარო, ხელმწიფეო.",34,819,False
ganm_5488,უფლება,"ხელმწიფობა, მთავრობა, საბრძანებელი. უფალო უფლებათაო. იგულისხმება: ზეციურ ხელმწიფეთა ხელმწიფევ, ზეციურ მთავრობათა მთავარო. “უფლებანი” ანგელოზთა ერთ-ერთი თანრიგია.",34,819,False
ganm_5489,დათმობა,მოთმენა.,34,819,False
ganm_5490,სურვილთა,"სურვილების, ვნებების, სწრაფვების.",34,819,False
ganm_5491,მფლობელო,"წარმმართველო, ბატონო, განმგებელო.",34,819,False
ganm_5492,გულისთქმა,"გრძნობა, ვნებათაღელვა.",34,819,False
ganm_5493,გეაჯები,გევედრები.,34,820,False
ganm_5494,რომელი,"რომელიც, ვინც.",34,820,False
ganm_5495,ჰფლობ,"აქ: პატრონობ, ხელმწიფობ.",34,820,False
ganm_5496,ქვენათ ზესა,"(ყოველივე) ქვემოდან ზეითამდე, ქვესკნელიდან უმაღლეს ცამდე.",34,820,True
ganm_5497,დაჰბადე,"შეჰქმენი, გააჩინე.",34,820,False
ganm_5498,სოფელმან,"წუთისოფელმა, ცხოვრებამ.",34,820,False
ganm_5499,უკეთესსა ჩემსა მზესა,ჩემს საუკეთესო მზეს (იგულისხმება თინათინი).,34,820,True
ganm_5500,ამოჰფხვრი,"ამოთხრი, ამოძირკვავ, ფესვიანად ამოიღებ. მისგან ჩემთვის დანათესსა. შესაძლოა ორგვარი გაგება: 1. თინათინისგან ჩემ გულში დათესილს, 2. თინათინისგან თავის გულში დათესილს (ჩემდამი).",34,820,False
ganm_5501,მივის,მყავს.,34,821,False
ganm_5502,შენგან კიდე,"შენს გარდა, შენს იქით.",34,821,True
ganm_5503,ვითხოვ,ვთხოულობ.,34,821,False
ganm_5504,შეწევნასა,"შველას, შემწეობას.",34,821,False
ganm_5505,რაზომსაცა გზასა ვვლიდე,"რამდენ გზაზეც ვივლი, რომელ გზაზეც უნდა მივდიოდე, რა გზაც უნდა გავიარო.",34,821,True
ganm_5506,მტერთა ძლევა,"პოეტური ლიცენციაა. ნიშნავს: “მტერთაგან ძლევა”, მტრებისაგან დამარცხება. შესაძლოა სხვა გაგებაც: ძლევა - ძლიერება, ძალა.",34,821,True
ganm_5507,მავნე,"ეშმაკი, ბოროტი სული.",34,821,False
ganm_5508,განმარიდე,"მომაცილე, მომარიდე.",34,821,False
ganm_5509,თუღა დავრჩე,თუ ცოცხალი ვიქნები.,34,821,True
ganm_5510,გმსახურებდე,გემსახურები.,34,821,False
ganm_5511,შენდა მსხვრეპლსა შევწირვიდე,შენ მსხვერპლს შეგწირავ ხოლმე (იგულისხმება ე.წ. “უსისხლო მსხვერპლის შეწირვა” ანუ ლოცვა).,34,821,True
ganm_5512,რა ილოცა,რომ ილოცა.,34,822,True
ganm_5513,მალვით,ფარულად.,34,822,False
ganm_5514,კარნი,იგულისხმება: ქალაქის შემკვრელი გალავნის კარი.,34,822,False
ganm_5515,დააბრუნვა,დააბრუნა.,34,822,False
ganm_5516,ღარნა,ღარა.,34,822,False
ganm_5517,ვერა-მჭვრეტმან,ვერმხედველმა.,34,822,False
ganm_5518,რამცა გაიხარნა,რას გაიხარებს? როგორ გაიხაროს!,34,822,True
ganm_5520,აწ,ახლა.,35,823,False
ganm_5521,დავიწყო,დავიწყებ.,35,823,False
ganm_5523,დარბაზობა,"მიღება, სამეფო დარბაზში გამოსვლა ქვეშევრდომებთან და უცხოებთან სასაუბროდ.",35,823,False
ganm_5524,მას დღე,იმ დღეს.,35,823,True
ganm_5525,რა გათენდა,რომ გათენდა.,35,823,True
ganm_5526,ქუში,"მოღუშული, უგუნებო.",35,823,False
ganm_5527,"ჰგავს, თუ ადენს პირით ალსა","გეგონება, პირიდან ცეცხლს ყრის.",35,823,True
ganm_5528,მიიყვანდეს,მიჰყავდათ. აქ: მიიყვანეს.,35,823,False
ganm_5529,მკრთალსა,"შემკრთალს, ათრთოლებულს.",35,823,False
ganm_5531,შემოსრული,შემოსული.,35,824,False
ganm_5532,არა მახსოვს,არაფერი მახსოვს.,35,824,True
ganm_5534,აზომ,ასე.,35,824,False
ganm_5535,რომე,რომ.,35,824,False
ganm_5536,გაგათრივე,"შეურაცხგყავი, გამოგლანძღე.",35,824,False
ganm_5537,თუღა გახსოვს,თუ გახსოვს კიდევ? ხომ არ გახსოვს?,35,825,True
ganm_5538,ისრე,ისე.,35,825,False
ganm_5539,ავად რად გაგხადე,"ცუდ კაცად რად გამოგიყვანე. ან: ცუდად რად მოგექეცი, ცუდ დღეში რად ჩაგაგდე.",35,825,True
ganm_5540,მართლად,"სწორად, სამართლიანად.",35,825,False
ganm_5541,მეცნიერთა,მცოდნე ხალხს.,35,825,False
ganm_5542,ესეგვარსა,ასეთ რამეს.,35,825,False
ganm_5543,ნუოდეს,ნურასოდეს.,35,825,False
ganm_5544,იქმ,იზამ.,35,825,False
ganm_5545,ხოლე,ხოლმე (?).,35,825,False
ganm_5546,გაიცადე,"დაინახე, განჭვრიტე. ტაეპის აზრია: საქმე წინასწარ შეაფასე ხოლმე, ასეთ დაუფიქრებელ სიტყვას ნუღა მეტყვი.",35,825,False
ganm_5547,იტყოდი,ამბობდი.,35,825,False
ganm_5548,გააკვლადე,გაიმეორე.,35,825,False
ganm_5552,კვლა,მომავალში.,35,826,False
ganm_5550,უშმაგო,"არაშმაგი, ჭკუათამყოფი.",35,826,False
ganm_5551,ვარმცა,ვიყო! ლევი ებრაული სახელია (იხ. კომენტარი).,35,826,False
ganm_5552,კვლა,მომავალში.,35,826,False
ganm_5553,ნუ მასმენ,ნუ გამაგონებ.,35,826,True
ganm_5554,თვარა,თორემ.,35,826,False
ganm_5555,სრულად გელევი,"სულ შეგელევი, ხელს აგაღებ.",35,826,True
ganm_5556,რა გამოვიდა,რომ გამოვიდა.,35,827,True
ganm_5562,მან,ლაპარაკია ვაზირზე.,35,827,False
ganm_5557,პოვნა,იპოვა.,35,827,False
ganm_5558,მინა,"მინანქარი. მეტაფორულად აღნიშნავს მშვენიერ ადამიანს, აქ - ავთანდილს.",35,827,False
ganm_5559,უთხრობდეს,"ეუბნებოდნენ, უამბობდნენ.",35,827,False
ganm_5561,მდინანი,მდენელნი.,35,827,False
ganm_5562,მან,ლაპარაკია ვაზირზე.,35,827,False
ganm_5563,დარბაზს,"კარზე, სამეფო დარბაზში.",35,827,False
ganm_5564,მახსოვან,მახსოვს.,35,827,False
ganm_5565,ვინცაღა,ვინც.,35,827,False
ganm_5566,ჰკადრებს,"ეტყვის, შეჰბედავს.",35,827,False
ganm_5562,მან,ლაპარაკია ვაზირზე.,35,827,False
ganm_5567,მასცა,იმასაც.,35,827,False
ganm_5568,ვინანი,ვნანობ.,35,827,False
ganm_5570,კვლა,ისევ.,35,828,False
ganm_5576,ავნის,ავნებდა და დაამარცხებდა ხოლმე.,35,828,False
ganm_5575,ვინ,ვინც.,35,828,False
ganm_5576,ავნის,ავნებდა და დაამარცხებდა ხოლმე.,35,828,False
ganm_5572,ჭმუნვა,მწუხარება.,35,828,False
ganm_5573,გაათ ავნის,"თავნად გახადა. აზრი შემდეგია: ჭმუნვა აქამდის რაც ჰქონდა, აქცია თავნად, რომელსაც ვახშად კიდევ და კიდევ ახალი ჭმუნვა დაერთო. შესაძლოა სხვა გაგებაც: შეასრულა, შეავსო, უკანასკნელ ზომამდე გაამძაფრა (ალ. ჭინჭარაული).",35,828,True
ganm_5576,ავნის,ავნებდა და დაამარცხებდა ხოლმე.,35,828,False
ganm_5574,უცილოდ,"უთუოდ, ნამდვილად.",35,828,False
ganm_5575,ვინ,ვინც.,35,828,False
ganm_5576,ავნის,ავნებდა და დაამარცხებდა ხოლმე.,35,828,False
ganm_5577,თავ-დადრეკით,თავდახრით.,35,829,False
ganm_5578,იგონებდა,"იაზრებდა, ფიქრობდა.",35,829,False
ganm_5579,ჭმუნვა,მწუხარება.,35,829,False
ganm_5580,უში ქმნა,მძიმედ ამოიოხრა.,35,829,True
ganm_5581,აიხედნა,"აიხედა, წამოიხედა.",35,829,False
ganm_5582,უბრძანებდა,უბრძანა.,35,829,False
ganm_5583,აწ,ახლა.,35,829,False
ganm_5584,იგი ფლიდი,ის ფლიდი (ლაპარაკია ვაზირზე).,35,829,True
ganm_5586,ჰკრთა,"გაუქრა, წაუვიდა.",35,829,False
ganm_5587,კვლა,ისევ.,35,830,False
ganm_5588,შევა,შედის.,35,830,False
ganm_5589,დარბაზს,"აქ: სამეფო დარბაზში, მეფესთან.",35,830,False
ganm_5590,დაღრეჯით,მოწყენით.,35,830,False
ganm_5597,რულად,"როგორ, რანაირად.",35,830,False
ganm_5591,წასრულა,წასულა.,35,830,False
ganm_5592,მზე,(ლაპარაკია ავთანდილზე).,35,830,False
ganm_5593,დაუდგრომლად,"დაუდგომლად, შეუჩერებლად.",35,830,False
ganm_5594,მთვა რულად,მთვარესავით.,35,830,True
ganm_5597,რულად,"როგორ, რანაირად.",35,830,False
ganm_5595,ყველაი,ყველაფერი.,35,830,False
ganm_5596,ვით,როგორ.,35,830,False
ganm_5597,რულად,"როგორ, რანაირად.",35,830,False
ganm_5592,მზე,(ლაპარაკია ავთანდილზე).,35,830,False
ganm_5592,მზე,(ლაპარაკია ავთანდილზე).,35,830,False
ganm_5597,რულად,"როგორ, რანაირად.",35,830,False
ganm_5599,დაიზახნა,დაიძახა.,35,831,False
ganm_5600,გნახვენ,გნახავენ.,35,831,False
ganm_5601,თვალნი რეტნი,"გარეტებული, დარდისგან ხედვადაკარგული თვალები.",35,831,True
ganm_5602,პირსა ხოჭით,"პირის ხოკვით, ფხაჭნით.",35,831,True
ganm_5603,წვერსა გლეჯით,წვერის გლეჯით.,35,831,True
ganm_5604,მჭვრეტნი,შემხედველნი.,35,831,False
ganm_5605,წაჰხე,წახვედი.,35,831,False
ganm_5606,ეგე,ეგ.,35,831,False
ganm_5607,"“თუ თავი შენი შენ გახლავს, ღარიბად არ იხსენები","ტაეპის აზრია: შენ, ავთანდილი, იმდენად სრულყოფილი და კარგი ხარ, რომ მარტო შენი თავის ყოლითაც მდიდრად ჩაითვლები.",35,832,True
ganm_5608,მაგრა,მაგრამ.,35,832,False
ganm_5610,აწ სახლად მმართებს სენები,"ახლა სახლის მაგიერ სენებში უნდა ვცხოვრობდე, გაუბედურებული.",35,832,True
ganm_5611,გამაღარიბე,"აქ: დამაობლე, გამამარტოვე, უთვისო და უახლობლო გამხადე.",35,832,False
ganm_5612,დამაგდე,დამტოვე.,35,832,False
ganm_5614,შენად შეყრამდის,შენ ნახვამდე.,35,832,True
ganm_5616,ოდეს,როდის.,35,833,False
ganm_5617,ნადირობით,ნადირობიდან.,35,833,False
ganm_5618,შემოსრულსა,"შემოსულს (შინ), დაბრუნებულს.",35,833,False
ganm_5619,გიჭვრეტ,"შეგხედავ, გიყურებ.",35,833,False
ganm_5622,ჯავარ-სრულსა,ძვირფასი თვლებისებრი ბრწყინვალებით სავსეს.,35,833,False
ganm_5624,აწ,ახლა.,35,833,False
ganm_5626,სრა,სასახლე.,35,833,False
ganm_5628,დია,ბევრი.,35,834,False
ganm_5630,დაგარჩენს,"შეგინახავს, გარჩენს.",35,834,False
ganm_5631,ნუთუ,"იქნებ, ეგებ.",35,834,False
ganm_5632,კვლა,"მამავალში. ტაეპის აზრია: ეგებ მერე ღმერთმა გადმოგვხედოს, შენს მიზანს ეწიო.",35,834,False
ganm_5633,მაგრა,მაგრამ.,35,834,False
ganm_5634,ზარი,"გლოვა, მოთქმა.",35,835,False
ganm_5635,შემოკრბა,შეიკრიბა.,35,835,False
ganm_5637,ჯარია,"აქ: ერთმანეთის დასწრებაა, წყვეტაა. ტაეპის აზრია: ხასნი, შემოჯარულები, ერთიმეორეს ასწრებენ წვერის დაგლეჯას გლოვის ნიშნად.",35,835,False
ganm_5638,იცემს,ირტყამს.,35,835,False
ganm_5639,გვმართებს,"გვეკუთვნის, შეგვეფერება.",35,835,False
ganm_5642,მიგვიდრკა,აქ: მოგვშორდა.,35,835,False
ganm_5644,სულთქმით,ოხვრით.,35,836,False
ganm_5645,ვაწყინეთ,ვაწყენინეთ.,35,836,False
ganm_5646,შევსცოდეთ,დავუშავეთ.,35,836,False
ganm_5647,სპანი,"ჯარი, ჯარისკაცები.",35,836,False
ganm_5648,ვინმცაღა ვით დაგვიჭირნა,"ვინ როგორღა დაგვიჭერს? ტაეპის აზრია: ჯარს ვიღა დაიჭერს ხელში, მასში წესრიგს ვინ დაამყარებს?",35,836,True
ganm_5649,ყოვლნი,ყველანი.,35,837,False
ganm_5650,ტიროდეს,ტიროდნენ.,35,837,False
ganm_5651,მოსთქმიდეს,მოთქვამდნენ.,35,837,False
ganm_5652,დაწყნარდეს,დაწყნარდნენ.,35,837,False
ganm_5653,გვიანად,გვიან.,35,837,False
ganm_5654,ანუ,თუ.,35,837,False
ganm_5655,ჰკადრა,აქ: მიართვა.,35,837,False
ganm_5656,უჩნდა,"ეჩვენება, ესახებოდა.",35,837,False
ganm_5657,ზიანად,უბედურებად.,35,837,False
ganm_5658,საწოლს,საწოლ ოთახში.,35,838,False
ganm_5659,ვპოვე,ვიპოვე.,35,838,False
ganm_5660,ესე,ეს.,35,838,False
ganm_5661,დგეს,იდგნენ.,35,838,False
ganm_5662,დაეგლიჯა,დაეგლიჯათ.,35,838,False
ganm_5663,ყმა,აქ: ახალგაზრდა.,35,838,False
ganm_5664,არ ახლავს,თან არ ჰყავს.,35,838,True
ganm_5665,მემართლებით,ჩემთან მართალი იქნებით.,35,838,False
ganm_5666,სიცოცხლე მჭირს შეუფერი,"ცოცხლად ყოფნა არ შემეფერება, არ დამიმსახურებია.",35,838,True
ganm_5668,კვლა,"კიდევ, ისევ.",35,839,False
ganm_5669,ჩაიცმენ,ჩაიცვამენ.,35,839,False
ganm_5670,სპანი,აქ: ჯარისკაცები.,35,839,False
ganm_5671,ვამლოცველნეთ,ვალოცოთ.,35,839,False
ganm_5672,სხვანი,აქ: აგრეთვე.,35,839,False
ganm_5673,შევეწივნეთ,"შევეწიოთ, ვუშველოთ.",35,839,False
ganm_5674,ნუთუ,"იქნებ, ვინძლო.",35,839,False
ganm_5675,მისცნეს,მისცეს.,35,839,False
ganm_5677,მოეშორვოს,(რომ) მოჰშორდება.,36,840,False
ganm_5678,რა ეახლოს,რომ მიუახლოვდება.,36,840,True
ganm_5679,გაეყრების,გაჰშორდება.,36,840,False
ganm_5680,ვერ იახლებს,"არ მიიახლოებს, ახლოს არ გაიჩერებს.",36,840,True
ganm_5681,მაგრა,მაგრამ.,36,840,False
ganm_5682,ვერ-ჭვრეტა,ვერხედვა.,36,840,False
ganm_5683,აწყა,"ახლაღა, ახლა.",36,841,False
ganm_5684,მის ყმისა,იმ მოყმის (ავთანდალის).,36,841,True
ganm_5685,წამავლობასა,წასვლას.,36,841,False
ganm_5686,მივა,მიდის.,36,841,False
ganm_5687,მცრობასა,სიმცირეს.,36,841,False
ganm_5688,წამ-წამ,წამდაუწუმ.,36,841,False
ganm_5689,მობრუნდის,"მობრუნდებოდა ხოლმე, უკან იხედებოდა.",36,841,False
ganm_5690,იაჯდის,ითხოვდა (იგულისხმება: ღმერთისგან).,36,841,False
ganm_5691,მისთვის,"თავისთვის. ტაეპის აზრია: ევედრებოდა ღმერთს, რომ მზე მისთვის მზედვე ყოფილიყო.",36,841,False
ganm_5692,უჭვრეტდის,უცქერდა.,36,841,False
ganm_5693,თვალნი ვერ მოჰხსნნის,თვალს ვერ აცილებდა.,36,841,True
ganm_5694,მიჰხდის ცნობასა,"გონებას კარგავდა, რეტი ესხმოდა (სიტყვა-სიტყვით: “გონებაზე გადადიოდა”).",36,841,True
ganm_5695,რა მიეახლის დაბნედად,"დაბნედას რომ მიუახლოვდებოდა ხოლმე; როცა, ლამის, გული წაჰსვლოდა ხოლმე.",36,842,True
ganm_5696,ვერ ხელ-ყვის გაძრვად ენისად,"ენის დაძვრას ვერ ახერხებდა, ენის დაძვრა არ შეეძლო ხოლმე.",36,842,True
ganm_5697,მაგრა,მაგრამ.,36,842,False
ganm_5699,დაბრუნდის,"შემოტრიალდებოდა ხოლმე (იგულისხმება, როგორც ჩანს: მოიხედავდა ხოლმე განვლილი გზისკენ).",36,842,False
ganm_5700,ღონე,"1. ღონე, 2. საშუალება.",36,842,False
ganm_5703,რა გაემართის,(ისევ) რომ პირდაპირ წავიდოდა ხოლმე.,36,842,True
ganm_5704,არ იცის,არ იცოდა ხოლმე.,36,842,True
ganm_5705,არბევდის,ატარებდა.,36,842,False
ganm_5706,ჩემო,ლაპარაკია თინათინზე.,36,843,False
ganm_5707,შენი შორს მყოფი,შენგან შორს მყოფი.,36,843,True
ganm_5708,კრულია,წყეულია.,36,843,False
ganm_5709,დაყმუნდეს,"მოეშვას; დამშვიდდეს, დადუმდეს, მდგომარეობას შეურიგდეს. ტაეპის აზრია: ის რა კაცია, ვინც შენს სიშორეს შეურიგდება!",36,843,False
ganm_5710,გონება,ფიქრი.,36,843,False
ganm_5711,დაბრუნდეს,"შემობრუნდება. ტაეპის აზრია: რადგან ფიქრის საგანი შენ ხარ, გრძნობაც სულ შენკენ იქნება მიმართული, გულს სულ შენ ეხსომები.",36,843,False
ganm_5712,სწადდეს და უნდეს,"ენდომება, წადილად ექნება.",36,843,True
ganm_5713,საყვარელსა,სატრფოს.,36,843,False
ganm_5714,მოყვარე,"აქ: თაყვანისმცემელი, მოყვარული.",36,843,False
ganm_5715,დაუძაბუნდეს,"გაუგულჩვილდეს, მოულბეს; გრძნობას აჰყვეს.",36,843,False
ganm_5716,შენად შეყრამდის,"შენ ნახვამდე, შენ შეხვედრამდე.",36,844,True
ganm_5717,ვეჭვდე,მოველოდე.,36,844,False
ganm_5720,მაგრა,მაგრამ.,36,844,False
ganm_5721,გაწყენ ჩემისა არ-სიცოცხლისა სმენასა,დაგაღონებ ჩემი ცოცხლად არყოფნის გაგებით.,36,844,True
ganm_5722,მივსცნე,მივცე.,36,844,False
ganm_5723,იტყვის,ამბობს.,36,845,False
ganm_5724,ხატად,"სახედ, მსგავსად, მატერიალურ განსახიერებად.",36,845,False
ganm_5725,გთქვეს,"გცნეს, გაღიარეს, მიგიჩნიეს. მზიანისა ღამისად. იგულისხმება: ღმრთისად.",36,845,False
ganm_5726,ერთარსებისა ერთისა,იგულისხმება: ღმერთისა.,36,845,True
ganm_5727,მის უჟამოსა,"იმ უჟამოსი, უდროოსი, დროზე მაღლა მდგომისა (იგულისხმება: ღმერთისა).",36,845,True
ganm_5728,ჟამისად,"ჟამისთვის, ჟამის წინაშე ანუ დროში არსებული სამყაროს წინაშე.",36,845,False
ganm_5729,გმორჩილებენ,გემორჩილებიან.,36,845,False
ganm_5730,ციერნი,"იგულისხმება: ციური სხეულები. ერთის იოტის წამისად. აზრია: წამის სიზუსტით, ზედმიწევნით, სავსებით.",36,845,False
ganm_5731,მიქცევ,შემიცვლი.,36,845,False
ganm_5732,მიაჯე,"შემივედრე! ჩემი ხვეწნა, აჯა აასრულე!",36,845,False
ganm_5733,შეყრამდის ჩემად და მისად,ჩემი და იმის (თინათინის) შეხვედრამდის.,36,845,True
ganm_5734,ხატად ღმრთისად გიტყვიან,"ღმრთის სახეს, მსგავსებას გეძახიან.",36,846,True
ganm_5735,რა,რამე.,36,846,False
ganm_5737,სიახლე,სიახლოვე (იგულისხმება: თინათინისა).,36,846,False
ganm_5738,აწ,ახლა.,36,846,False
ganm_5739,ვინანი,ვნანობ.,36,846,False
ganm_5746,მას,იგულისხმება: თინათინს.,36,847,False
ganm_5740,მოსთქმიდის,მოსთქვამდა.,36,847,False
ganm_5741,ვითა,როგორც.,36,847,False
ganm_5742,ისწრაფდის,"ისწრაფოდა, ჩქარობდა.",36,847,False
ganm_5743,იარებოდის,იარებოდა.,36,847,False
ganm_5744,რა შეუღამდის,რომ შეუღამდებოდა ხოლმე.,36,847,True
ganm_5745,ეამებოდის,ჰსიამოვნებდა.,36,847,False
ganm_5746,მას,იგულისხმება: თინათინს.,36,847,False
ganm_5747,ილხენდის,უხაროდა ხოლმე.,36,847,False
ganm_5748,უჭვრეტდის,უცქერდა.,36,847,False
ganm_5749,ეუბნებოდის,ელაპარაკებოდა.,36,847,False
ganm_5750,ეტყვის,ეუბნება.,36,848,False
ganm_5751,მიჯნურთა,მიჯნურთათვის.,36,848,False
ganm_5752,სენისა,"სნეულების, ავადმყოფობის.",36,848,False
ganm_5753,მისისა,"იგულისხმება: მიჯნურობის სენის. მოთმინებისა თმენისა. ერთი და იგივე ცნება გამეორებულია ორჯერ ხაზგასმის, აქცენტირების მიზნით. ტაეპის აზრია: მთვარეს აქვს წამალი, რომელიც სიყვარულის ჭირთა თმენის უნარს გვაძლევს.",36,848,False
ganm_5754,მიაჯე,მითხოვე.,36,848,False
ganm_5755,შეყრა,"შეხვედრა, ისევ ნახვა.",36,848,False
ganm_5756,შენ გამო,შენი წყალობით.,36,848,True
ganm_5757,მშვენი,"ლამაზი, მშვენიერი.",36,848,False
ganm_5758,ალხენდის,"ამხიარულებდა, შვებას აძლევდა, გულისტკივილს უამებდა.",36,849,False
ganm_5759,სჯიდის,ტანჯავდა.,36,849,False
ganm_5761,გარდახდის,ჩამოქვეითდებოდა ხოლმე.,36,849,False
ganm_5762,უჭვრეტდის,უცქერდა ხოლმე.,36,849,False
ganm_5763,თანა-ჰრთვიდის,უერთებდა ხოლმე.,36,849,False
ganm_5764,კვლა,ისევ.,36,849,False
ganm_5765,გაემართის,წავიდოდა ხოლმე.,36,849,False
ganm_5766,ისწრაფდის,"ჩქარობდა, ისწრაფოდა.",36,849,False
ganm_5767,წავლასა,გავლას.,36,849,False
ganm_5768,მისვე გზისასა,იმავე გზისას.,36,849,True
ganm_5769,ტანად ალვისა ხიანი,ტანად ალვის ხის მსგავსი.,36,850,True
ganm_5770,მოკლის,მოკლავდა ხოლმე.,36,850,False
ganm_5771,დაჰხვდის,შეჰხვდებოდა ხოლმე.,36,850,False
ganm_5772,"შეწვის, ჭამის და წავიდის","შეწვავდა, ჭამდა და წავიდოდა ხოლმე.",36,850,True
ganm_5773,მარიხი,"მარსი, რომაელთა ომის ღმერთი. აქ: პლანეტა მარსი, ომის მომვლინებლად და მფარველად მიჩნეული.",36,850,False
ganm_5775,დავყარენ,დავტოვე.,36,850,False
ganm_5777,ვაგლახ,ვაი (მწუხარების გამომხატველი შორისდებული).,36,850,False
ganm_5778,მის ყმისა,იმ მოყმის (ავთანდილის).,36,851,True
ganm_5779,ნაუბარსა,ნალაპარაკევს.,36,851,False
ganm_5780,მიუბნობდის,სიარულში რომ ამბობდა.,36,851,False
ganm_5781,რას ტურფასა,რა მშვენიერ სიტყვებს.,36,851,True
ganm_5782,რაზომ გვარსა,"რამდენნაირს, რანაირს, როგორს.",36,851,True
ganm_5783,გაეწითლის,გაეწითლებინა.,36,851,False
ganm_5784,ვარდსა,ლოყის აღმნიშვნელი მეტაფორაა.,36,851,False
ganm_5785,ბრჭკლითა,აქ: ფრჩხილით.,36,851,False
ganm_5786,ნახოკარსა,ჩამოხოკილს.,36,851,False
ganm_5787,ქვაბნი,გამოქვაბულები.,36,851,False
ganm_5788,გაეხარნეს,გაუხარდა.,36,851,False
ganm_5789,ზე გავიდა,"გავიდა, ზედ მიადგა.",36,851,True
ganm_5791,სწვთების,ჩამოსდის წვეთებად.,36,852,False
ganm_5792,ვით,როგორ.,36,852,False
ganm_5793,მიჰხვდების,"შეჰხვდება, ეწევა. ტაეპის აზრია: როგორც ასმათს ეს ეამა, ასეთ სიხარულს სხვას ვეღარ ეღირსება.",36,852,False
ganm_5794,გარდახდა,ჩამოქვეითდა.,36,852,False
ganm_5795,აკოცებს,ჰკოცნის.,36,852,False
ganm_5796,ეუბნების,ელაპარაკება.,36,852,False
ganm_5797,დია,ძალიან.,36,852,False
ganm_5798,ყმა,მოყმე (ავთანდილი).,36,853,False
ganm_5799,ეტყვის,ეუბნება.,36,853,False
ganm_5800,პატრონი,"ბატონი, ხელმწიფე (ლაპარაკია ტარიელზე).",36,853,False
ganm_5801,ნეტარ,ნეტავ.,36,853,False
ganm_5802,ვითა,როგორ.,36,853,False
ganm_5807,ვითა,"როგორც. აქ: თითქოს, როგორც ჩანს.",36,853,False
ganm_5802,ვითა,როგორ.,36,853,False
ganm_5807,ვითა,"როგორც. აქ: თითქოს, როგორც ჩანს.",36,853,False
ganm_5803,იტყვის,ამბობს.,36,853,False
ganm_5804,რა წახვე,რომ წახვედი.,36,853,True
ganm_5805,ქვაბს ყოფა,გამოქვაბულში ყოფნა.,36,853,True
ganm_5806,მისჭირდა,"გაუჭირდა, გაუძნელდა.",36,853,False
ganm_5802,ვითა,როგორ.,36,853,False
ganm_5807,ვითა,"როგორც. აქ: თითქოს, როგორც ჩანს.",36,853,False
ganm_5808,არა,არაფერი.,36,853,False
ganm_5802,ვითა,როგორ.,36,853,False
ganm_5807,ვითა,"როგორც. აქ: თითქოს, როგორც ჩანს.",36,853,False
ganm_5811,დაჭმუნდა,დამწუხრდა.,36,854,False
ganm_5812,ვით ამც,"ვითომც, თითქოს.",36,854,True
ganm_5817,ვით,როგორ.,36,854,False
ganm_5813,გულსა შუა,გულში.,36,854,True
ganm_5814,ეტყვის,ეუბნება.,36,854,False
ganm_5815,ეგეთიმცა კაცი ნუა,კაცი ეგეთი ნუ იქნება!,36,854,True
ganm_5816,იგი ფიცი,ის ფიცი.,36,854,True
ganm_5817,ვით,როგორ.,36,854,False
ganm_5818,არ ვეცრუე,"არ მოვატყუე, სიტყვა შევუნახე.",36,854,True
ganm_5817,ვით,როგორ.,36,854,False
ganm_5819,მეცრუა,სიტყვა გამიტეხა.,36,854,False
ganm_5820,ვერ იქმოდა,"(თუ) ვერ აკეთებდა, ვერ ასრულებდა.",36,854,True
ganm_5821,მიქადა,"შემპირდა, აღმითქვა.",36,854,False
ganm_5821,მიქადა,"შემპირდა, აღმითქვა.",36,854,False
ganm_5822,მიტყუა,"მიმტყუნა, სიტყვა გამიტეხა.",36,854,False
ganm_5823,სოფელს,"წუთისოფელში, ქვეყნად.",36,855,False
ganm_5824,ყოფა,ყოფნა.,36,855,False
ganm_5825,რათგან,"აქ: რაკიღა; მაშინ, როცა. ა და ბ ტაეპთა აზრია: მე რომ უმისოდ სიცოცხლე არ მინდოდა, იმან რად დამაღალატა?",36,855,False
ganm_5826,დავვიწყდი,დავავიწყდი.,36,855,False
ganm_5827,მივსცილდი,"დავავიწყდი, გონებიდან ამოვუვარდი.",36,855,False
ganm_5828,რათ,რით.,36,855,False
ganm_5829,მისჭირდა,გაუჭირდა.,36,855,False
ganm_5830,ზენარისა,ფიცის.,36,855,False
ganm_5831,შეჰმართა,გაბედა.,36,855,False
ganm_5832,ვით,როგორ.,36,855,False
ganm_5833,გაპირდა,"გადაწყვიტა, თავს იდვა.",36,855,False
ganm_5834,მაგრა,მაგრამ.,36,855,False
ganm_5835,ავი,ცუდი.,36,855,False
ganm_5836,რამცა გამიკვირდა,რა (უნდა) გამიკვირდეს? რა გამიკვირდება? ტაეპის აზრია: ჩემი ბედისგან ცუდი რა გამიკვირდება?,36,855,True
ganm_5837,კვლა,შემდეგ. ან: ისევ.,36,856,False
ganm_5838,ეტყვის,ეუბნება.,36,856,False
ganm_5839,დამძიმება,"ბრალდება, დადანაშაულება.",36,856,False
ganm_5841,მაგრა,მაგრამ.,36,856,False
ganm_5843,მეჭვ,მოელი ჩემგან.,36,856,False
ganm_5844,რასაცა,რაიმეს.,36,856,False
ganm_5845,თნებასა,"მაამებლობას, პირფერობას, ჭეშმარიტების ან სამართლიანი მსჯავრის დამალვას.",36,856,False
ganm_5846,არ გული უნდა,"(განა) გული არ უნდა? (გული აქ გულისხმობს საღ გუნება-განწყობილებას, ყურადღებას, სულიერი ძალების მოკრების უნარს).",36,856,True
ganm_5847,პირისა,პირობის.,36,856,False
ganm_5848,გასრულებასა,შესრულებას.,36,856,False
ganm_5849,უგულო,"იგულისხმება: დარდისაგან სულიერად ძალაგამოცლილი, მოქმედების უნარწართმეული.",36,856,False
ganm_5850,ცნობა,გონება.,36,857,False
ganm_5851,გონება,ფიქრი. აქ: ფიქრის მიმართულება.,36,857,False
ganm_5852,ჰკიდიან,დამოკიდებულნი არიან.,36,857,False
ganm_5854,იგიცა,"იგულისხმება: იგინიც (ცნობა, გონება).",36,857,False
ganm_5855,მისკე,მისკენ.,36,857,False
ganm_5856,განაკიდიან,"პოეტური ლიცენციაა. ნიშნავს: “განაკიდია”, გაკიდეგანებულია, გაუცხოებულია. ა, ბ, გ ტაეპების აზრია: კაცს რომ გული, ე. ი. გუნება–განწყობილება, ხალისი წაუხდება, მისი გონებაც დუნდება და ფიქრიც მწუხარე აზრების მიმართულებით მიუდის. უგულო, ე.ი. სულიერად გატეხილ, მოდუნებულ კაცს სრულფასოვანი ცხოვრება ადამიანთა შორის აღარ შეუძლია (“ვერ კაცობს”). იგი ადამიანთაგან გარიყულია. შესაძლოა სხვა გაგებაც: განაკიდიან - გარიყავენ, გარეშედ მიიჩნევენ ხოლმე.",36,857,False
ganm_5857,გინახვან,გინახავს.,36,857,False
ganm_5858,რომე,რომ.,36,857,False
ganm_5859,სწვიდიან,სწვავდნენ.,36,857,False
ganm_5860,უმართლე,"უმართლესი, ცამდე მართალი.",36,858,False
ganm_5861,ემდურვი,ემდურები.,36,858,False
ganm_5862,შენ გაეყარე ძმობილსა,"იგულისხმება: გაეყარე, როგორც ძმობილს, ახლა კი ამ ძმობილმა დაგაღალატა.",36,858,True
ganm_5863,მაგრა,მაგრამ.,36,858,False
ganm_5864,ვით,როგორ.,36,858,False
ganm_5864,ვით,როგორ.,36,858,False
ganm_5864,ვით,როგორ.,36,858,False
ganm_5865,ცნობილსა,"გონზე მყოფს. იგულისხმება: შენ, გონზე მყოფი, მის სულისკვეთებას როგორ გაიგებ?",36,858,False
ganm_5866,დაშვრების,დაიღლება.,36,858,False
ganm_5867,შეელმის,ეტკინება.,36,858,False
ganm_5868,ლმობილსა,ნატკივარს; ან: მტკივანს. აზრი შემდეგია: შემატკივარ გულს მისი ტკივილი ეტკინება.,36,858,False
ganm_5869,მით,იმიტომ.,36,858,False
ganm_5870,ვაზრობ,"ვფიქრობ, ვიაზრებ, მესმის.",36,858,False
ganm_5871,უბედურსა შობილსა,"უბედურად დაბადებულს. ტაეპის აზრია: ამას იმიტომ ვფიქრობ, რომ მინახავს, ტარიელი რა დღეშია.",36,858,True
ganm_5872,ჯერთ,ჯერ.,36,859,False
ganm_5873,სასჯელი,ტანჯვა.,36,859,False
ganm_5874,ვის,ვისმე.,36,859,False
ganm_5873,სასჯელი,ტანჯვა.,36,859,False
ganm_5875,შესაძრწენია,შესაძრწუნებელია.,36,859,False
ganm_5876,დიჯლა,"მდ. ტიგროსი. აქ ნახსენებია, როგორც წყალუხვობის განსახიერება.",36,859,False
ganm_5877,კმარის,კმარა.,36,859,False
ganm_5878,რომე,რომ.,36,859,False
ganm_5879,თვით,"აქ: მეორე მხრივ, ხოლო.",36,859,False
ganm_5874,ვის,ვისმე.,36,859,False
ganm_5881,წამავალსა,მიმავალს.,36,860,False
ganm_5882,ვჰკითხევდი,"ვეკითხებოდი, ვკითხე.",36,860,False
ganm_5885,დებულსა,"დად მიღებულს, დობილს.",36,860,False
ganm_5883,მოვიდეს,(რომ) მოვა.,36,860,False
ganm_5884,დამვედრე,დამაბარე.,36,860,False
ganm_5885,დებულსა,"დად მიღებულს, დობილს.",36,860,False
ganm_5886,მო-ღა-მნახვიდეს,"მეძებოს. ნაწილაკი “ღა” ჩართულია ზმნასა და ზმნისწინს შორის. გაცუდებულსა. იგულისხმება: უსარგებლოს, ამხანაგად ვერგამომდგომს.",36,860,False
ganm_5885,დებულსა,"დად მიღებულს, დობილს.",36,860,False
ganm_5887,ამათ არ დავჰყრი არეთა,ამ მიდამოებს არ დავტოვებ.,36,860,True
ganm_5885,დებულსა,"დად მიღებულს, დობილს.",36,860,False
ganm_5889,მას ზენაარსა,იმ ფიცს.,36,861,True
ganm_5890,მას ფიცსა,იმ ფიცს.,36,861,True
ganm_5891,ვეცრუები,ვუმტყუნებ.,36,861,False
ganm_5892,მად პაემნამდის,"იმ პაემნამდის, შეხვედრამდის (ავთანდილთან).",36,861,True
ganm_5893,რაზომცა გამდის რუები,რაც უნდა (ცრემლის) რუები მდიოდეს.,36,861,True
ganm_5894,ვაგლახ,გლოვის გამომხატველი შორისდებულია.,36,861,False
ganm_5895,სათუები,"სათუო, საეჭვო.",36,861,False
ganm_5897,მას აქათ,"მას აქეთ, მას შემდეგ. ტაეპის აზრი, როგორც ჩანს, შემდეგია: მას აქეთ ჩემთვის დღე აღარ დგება, მზე აღარ ამოდის, ქედს ზემოთ ცაში აღარ იწევს.",36,862,True
ganm_5898,ოდენ,მხოლოდ.,36,862,False
ganm_5898,ოდენ,მხოლოდ.,36,862,False
ganm_5899,მოსალბედისა,მოსალბობის.,36,862,False
ganm_5900,მსჯის,მტანჯავს.,36,862,False
ganm_5901,ხელ-ქმნილსა,გახელებულს.,36,862,False
ganm_5903,ნაქმარი,"ქმნილი, საქმე.",36,862,False
ganm_5904,ესე,ეს.,36,863,False
ganm_5905,მართალი,"სწორი, ჭეშმარიტი.",36,863,False
ganm_5906,ჩინს,ჩინეთში.,36,863,False
ganm_5907,ვინ,ვინც.,36,863,False
ganm_5908,მოყვარესა,მეგობარს.,36,863,False
ganm_5910,ვის,ვისაც.,36,863,False
ganm_5909,ზაფრანი,ყვითელი პირისახის აღმნიშვნელი მეტაფორაა.,36,863,False
ganm_5910,ვის,ვისაც.,36,863,False
ganm_5911,წინას,წინათ.,36,863,False
ganm_5913,ჰგვანდის,ჰგავდა.,36,863,False
ganm_5914,ქმენ,ქმენი.,36,863,False
ganm_5915,ფერია,"შესაფერია, საკადრისია.",36,863,False
ganm_5916,უმართლე,სავსებით მართალი.,36,864,False
ganm_5917,არ მამართლო მდურვად მისად,"არ მამართლო მის მდურვაში, არ მომიწონო მისი მდურვა.",36,864,True
ganm_5918,მაგრა,მაგრამ.,36,864,False
ganm_5919,გაბრჭე,"განსაჯე, სამართალი გააჩინე!",36,864,False
ganm_5920,ტყვისად,"ტყვისთვის. ავთანდილი გულისხმობს, რომ თვითონაც, ტარიელივით, სიყვარულის ტყვეა, პატიმარია.",36,864,False
ganm_5921,სახლით ჩემით,ჩემი სახლიდან.,36,864,True
ganm_5922,ვით,როგორც.,36,864,False
ganm_5923,ძებნად,საძებრად.,36,864,False
ganm_5924,მას ვიგონებ,მასზე ვფიქრობ.,36,864,True
ganm_5925,ჰბურვენ,ფარავენ.,36,865,False
ganm_5926,ვერ ვეახელ,მასთან ახლოს ვერ დავრჩი (ლაპარაკია თინათინზე).,36,865,True
ganm_5927,"ვერ ვისურვენ, ვერ ვასურვენ",მისი ჩემდამი სურვილი ვერ გავახარე და ჩემი - მისდამი.,36,865,True
ganm_5928,ღმრთისა სწორნი,ლაპარაკია როსტევანზე. მრ. რიცხვი მოწიწების გამომხატველია.,36,865,True
ganm_5929,ნაცვლად,"სანაცვლოდ, სამაგიეროდ.",36,865,False
ganm_5930,შევაურვენ,"დავადარდიანე, დავამწუხრე.",36,865,False
ganm_5931,ცხოველი,"ცოცხალი. აქ: დღეგრძელი, (ღვთისაგან) გახარებული.",36,866,False
ganm_5932,მისი შემცოდე,მასთან დამნაშავე.,36,866,True
ganm_5933,აღარას,აღარაფერს.,36,866,False
ganm_5934,ესე,ეს.,36,867,False
ganm_5935,ყველაი,ყველაფერი.,36,867,False
ganm_5936,ასრე მჭირს,"ასე დამმართნია, ასეა ჩემს თავს.",36,867,True
ganm_5937,ბედითა მისითა,მის (ტარიელის) გამო.,36,867,True
ganm_5938,ვუტყუვე,ვუმტყუნე.,36,867,False
ganm_5939,მგზავრი,მოსიარულე.,36,867,False
ganm_5940,აწ,ახლა.,36,867,False
ganm_5941,სადმე,სადღაც.,36,867,False
ganm_5943,ცუდ-მაშვრალი,"ამაოდ გარჯილი, უსარგებლოდ დაღლილი.",36,867,False
ganm_5944,ქვე ვზი,ვზივარ.,36,867,True
ganm_5945,მქისითა,"მოწყენილით, გაუცინარით.",36,867,False
ganm_5946,მომცემს,იგულისხმება: მაცლის.,36,868,False
ganm_5947,ვინანი,ვნანობ.,36,868,False
ganm_5948,გარდასრულსა,წარსულს.,36,868,False
ganm_5950,ბრძენთა სიტყვა დავაღადრო,"(წარსულზე სინანულით)ბრძენთა რჩევას გავაწბილებდი, დავარღვევდი.",36,868,True
ganm_5951,ანუ,ან.,36,868,False
ganm_5952,მოვიადრო,"მოვიადრებ, დავაჩქარებ.",36,868,False
ganm_5953,თვარა,თორემ.,36,868,False
ganm_5954,თურე,თურმე.,36,868,False
ganm_5955,მიკვეთს,მიჭრის. იგულისხმება: ასე გადაუწყვეტია ჩემი მომავალი.,36,868,False
ganm_5956,ვჰკადრო,"ვუთხრა, შევბედო.",36,868,False
ganm_5957,აღარა,აღარაფერი.,36,869,False
ganm_5958,ქვაბი,გამოქვაბული.,36,869,False
ganm_5959,ჩავლო,ჩაიარა.,36,869,False
ganm_5960,გახდა,გავიდა.,36,869,False
ganm_5961,შამბი,ბუჩქნარი; ან: მაღალი უხეში ბალახი.,36,869,False
ganm_5962,ველს,ველზე.,36,869,False
ganm_5963,ველთა,ველებიდან.,36,869,False
ganm_5964,ლალის-ფერსა ვარდსა,მეტაფორა აღნიშნავს ავთანდილის ღაწვებს.,36,869,True
ganm_5965,უზრახვიდა,ჰსაყვედურობდა.,36,869,False
ganm_5966,არსთა მხედსა,"ყოველივე არსებულის, ყველა არსების მხედველს.",36,870,True
ganm_5967,გამყარე,"განმაშორე. მოყვარეთა. აქ ამ სიტყვაში იგულისხმება ორივე პიროვნება, ვისთანაც ავთანდილს სიყვარული აკავშირებს: სატრფოც და მეგობარიც.",36,870,False
ganm_5968,ორთა მგონებელი,"ორის მოაზრე, ორზე (თინათინზე და ტარიელზე) ფიქრით მოცული.",36,870,True
ganm_5970,ვარ საქმესა წარსაწყმედსა,დასაღუპავი საქმე მჭირს.,36,870,True
ganm_5971,მეწყალვის,"მებრალება, მენანება.",36,870,False
ganm_5972,ქედსა,"კისერს. აზრია: ჩემი სისხლი ჩემს კისერზე იყოს, ჩემ სინდისზე იყოს.",36,870,False
ganm_5973,მოყვარემან,მეგობარმა.,36,871,False
ganm_5974,სრული,აქ: შესრულებული.,36,871,False
ganm_5975,გამისრულა,შემისრულა.,36,871,False
ganm_5976,გარდასრულა,გათავებულა.,36,871,False
ganm_5977,გაკიცხულა,შერცხვენილა.,36,871,False
ganm_5978,გაბასრულა,აქ: გაწბილებულა.,36,871,False
ganm_5979,კვლა,კიდევ.,36,872,False
ganm_5980,იტყვის,ამბობს.,36,872,False
ganm_5981,ნავღელი,ნაღველი.,36,872,False
ganm_5982,რა მჭმუნვარებდეს,როცა მწუხარედაა.,36,872,True
ganm_5983,გამორჩევა,"აწონ-დაწონა, გაანგარიშება.",36,872,False
ganm_5984,დასაგვანისა,შესაფერის.,36,872,False
ganm_5985,აწ,ახლა.,36,872,False
ganm_5986,მის მზისა,იმ მზისა (ტარიელის).,36,872,True
ganm_5987,უზახის,უძახის.,36,873,False
ganm_5988,უყივის,უყვირის.,36,873,False
ganm_5989,მოვლო,მოიარა.,36,873,False
ganm_5990,შამბნარი,"ბუჩქნარი, ან: მაღალი უხეში ბალახით დაფარული ადგილი.",36,873,False
ganm_5991,მივა,მიდის.,36,873,False
ganm_5992,მჭმუნვარე,მწუხარე.,36,873,False
ganm_5993,ვერას ამბისა მცნეველი,ვერარა ამბის შემტყობი.,36,873,True
ganm_5994,იტყვის,ამბობს.,36,874,False
ganm_5995,ეგზომ,ასე.,36,874,False
ganm_5996,გაწყინე,"გაწყენინე, გაგარისხე.",36,874,False
ganm_5998,გამკითხველო,"შემწყალებელო, სამართლის გამჩენო.",36,874,False
ganm_5997,აჯა,ვედრება.,36,874,False
ganm_6150,მივიდოდა,მიდიოდა.,37,875,False
ganm_6151,მიუბნობდა,სიარულში ლაპარაკობდა.,37,875,False
ganm_6152,ქედსა რასმე,რაღაც ქედს.,37,875,True
ganm_6156,დგა,იდგა.,37,875,False
ganm_6153,აჩნდა,გამოჩნდა.,37,875,False
ganm_6154,შავი,. იგულისხმება: ცხენი.,37,875,False
ganm_6155,შამბთა,ბუჩქნარის. ან: მაღალბალახიანი ადგილის.,37,875,False
ganm_6156,დგა,იდგა.,37,875,False
ganm_6157,სადავე-უკუყრილი,კისერზე სადავეგადაგდებული.,37,875,False
ganm_6158,უცილოდ,"უთუოდ, ნამდვილად.",37,875,False
ganm_6159,ცილი,"აქ: ეჭვი, ცილობა.",37,875,False
ganm_6160,რა შეჰხედნა,რომ შეჰხედა.,37,876,True
ganm_6161,ყმასა,ლაპარაკია ავთანდილზე.,37,876,False
ganm_6162,გაუფეთქნა,"გაუფეთქა, სიხარულით თრთოლა დაუწყო.",37,876,False
ganm_6163,დაღრეჯილსა,დაღონებულს.,37,876,False
ganm_6165,ბროლი,კანისა,37,876,False
ganm_6167,ვით,როგორც.,37,876,False
ganm_6168,არ მოსცალდა ჭვრეტად მათდა,"ვერ მოიცალა მის (ტარიელის) შესახედად, თვალით მოსაძებნად. მოჰკრა თუ არა თვალი ცხენს, მაშინვე იქით გაეშურა. მრ. რიცხვი ტარიელისადმი მოწიწების გამომხატველია.",37,876,True
ganm_6169,რა ტარიელ დაინახა,ტარიელი რომ დაინახა.,37,877,True
ganm_6170,განაღამცა დაეღრიჯა,დიაღაც რომ დაღონება მოუხდა (ავთანდილს).,37,877,True
ganm_6171,ჯდა,იჯდა.,37,877,False
ganm_6172,პირი დაებღნიჯა,სახე დაეღმიჯა.,37,877,True
ganm_6173,გარდეხივნეს,გადაეხია.,37,877,False
ganm_6174,სრულად,სულ. გაეგლიჯა. იგულისხმება: ხელის ცემით დაეხეთქა. ან: თმა დაეგლიჯა.,37,877,False
ganm_6175,აღარა,აღარაფერი.,37,877,False
ganm_6176,შეესმოდა,ესმოდა.,37,877,False
ganm_6177,სოფლით გაღმა,"წუთისოფელს გაღმა, ცხოვრების გარეთ.",37,877,True
ganm_6178,ერთ-კერძ,ერთ მხარეს.,37,878,False
ganm_6179,უც,უძევს.,37,878,False
ganm_6181,გაფიცხებული,ცხარე. ან: გამალებული.,37,878,False
ganm_6182,მუნ,აქ: მაშინ.,37,878,False
ganm_6183,აგრე,ასე.,37,878,False
ganm_6184,მცხინვარე,მცხუნვარე.,37,878,False
ganm_6186,ახმა,აქ: ახელა.,37,879,False
ganm_6188,სრულად,სულ.,37,879,False
ganm_6189,ცნობა,გონება.,37,879,False
ganm_6191,მიახლებოდა,მიახლოებოდა.,37,879,False
ganm_6192,თმობასა,"მოთმინებას. აზრია: მოთმინების ძალა, გამძლეობა გამოჰლეოდა.",37,879,False
ganm_6193,ყმა,მოყმე. ლაპარაკია ავთანდილზე.,37,879,False
ganm_6194,სახელ-დებით უყივის,სახელით უძახის.,37,879,True
ganm_6195,ლამის,"ცდილობს, ლამობს.",37,879,False
ganm_6196,კრთობასა,"გამოფხიზლებას, გონზე მოყვანას.",37,879,False
ganm_6197,ასმინა,გააგონა.,37,879,False
ganm_6198,გარდიჭრა,"ცხენიდან გადაიჭრა, ჩამოხტა.",37,879,False
ganm_6199,გამოაჩენს,იჩენს.,37,879,False
ganm_6200,უწურავს,"უხოცავს, უწმენდს.",37,880,False
ganm_6201,თვალთა,თვალებზე.,37,880,False
ganm_6202,სა ხელსა,სახელოს.,37,880,True
ganm_6208,ხელსა,გახელებულს.,37,880,False
ganm_6203,უზახის,უძახის.,37,880,False
ganm_6204,სახელ-დებით,"სახელით, სახელის ხსენებით. უზახის მართ სახელ-დებით სახელსა. პოეტი აქ მიჰმართავს განმეორებას აზრის ხაზგასმის მიზნით.",37,880,False
ganm_6202,სა ხელსა,სახელოს.,37,880,True
ganm_6208,ხელსა,გახელებულს.,37,880,False
ganm_6205,ეტყვის,ეუბნება.,37,880,False
ganm_6206,მიცნობ,მცნობ.,37,880,False
ganm_6207,გაჭრილსა,"ველად გამოჭრილს, შინიდან გამოქცეულს.",37,880,False
ganm_6208,ხელსა,გახელებულს.,37,880,False
ganm_6209,არა,არაფერი.,37,880,False
ganm_6210,დია,ბევრი.,37,880,False
ganm_6212,რეტსა,"გარეტებულს, გაოგნებულს.",37,880,False
ganm_6208,ხელსა,გახელებულს.,37,880,False
ganm_6214,ესე ყველაი ასრეა,ეს ყველაფერი ასეა.,37,881,True
ganm_6215,აწ,ახლა.,37,881,False
ganm_6216,თხრობილა,თქმულა.,37,881,False
ganm_6217,ცოტად-რე,ცოტათი.,37,881,False
ganm_6218,მოაცნობილა,გონებაზე მოიყვანა.,37,881,False
ganm_6219,იცნა,იცნო.,37,881,False
ganm_6220,მოეჭდო,მოეხვია.,37,881,False
ganm_6221,ცხოველსა,ცოცხალს. ღმერთის ერთ-ერთი ეპითეტია ქრისტიანობაში.,37,881,False
ganm_6222,უთხრა,(ტარიელმა ავთანდილს).,37,882,False
ganm_6223,გიტყუე,"გიმტყუნე, დაგაღალატე.",37,882,False
ganm_6224,გიყავ,შეგისრულე.,37,882,False
ganm_6225,სულთა გაუყრელმან,ცოცხალმა.,37,882,True
ganm_6226,დავამტკიცე,აქ: შევასრულე.,37,882,False
ganm_6227,აწ,ახლა.,37,882,False
ganm_6228,დამეხსენ,"მომეშვი, თავი დამანებე.",37,882,False
ganm_6229,ვიცე,ვირტყა.,37,882,False
ganm_6230,მაგრა,მაგრამ.,37,882,False
ganm_6231,გვედრებ,"გთხოვ, გავალებ.",37,882,False
ganm_6229,ვიცე,ვირტყა.,37,882,False
ganm_6232,ყმამან,ლაპარაკია ავთანდილზე.,37,883,False
ganm_6233,რაშიგან ხარ,რას შვრები? რა დღეში ხარ?,37,883,True
ganm_6234,იქმ,სჩადი.,37,883,False
ganm_6235,ავსა,"ცუდს, ავს, ბოროტს.",37,883,False
ganm_6236,სახმილი,ცეცხლი. (აქ: სიყვარულის და ტანჯვის).,37,883,False
ganm_6235,ავსა,"ცუდს, ავს, ბოროტს.",37,883,False
ganm_6235,ავსა,"ცუდს, ავს, ბოროტს.",37,883,False
ganm_6238,მოიკლავ,იკლავ.,37,883,False
ganm_6235,ავსა,"ცუდს, ავს, ბოროტს.",37,883,False
ganm_6239,ყოვლნი ბრძენნი,ყველა ბრძენნი.,37,884,True
ganm_6240,აპირებენ ამა პირსა,"ამ პირზე დგანან, ამ დებულებას ამტკიცებენ.",37,884,True
ganm_6241,ხამს,"უნდა, საჭიროა.",37,884,False
ganm_6242,მამაცი,მამაკაცი.,37,884,False
ganm_6243,მამაცური,ვაჟკაცური. აზრია: კაცი კაცური უნდა იყოს.,37,884,False
ganm_6244,რაზომცა,რამდენადაც.,37,884,False
ganm_6246,ცნობისაგან,"გონებისაგან. ტაეპის აზრია: კაცი ჭირში ვარდება თავისივე გონების შეცდომისაგან. ჭირი აქ გულისხმობს დაღუპვას, საბოლოო მარცხს წუთისოფელთან ბრძოლაში, რომელიც სასოწარკვეთილ ტარიელს ემუქრება, და არა იმ ჭირს, რომელშიც ტარიელი უკვე ჩავარდნილია.",37,884,False
ganm_6247,გამორჩევა,"აწონ-დაწონა, საქმის წინასწარ განსაზღვრა.",37,885,False
ganm_6248,ბრძენთა თქმულებ,"ბრძენთა თქმულის მიხედვით, მის შესაბამისად.",37,885,True
ganm_6249,მხეცთა ახლავ,მხეცებთან ხარ.,37,885,True
ganm_6250,რას წადილსა,"რა წადილს, რა სურვილს.",37,885,True
ganm_6251,ვისთვის,ვისთვისაც (ლაპარაკია ნესტანზე).,37,885,False
ganm_6252,მიჰხვდები,"ირგუნებ, მიაღწევ, ეწევი.",37,885,False
ganm_6253,სოფელსა,"წუთისოფელს, ცხოვრებას.",37,885,False
ganm_6254,მრთელსა,ჯანსაღს.,37,885,False
ganm_6255,შეიკრავ,"იკრავ. იგულისხმება, როგორც ჩანს, თილისმით ადამიანის “შეკვრა”, მისთვის რომელიმე უნარის წართმევა ან ჯანმრთელობის რომელიმე მხარის დაზიანება. ტაეპის აზრია: ჯანსაღი ხარ და თავს რად ისნეულებ? შესაძლოა ასეთი გაგებაც: ჯანსაღ თავს რად იკრავ ტკივილის გასაყუჩებლად?",37,885,False
ganm_6257,არ უნახვან პატიჟნი,არ უნახავს ტანჯვა.,37,886,True
ganm_6258,ბნდებიან,"გონებას კარგავენ, გული უღონდებათ. მრ. რიცხვის ხმარება გულისხმობს, რომ საუბარი ეხება ლიტერატურითა და ზეპირი გადმოცემებით ცნობილ სხვა მიჯნურებს, რომელნიც თავიანთი სატრფოებისათვის დაბნედილან.",37,886,False
ganm_6259,უსახო,"უმსგავსო, უპრეცედენტო. უსახო რა ქმნილა. იგულისხმება: განა ისეთი რა მომხდარა ქვეყნად, რისი მაგალითიც, რისი მსგავსი შემთხვევაც სხვა არ ყოფილა? შენი ტანჯვაც პირველი არაა, შენსავით სხვებიც გატანჯულან.",37,886,False
ganm_6260,სულნი რად ამოგხდებიან,რად კვდები?,37,886,True
ganm_6262,რად არს ჭირად,რატომაა ძნელი.,37,887,True
ganm_6263,ჰპოვებს,"მოიპოვებს, შოულობს.",37,887,False
ganm_6264,ძვირად,"იშვიათად, ძნელად.",37,887,False
ganm_6266,გაიეფდეს,"გამრავლდება, ბევრი და ადვილად საშოვი გახდება.",37,887,False
ganm_6268,უასაკო,შესაძლოა ორგვარი გაგება: 1. პატარა. 2. დღემოკლე.,37,888,False
ganm_6269,მაშა,მაშ.,37,888,False
ganm_6270,პირველ,"ჯერ, პირველად.",37,888,False
ganm_6271,ჭირთა უმუშაკო,"ჭირთა გადაუხდელი, შრომის არგამწევი.",37,888,True
ganm_6272,უბოროტო,ბოროტებისაგან თავისუფალი.,37,888,False
ganm_6273,ასმია,ჰსმენია.,37,888,False
ganm_6274,რაცა,"რაგინდარა, ნებისმიერი. საქმე საეშმაკო. იგულისხმება: საქმე, რომელზედაც ეშმაკს ხელი მიუწვდება, ამქვეყნიური საქმე.",37,888,False
ganm_6275,უარაკო,"უმაგალითო; ისეთი, რომელიც არაკადაც არ თქმულა, რომლის მსგავსიც არ ყოფილა.",37,888,False
ganm_6276,თხრობილი,ნათქვამი.,37,889,False
ganm_6277,ნებასა,ნელა.,37,889,False
ganm_6278,თათბირსა,"გადაწყვეტილებას, არჩევანს.",37,889,False
ganm_6277,ნებასა,ნელა.,37,889,False
ganm_6280,იგი,ის.,37,889,False
ganm_6281,სდევ,"მისდევ, მიჰყვები.",37,889,False
ganm_6277,ნებასა,ნელა.,37,889,False
ganm_6282,ასრე არ სჯობდეს,ასე რომ არ სჯობდეს.,37,889,True
ganm_6277,ნებასა,ნელა.,37,889,False
ganm_6284,მან,(ტარიელმა).,37,890,False
ganm_6285,ძრვაცა,დაძვრაც.,37,890,False
ganm_6286,ძალ-მიც,შემიძლია.,37,890,False
ganm_6287,ძალი,ძალა.,37,890,False
ganm_6288,ხელ-ქმნილსა,"გახელებულს, აზროვნების უნარდაკარგულს.",37,890,False
ganm_6289,გიჩს,"გეჩვენება, გესახება.",37,890,False
ganm_6291,მოთმენა ჩემთა სასჯელთა თმენისა,"ჩემი ტანჯვის მოთმენა. “თმენა” განმეორებულია ხაზგასმის, აქცენტირების მიზნით.",37,890,True
ganm_6292,მივსწურვივარ,"მივახლოებივარ, ზედ მივდგომივარ.",37,890,False
ganm_6293,მომეახლა,მომიახლოვდა.,37,890,False
ganm_6294,ლხენისა,"შვების, შეღავათის, ტკივილის დაამების.",37,890,False
ganm_6295,მო კვდავი,მომაკვდავი.,37,891,True
ganm_6302,მო,მოდით.,37,891,False
ganm_6296,ვილოცავ,ვლოცულობ.,37,891,False
ganm_6297,აროდეს,არასოდეს.,37,891,False
ganm_6299,მუნამცა შევიყარენით,"იქ (იმ ქვეყნად) შევიყაროთ, შევერთდეთ.",37,891,True
ganm_6301,კვლა რამე გავიხარენით,"აქ: ისევ გავიხაროთ. ნაწილაკი “მცა” ბ ტაეპში ეკუთვნის სამსავე ზმნას (“შევიყარენით”, “ვნახეთ” და “გავიხარენით”) და სამივეს კავშირებითად აქცევს.",37,891,True
ganm_6302,მო,მოდით.,37,891,False
ganm_6302,მო,მოდით.,37,891,False
ganm_6302,მო,მოდით.,37,891,False
ganm_6304,ვით,როგორ.,37,892,False
ganm_6305,ნახოს,ნახავს.,37,892,False
ganm_6304,ვით,როგორ.,37,892,False
ganm_6306,გაწ იროს,"გაწირავს, მიატოვებს.",37,892,True
ganm_6308,იროს,"ივლის, წამოვა.",37,892,False
ganm_6307,მივალ,მივდივარ.,37,892,False
ganm_6308,იროს,"ივლის, წამოვა.",37,892,False
ganm_6308,იროს,"ივლის, წამოვა.",37,892,False
ganm_6309,გულისა,გულის ნაკარნახევი.,37,892,False
ganm_6308,იროს,"ივლის, წამოვა.",37,892,False
ganm_6311,იცოდი,იცოდე.,37,893,False
ganm_6312,პირასა,"“პირს”, სიტყვას, აზრს.",37,893,False
ganm_6313,მახლავს,მომახლოებია.,37,893,False
ganm_6314,რას მაქმნევ,რაში გამოგადგები? რად გინდივარ?,37,893,True
ganm_6315,რა დავრჩე,"თუ დავრჩები, თუ ცოცხალი ვიქნები.",37,893,True
ganm_6316,ხელსა მხდი რასა,"რაში გამომიყენებ? (ხელის ხდა - გამოყენება, მოხმარება).",37,893,True
ganm_6317,კავშირნი,"ელემენტები, რომელთაგანაც, ძველთა რწმენით, ყოველი ფიზიკური სხეული შედგება (ცეცხლი, ჰაერი წყალი, მიწა).",37,893,False
ganm_6318,სირა,რიგი.,37,893,False
ganm_6320,რასთვის,რის შესახებ.,37,894,False
ganm_6321,იტყვი,ამბობ.,37,894,False
ganm_6322,მცალს,"მცალია. აქ: თავი მაქვს, ძალა შემწევს.",37,894,False
ganm_6324,ხელ-ქმნილსა,გაგიჟებულს.,37,894,False
ganm_6325,წამისად,"წამისთვის. აქ: წამის საქმე. იგულისხმება: წამის გამძლები საქმე, ისეთი, რომელსაც ერთ წამში ბოლო ეღება.",37,894,False
ganm_6326,გამიარმდა,"არამი გამიხდა, მომბეზრდა.",37,894,False
ganm_6327,მეტად ყოვლისა ჟამისად,ყველა სხვა დროზე უფრო მეტად.,37,894,True
ganm_6328,მუნ,იქ.,37,894,False
ganm_6329,მივალ,მივდივარ.,37,894,False
ganm_6330,მიწად,მიწაში.,37,894,False
ganm_6331,ლამი,"აქ: ნაკადი. ტაეპის აზრია: მეც იმ მიწაში მივდივარ, რომელსაც ახლა ჩემი ცრემლი ასველებს.",37,894,False
ganm_6332,ხელი,"გახელებული, შმაგი.",37,895,False
ganm_6333,ვითა იქმს,როგორ გასწევს? როგორ იზამს?,37,895,True
ganm_6334,ხამს,"საჭიროა, ჯერ-არს, დროულია.",37,895,False
ganm_6335,თუცაღა ვიყო ცნობასა,თუ გონებაზე ვიქნები; გონებაზე რომ ვიყო.,37,895,True
ganm_6337,მაწყენ,"თავი მომაბეზრე, მაწუხებ.",37,895,False
ganm_6338,არა მცალს,(შენი სმენის) თავი არა მაქვს.,37,895,True
ganm_6339,თმობა,მოთმინება.,37,895,False
ganm_6341,კვლა,ისევ.,37,896,False
ganm_6342,ეტყვის,ეუბნება.,37,896,False
ganm_6343,რა მოჰკვდე,აქ: თუ მოკვდები.,37,896,True
ganm_6344,გერგების,გეშველება.,37,896,False
ganm_6345,იქმ,იზამ.,37,896,False
ganm_6346,არა სჯობს,არ არის უკეთესი.,37,896,True
ganm_6347,საქმითა ნუ ხარ თავისა მტერითა,"ნუ ხარ თავის მტერი, ნუ სჩადი შენსავე სამტრო საქმეს.",37,896,True
ganm_6349,ვერა,ვერაფერი. ტაეპის აზრია: ვერაფერს გახდა ვერავითარი სიტყვით.,37,896,False
ganm_6349,ვერა,ვერაფერი. ტაეპის აზრია: ვერაფერს გახდა ვერავითარი სიტყვით.,37,896,False
ganm_6350,მომისმენ,მისმენ.,37,897,False
ganm_6351,არას,არაფერს.,37,897,False
ganm_6352,გაწყენს,"შეგაწუხებ, თავს მოგაბეზრებ.",37,897,False
ganm_6353,ცუდად,"ამაოდ, უსარგებლოდ.",37,897,False
ganm_6354,მცთარა,"გამცდარა, დამაშვრალა, გარჯილა.",37,897,False
ganm_6355,მოკვე,მოკვდი.,37,897,False
ganm_6356,და-ცა-მჭნარა,მაინც დამჭკნარა. ვარდი აქ ტარიელის აღმნიშვნელი მეტაფორაა.,37,897,False
ganm_6357,გეაჯები,გევედრები.,37,897,False
ganm_6358,მიყავ,შემისრულე.,37,897,False
ganm_6360,მოვეშორვე,მოვშორდი.,37,898,False
ganm_6361,ჩემი ლხინი ვთქვა რითა,როგორ გავიხარო? ლხინის მიზეზი რაღა ვნახო?,37,898,True
ganm_6362,მიყავ,შემისრულე.,37,899,False
ganm_6363,სულთა მხდელი,მკვლელი (იგულისხმება: აღტაცებით მკვლელი).,37,899,True
ganm_6364,ნუთუ,ეგებ.,37,899,False
ganm_6365,ესე,ეს.,37,899,False
ganm_6366,აწინდელი,ახლანდელი.,37,899,False
ganm_6367,დაგაგდებ,დაგტოვებ.,37,899,False
ganm_6368,იქმნას,"ასრულდეს, ახდეს.",37,899,False
ganm_6369,საქადელი,"აქ: ნათქვამი, სურვილი, მოთხოვნა.",37,899,False
ganm_6370,აჯა,თხოვნა.,37,900,False
ganm_6371,არ ვებდა,"არვაკეცებდა, რვაჯერ იმეორებდა.",37,900,True
ganm_6376,ვებდა,ვაებდა (ლაპარაკია ავთანდილზე).,37,900,False
ganm_6372,რომე,რომ.,37,900,False
ganm_6371,არ ვებდა,"არვაკეცებდა, რვაჯერ იმეორებდა.",37,900,True
ganm_6376,ვებდა,ვაებდა (ლაპარაკია ავთანდილზე).,37,900,False
ganm_6374,დასდრეკდა,"ხრიდა. ლერწმისა სარი ავთანდილის ტანის აღმნიშვნელი მეტაფორაა, გიშერი - მისი წამწამებისა. ტაეპის აზრია: ავთანდილი დახრილი დაჰყურებდა მიწაზე მდებარე ტარიელს. შესაძლოა სხვა გაგებაც: ლერწმის სარი წამწამებია, გიშერი - თვალები. ავთანდილი წამწამებს ხრიდა და თავის თვალებს კარვად აფარებდა (ალ. ჭინჭარაული).",37,900,False
ganm_6371,არ ვებდა,"არვაკეცებდა, რვაჯერ იმეორებდა.",37,900,True
ganm_6376,ვებდა,ვაებდა (ლაპარაკია ავთანდილზე).,37,900,False
ganm_6375,ივაგლახა,"იკვნესა, იოხრა, “ვაგლახ” იძახა.",37,900,False
ganm_6376,ვებდა,ვაებდა (ლაპარაკია ავთანდილზე).,37,900,False
ganm_6377,მან,ლაპარაკია ავთანდილზე.,37,901,False
ganm_6378,მჭევრი,"წერწეტი, ახოვანი.",37,901,False
ganm_6379,ხანი წავლეს,ერთ ხანს იარეს.,37,901,True
ganm_6377,მან,ლაპარაკია ავთანდილზე.,37,901,False
ganm_6380,შეაქცევს,ართობს.,37,902,False
ganm_6381,სძრვიდა,"ამოძრავებდა, სძრავდა.",37,902,False
ganm_6382,მათ ბაგეთა,ბაგეებს.,37,902,True
ganm_6384,დათმობა,მოთმინება. შეაერთა. იგულისხმება: ავთანდილმა ტარიელს მოთმინება ჩაუნერგა.,37,902,False
ganm_6386,პირი ვარდი,ლაპარაკია ტარიელის პირისახეზე.,37,903,True
ganm_6387,დაუსახმან,"შეუდარებელმა, სწორუპოვარმა.",37,903,False
ganm_6390,უცნობო,"უგონო. ტაეპი შეიცავს ავთანდილის დახასიათებას და აგებულია სიტყვებისა და ცნებების თამაშზე. ავთანდილი, ერთი მხრივ, გონიერთა მკურნალია. მისი ბრძნული სიტყვა ჰკურნავს იმას, ვისაც გაგების უნარი აქვს. მეორე მხრივ, იგი მისი სრულყოფისაგან გონდაკარგულთა, განცვიფრებულთა ოხვრა და “ახი”–ა.",37,903,False
ganm_6388,ცნობიერი,"გონზე მყოფი, გონიერი.",37,903,False
ganm_6391,ცნობიერი,აქ: გონივრული.,37,903,False
ganm_6390,უცნობო,"უგონო. ტაეპი შეიცავს ავთანდილის დახასიათებას და აგებულია სიტყვებისა და ცნებების თამაშზე. ავთანდილი, ერთი მხრივ, გონიერთა მკურნალია. მისი ბრძნული სიტყვა ჰკურნავს იმას, ვისაც გაგების უნარი აქვს. მეორე მხრივ, იგი მისი სრულყოფისაგან გონდაკარგულთა, განცვიფრებულთა ოხვრა და “ახი”–ა.",37,903,False
ganm_6393,შე-რასმე-ჰყვეს საუბარსა,შეჰყვნენ საუბარს. “რასმე” ჩართულია ზმნასა და ზმნისწინს შორის.,37,904,True
ganm_6394,ჰკადრა,უთხრა (ავთანდილმა),37,904,False
ganm_6395,ეგე,ეგ.,37,904,False
ganm_6396,სამხრე,"სამკაულია, მხარ-მკლავზე ჩამოსაცმელი.",37,904,False
ganm_6397,ვისგან,ვისგანაც. ლაპარაკია ნესტანზე.,37,904,False
ganm_6398,წყლული,ჭრილობა. მეტაფორულად აღნიშნავს სიყვარულს.,37,904,False
ganm_6399,რაგვარ,როგორ.,37,904,False
ganm_6399,რაგვარ,როგორ.,37,904,False
ganm_6400,დავიღო მერმე სული,მერე გავჩუმდები.,37,904,True
ganm_6401,მან,ლაპარაკია ტარიელზე.,37,905,False
ganm_6402,სახე,შედარება.,37,905,False
ganm_6403,უსახო,შეუდარებელი. ტაეპის აზრია: რა შედარება გითხრა იმ შეუდარებლის შესადარი ნივთის დასახასიათებლად?,37,905,False
ganm_6405,ახისა,"“ახ”–ის თქმისა, ოხვრისა.",37,905,False
ganm_6404,ესეა,ესაა.,37,905,False
ganm_6405,ახისა,"“ახ”–ის თქმისა, ოხვრისა.",37,905,False
ganm_6406,ყოვლისა სოფლისა,მთელი ქვეყნისა.,37,905,True
ganm_6405,ახისა,"“ახ”–ის თქმისა, ოხვრისა.",37,905,False
ganm_6408,ვლამოდი,"ვლამობდი, ვცდილობდი.",37,906,False
ganm_6409,თქმევასა,თქმევინებას.,37,906,False
ganm_6410,მეჭვ,"მოელი ჩემგან, მომაწერ.",37,906,False
ganm_6411,თნევა,"მაამებლობა. ტაეპის აზრია: პირდაპირ, დაუფარავად გეტყვი.",37,906,False
ganm_6412,ლევა,"შელევა, ხელის აღება, გაწირვა.",37,906,False
ganm_6412,ლევა,"შელევა, ხელის აღება, გაწირვა.",37,906,False
ganm_6413,ამად,ამიტომ.,37,906,False
ganm_6414,სამხრე,მხარ-მკლავის სამკაულია.,37,907,False
ganm_6415,უასაკო,"ასაკის არმქონე. იგულისხმება: არაცოცხალი, არაორგანული. შესაძლოა გავიგოთ აგრეთვე როგორც “მცირე”.",37,907,False
ganm_6416,სიტყვიერი,"1. მეტყველი, 2. გონიერი, განსჯის უნარის მქონე.",37,907,False
ganm_6417,ცნობილი,"გონებიანი, ცნობიერების მქონე.",37,907,False
ganm_6418,პირველ,ჯერ ერთი. მისი (იგულისხმება: ნესტანის),37,907,False
ganm_6419,ნაჭვრეტი,ნაცქერი.,37,907,False
ganm_6420,თვით მერმე,მერე კი; მეორეც.,37,907,True
ganm_6421,ნახმობი დობისა,დად წოდებული.,37,908,True
ganm_6423,გამზრდელი,გაზრდილი ნიშნავს თანაშეზრდილს.,37,908,False
ganm_6424,მიხდილი ცნობისა,გონდაკარგული.,37,908,True
ganm_6425,დაგიგდია,მიგიტოვებია.,37,908,False
ganm_6426,არ ჰნახავ,"არ ნახულობ, მის ნახვას არ აპირებ.",37,908,True
ganm_6427,შაბაშ,ყოჩაღ!,37,908,False
ganm_6429,მან,ლაპარაკია ტარიელზე.,37,909,False
ganm_6430,უმართლე,მართალი.,37,909,False
ganm_6431,საბრალოა,"ცოდვაა, შესაბრალია.",37,909,False
ganm_6432,მისად მგონებლად და ჩემად მჭვ რეტად,"(ცოდვაა ასმათი), მასზე რომ ფიქრობს და მე რომ მიყურებს.",37,909,True
ganm_6439,რეტად,"გაოგნებულად, რეტდასხმულად.",37,909,False
ganm_6433,არ მეგონა,"არ მინდოდა, აზრად აღარ მქონდა.",37,909,True
ganm_6434,შ რეტად,ჩასაქრობად (ლაპარაკია ტანჯვის ცეცხლზე).,37,909,True
ganm_6439,რეტად,"გაოგნებულად, რეტდასხმულად.",37,909,False
ganm_6435,დავრჩი,გადავრჩი.,37,909,False
ganm_6436,გვალე,იარე!,37,909,False
ganm_6437,თუცავე,თუმცა კი.,37,909,False
ganm_6438,ჯერთცა,ჯერაც.,37,909,False
ganm_6439,რეტად,"გაოგნებულად, რეტდასხმულად.",37,909,False
ganm_6440,გაემართნეს,"გაემართნენ, წავიდნენ. ამირბარი ტარიელია.",37,910,False
ganm_6441,მიგია,"მომიხერხებია, მითქვამს.",37,910,False
ganm_6442,ვერა,"ვერავითარი, ვერაფერი.",37,910,False
ganm_6443,ხვრელით,ხვრელიდან.,37,910,False
ganm_6444,ეტყვის,ეუბნება (ავთანდილი).,37,911,False
ganm_6445,მაგრა,მაგრამ.,37,911,False
ganm_6446,არას,არაფერს.,37,911,False
ganm_6447,იქმ,"იზამ, შეასრულებ.",37,911,False
ganm_6448,იხმარებ,მოიხმარ.,37,911,False
ganm_6450,დაფარულსა,"დამალულს, უხილავს.",37,911,False
ganm_6451,არას,არაფერს.,37,912,False
ganm_6452,შეჭირვება,მწუხარება.,37,912,False
ganm_6453,სჭმუნვიდე,"მწუხარედ იყო, სჭმუნავდე.",37,912,False
ganm_6454,გერგების,გეშველება.,37,912,False
ganm_6455,არ თურ იცი,არ იცი განა?,37,912,True
ganm_6456,უგანგებოდ,განგების გადაწყვეტილების გარეშე.,37,912,False
ganm_6458,არათ,არაფრით.,37,912,False
ganm_6459,უნდეს,თუ უნდა; თუ ენდომება.,37,912,False
ganm_6460,მო-ცა-გხვდების,"შეგხვდება, გერგება, მოგეცემა. ნაწილაკი “ცა” ჩართულია ზმნასა და ზმნისწინს შორის.",37,912,False
ganm_6461,მოახსენა,(ტარიელმა).,37,913,False
ganm_6462,ეგე,ეგ.,37,913,False
ganm_6463,ყოვლად სოფლად,მთელ ქვეყანად.,37,913,True
ganm_6464,მწვრთელი,დამრიგებელი.,37,913,False
ganm_6465,უყვარს,უყვართ.,37,913,False
ganm_6466,ჰგმირდეს,გაუგმირავთ (იგულისხმება: უგუნურებს დარიგება არ ესიამოვნებათ).,37,913,False
ganm_6467,მაგრა,მაგრამ.,37,913,False
ganm_6468,რაგვარ,როგორ.,37,913,False
ganm_6469,რა მიმჭირდეს,რომ გამიჭირდება.,37,913,True
ganm_6470,ცეცხლის,აქ: ცეცხლისთვის.,37,914,False
ganm_6472,ამად,ამიტომ.,37,914,False
ganm_6473,აენთების,"ინთება. ტაეპის აზრია: ცვილს, ცეცხლივით, სიმხურვალე ახასიათებს, ამიტომაც ინთება.",37,914,False
ganm_6474,მაგრა,მაგრამ.,37,914,False
ganm_6475,არსით,"არსად, არცერთი მხრივ.",37,914,False
ganm_6476,და-ცა-შრტების,"ჩაქრება. ნაწილაკი “ცა” ჩართულია ზმნასა და ზმნისწინს შორის. ტაეპის აზრია: წყალს არა აქვს სიმხურვალე, რომელიც ყველაზე მსუბუქი ელემენტის - ცეცხლის - დამახასიათებელია. ამიტომ მასში ჩავარდნილი ცეცხლი ქრება.",37,914,False
ganm_6477,ევარგების,"ვარგისი, შესაფერი ჰგონია.",37,914,False
ganm_6478,თავიდაღმა,"თავიდან, თავიდანვე.",37,914,False
ganm_6479,რაგვარ,როგორ.,37,914,False
ganm_6480,ყველაი,ყველაფერი.,38,915,False
ganm_6481,წვრილად,დაწვრილებით.,38,915,False
ganm_6482,გიამბო,გიამბობ.,38,915,False
ganm_6483,გაბრჭევ,განსაჯე!,38,915,False
ganm_6484,მიმჭირდა,"შევწუხდი, გამიჭირდა.",38,915,False
ganm_6485,ქვაბს,გამოქვაბულში.,38,915,False
ganm_6486,შამბნი,ბუჩქნარი. ან: მაღალი ხშირი ბალახით დაფარული ადგილი.,38,916,False
ganm_6487,ისი,ის.,38,916,False
ganm_6488,მომეარნეს,მომევლო.,38,916,False
ganm_6489,შეკრბეს,შეიკრიბნენ.,38,916,False
ganm_6490,ერთგან,ერთად.,38,916,False
ganm_6491,შეიყარნეს,შეიყარნენ.,38,916,False
ganm_6492,ჰგვანდეს,ჰგვანდნენ.,38,916,False
ganm_6493,რათმე მოყვარულთა,"შეყვარებულებს, ერთმანეთის მოტრფიალეებს. რათმე შეიძლება გავიგოთ აგრეთვე როგორც “რაღაცით”: ლომ–ვეფხვი რაღაცით ჰგვანდნენ მოყვარულებს.",38,916,True
ganm_6494,გამეხარნეს,გამიხარდა.,38,916,False
ganm_6495,"გამიკვირდეს, შემეზარნეს","გამიკვირდა, შემზარა.",38,916,True
ganm_6496,მოვიდეს,მოვიდნენ.,38,917,False
ganm_6497,ორგნით,ორი მხრიდან.,38,917,False
ganm_6498,რებულნი,წამოსულნი.,38,917,False
ganm_6499,სახედ,აქ: შესახედად.,38,917,False
ganm_6500,დამევსნეს,ჩამიქრნენ.,38,917,False
ganm_6501,დებულნი,მოდებულნი (ლაპარაკია ტანჯვის ცეცხლზე).,38,917,False
ganm_6502,შეიყარნეს,შეიყარნენ.,38,917,False
ganm_6503,შეიბნეს,შეიბნენ.,38,917,False
ganm_6504,იბრძოდეს,იბრძოდნენ.,38,917,False
ganm_6498,რებულნი,წამოსულნი.,38,917,False
ganm_6505,იყვნეს,იყვნენ.,38,917,False
ganm_6506,პირველ,ჯერ.,38,918,False
ganm_6507,ამოდ,საამოდ.,38,918,False
ganm_6508,ილაღობეს,აქ: იალერსეს.,38,918,False
ganm_6509,წაიკიდნეს,"წაეკიდნენ ერთმანეთს, წაიჩხუბნენ.",38,918,False
ganm_6510,სიკვდილსა,"1. სიკვდილს, 2. მოკვლას (ერთმანეთისას).",38,918,False
ganm_6511,არ დაჰრიდნეს,არ დაერიდნენ.,38,918,True
ganm_6513,გული დედათამცა გამოჰრიდნეს,"ქალებიც გულს (ასე) წაართმევდნენ; ვეფხვი ისე მოიქცა, როგორც ქალთა წესია. შესაძლებელია ცოტა სხვა გაგებაც: კანონზომიერია, რომ ლომს (ლომგულ მამაკაცს) ქალმა გული წაართვას, მოსტაცოს.",38,918,True
ganm_6514,დაამშვიდნეს,"დაამშვიდოს, დაამშვიდებს.",38,918,False
ganm_6515,ნაქმარი,"საქმე, მოქმედება.",38,919,False
ganm_6516,ვარქვი,ვუთხარი.,38,919,False
ganm_6517,არა ხარ ცნობასა,არ ხარ გონებაზე.,38,919,True
ganm_6518,აწყენ,"აწუხებ, აწყენინებ.",38,919,False
ganm_6519,მამაცობასა,ვაჟკაცობას.,38,919,False
ganm_6520,გავუხე,გავედევნე.,38,919,False
ganm_6521,ლახვართა სობა,"დაჭრა, კვლა. ეს გამოთქმა ფიგურალურია. ნამდვილად ტარიელს ლახვარი - მოკლე შუბი - არ აქვს.",38,919,True
ganm_6522,მო-ცა-ვკალ,მოვკალ. ნაწილაკი “ცა” ჩართულია ზმნასა და ზმნისწინს შორის.,38,919,False
ganm_6523,დავხსენ სოფლისა თმობასა,"გავათავისუფლე წუთისოფლის, სიცოცხლის თმენისაგან.",38,919,True
ganm_6524,გავსტყორცე,გადავაგდე.,38,920,False
ganm_6525,გარდვიჭერ,გადმოვხტი (ცხენიდან).,38,920,False
ganm_6526,შევიპყარ,დავიჭირე.,38,920,False
ganm_6530,ხელითა,"შმაგით, გახელებულით.",38,920,False
ganm_6527,ვინ,ვინც (ლაპარაკია ნესტანზე).,38,920,False
ganm_6530,ხელითა,"შმაგით, გახელებულით.",38,920,False
ganm_6528,მიღრინვიდა,მიღრენდა.,38,920,False
ganm_6529,მაწყენდა,"აქ: მღადრავდა, მაზიანებდა, ჭრილობას მაყენებდა.",38,920,False
ganm_6530,ხელითა,"შმაგით, გახელებულით.",38,920,False
ganm_6531,რაზომსაცა,რამდენსაც.,38,921,False
ganm_6532,ვერათ,ვერაფრით.,38,921,False
ganm_6533,გავგულისდი,გული მომივიდა.,38,921,False
ganm_6534,მომეგონა,მომაგონდა.,38,921,False
ganm_6535,ოდეს,როცა.,38,921,False
ganm_6536,სრულად,"სულ, მთლად.",38,921,False
ganm_6537,ამომხდეს,ამომხდნენ.,38,921,False
ganm_6539,მითხრობია,"მითქვამს, მიამბნია.",38,922,False
ganm_6540,სულთა დგმაცა,სიცოცხლეც.,38,922,True
ganm_6541,არა მმართებს,არ მეკუთვნის; (ცოცხალი) არ უნდა ვიყო.,38,922,True
ganm_6542,ასრე გასლვა,"ასე გახდომა, ამ დღეში ჩავარდნა.",38,922,True
ganm_6543,ესე,ეს.,38,922,False
ganm_6544,ყმამან,მოყმემ (ტარიელმა).,38,922,False
ganm_6545,სულთქვნა,ამოიოხრა.,38,922,False
ganm_6546,ა-ცა-ტირდა,ატირდა კიდეც. ნაწილაკი “ცა” ჩართულია ზმნასა და ზმნისწინს შორის.,38,922,False
ganm_6547,დათმე,მოითმინე!,38,923,False
ganm_6548,სრულად,"სულ, მთლად.",38,923,False
ganm_6549,და-,"ზმნისწინი ზმნისა “დასჭრი”, განმეორებული აზრის გასაძლიერებლად.",38,923,False
ganm_6550,მაგას მოწყალეობს,". იგულისხმება: (ღმერთი) ამგვარ განსაცდელს წყალობით უყურებს, მას სასიკეთოდ ამთავრებს ხოლმე.",38,923,True
ganm_6551,თუცა,თუმცა.,38,923,False
ganm_6552,არ გაგრიდა,"არ მოგერიდათ, არ აგცდათ.",38,923,True
ganm_6553,თუმც უნდოდით გასაყრელად,თქვენი გაყრა რომ სნდომებოდა.,38,923,True
ganm_6554,პირველ,"ჯერ, თავიდანვე.",38,923,False
ganm_6555,ერთგან,ერთად.,38,923,False
ganm_6556,შეგყრიდა,"შეგყრიდათ, შეგაერთებდათ.",38,923,False
ganm_6557,ფათერაკი,ავი ბედი.,38,924,False
ganm_6558,საწუთროსა,"წუთისოფელს, ცხოვრებას.",38,924,False
ganm_6559,მაგრა,მაგრამ.,38,924,False
ganm_6560,ბოლოდ,ბოლოს.,38,924,False
ganm_6561,პირველ,"პირველად, ჯერ.",38,924,False
ganm_6562,საჭიროა,საძნელოა.,38,924,False
ganm_6563,მით,"ამით, ამიტომ.",38,924,False
ganm_6564,მიგვაახლებს,მიგვაახლოვებს.,38,924,False
ganm_6565,გასწავლულსა,"გატანჯულს, უბედურებისა და გასაჭირის გემონაწვნევს.",38,924,False
ganm_6566,გააშმაგებს,"გააგიჟებს, წონასწორობას დააკარგვინებს.",38,924,False
ganm_6567,უსწავლელსა გაასწავლებს,"ბედნიერს, გაჭირვების უნახავს გასაჭირს აწვნევს.",38,924,True
ganm_6568,გაემართნეს,გაემართნენ.,39,925,False
ganm_6569,თავნი არნეს,"იარეს, წავიდნენ.",39,925,True
ganm_6571,განაღამცა გაეხარნეს,"დიაღაც რომ გაუხარდა, სწორედ რომ გაუხარდა!",39,925,True
ganm_6572,ღარნეს,"ღაროს, დაღარავს.",39,925,False
ganm_6574,ცნობა,გონება.,39,925,False
ganm_6576,რომელი,რომელიც.,39,926,False
ganm_6578,ფენითა,მოფენით (იხ. კომენტარი).,39,926,False
ganm_6580,ეტყვის,ეუბნება.,39,927,False
ganm_6581,აქამდინია,"აქამდის ნადენია. ტაეპის აზრია: აქამდე ასე უხვად მდის ცრემლი იმიტომ, რომ...",39,927,False
ganm_6582,მოსასმინია,მოსასმენია.,39,927,False
ganm_6583,უშმაგო,"არაშმაგი, გონზე მყოფი.",39,928,False
ganm_6584,ცნობილი,"გონიერი, გონების მაქონე.",39,928,False
ganm_6585,მით,ამიტომ.,39,928,False
ganm_6586,ლტობილი,"დასველებული, დამბალი. ა, ბ, გ ტაეპთა აზრია: მიკვირს, მე, მწყურვალი, ამდენ ცრემლს როგორ ვღვრი? (“წყურვილში” იგულისხმება სულიერი წყურვილი, ნესტანის ნახვის წადილი).",39,928,False
ganm_6587,წახდა,"დაიკარგა. ვარდი პობილი ნესტანის მოღიმარე ბაგის აღმნიშვნელი მეტაფორაა, მარგალიტი წყობილი - მისი ღიმილში გამოჩენილი კბილებისა.",39,928,False
ganm_6588,მოეგონა,მოაგონდა.,39,929,False
ganm_6589,იტყვის,ამბობს.,39,929,False
ganm_6590,ვით ვეგები,როგორ ვიქნები? როგორ შეიძლება ვიყო?,39,929,True
ganm_6591,სულთა მდგმელი,ცოცხალი.,39,929,True
ganm_6593,ვით იაზრებს,როგორ იფიქრებს.,39,930,True
ganm_6594,"მზე მომშორდეს, არ დავჭნეო",მზე მომშორდება (და) არ დავჭკნებიო.,39,930,True
ganm_6595,ანუ,ან.,39,930,False
ganm_6596,რა გვერგების,რა გვეშველება.,39,930,True
ganm_6597,რა ჩასვენდეს,რომ ჩასვენდება.,39,930,True
ganm_6598,გორსა,გორის გადაღმა.,39,930,False
ganm_6601,სრულად,"სავსებით, მთლად.",39,930,False
ganm_6599,ნუთუ,ეგებ.,39,930,False
ganm_6600,მოგხვდეს,"მოგიწევს, შეგხვდება, გეღირსება.",39,930,False
ganm_6601,სრულად,"სავსებით, მთლად.",39,930,False
ganm_6602,სული დაიღეს,გაჩუმდნენ.,39,931,True
ganm_6603,დადუმდეს,დადუმდნენ.,39,931,False
ganm_6604,სახმილი,"ცეცხლი, ალი.",39,931,False
ganm_6605,ჰგზებოდა,"მოსდებოდა, შემოჰნთებოდა.",39,931,False
ganm_6606,რომელ,რომ.,39,931,False
ganm_6607,კვლა,სხვა დროსაც.,39,931,False
ganm_6608,მიწყივ,მუდამ.,39,931,False
ganm_6609,ჰგებოდა,ეგოთ ხოლმე.,39,931,False
ganm_6610,დასხდეს,დასხდნენ.,39,931,False
ganm_6611,უბნობდეს,ლაპარაკობდნენ.,39,931,False
ganm_6612,მსგავსი ჟამისა,(ამ უბედური) დროის შესაფერი.,39,932,True
ganm_6613,მუნ,იქ.,39,932,False
ganm_6614,უპურობა პურობა,"უპუროდ პურის ჭამა (ალ. ჭინჭარაული). ან: პურობა, რომელიც პურობას არ ჰგავდა.",39,932,True
ganm_6615,სიდიადე,"სიმრავლე. ჯამისა. იგულისხმება: სასმისისა. პურისჭამა არ ჰგავდა ნადიმს, სადაც მრავალი ჯამი ისმევა.",39,932,False
ganm_6617,შეეხვეწნეს,შეეხვეწნენ.,39,932,False
ganm_6618,ძალი,ძალა.,39,932,False
ganm_6620,გატყორცის,გააგდებდა (ხოლმე).,39,932,False
ganm_6621,ჩანთქის,გადაყლაპავდა (ხოლმე). დრამა წონის უმცირესი ერთეულია.,39,932,False
ganm_6622,ამოა,სასიამოვნოა.,39,933,False
ganm_6623,რომე,რომ.,39,933,False
ganm_6624,გაუგონოს,"გაუგოს, მიუხვდეს.",39,933,False
ganm_6626,ეგრეცა,მაინც.,39,933,False
ganm_6627,დაუვსებს,ჩაუქრობს.,39,933,False
ganm_6628,რაზომცა,"აქ: როგორც უნდა, რაგინდ მრავლად.",39,933,False
ganm_6629,მას ღამესა,იმ ღამეს.,39,934,True
ganm_6630,იუბნეს,ილაპარაკეს.,39,934,False
ganm_6631,გააცხადნეს,"თქვეს, გაამხილეს, ერთმანეთს უამბეს.",39,934,False
ganm_6632,თავის-თავის,"სათითაოდ, როგრიგობით.",39,934,False
ganm_6633,გააგონნეს,"აქ: შეახსენეს, კვლავ გააგებინეს. ან: გაუზიარეს, განაცდევინეს.",39,934,False
ganm_6634,პირველ,"პირველად, ადრე.",39,934,False
ganm_6635,ეტყვის,ეუბნება.,39,935,False
ganm_6636,მზღველია,გადამხდელია. ტაეპის აზრია: ჩემზე გაწეულ ამაგს ღმერთი გადაგიხდის.,39,935,False
ganm_6637,კმა,კმარა.,39,935,False
ganm_6639,ნაქმარი,ქმნილი.,39,935,False
ganm_6640,წარმავალისა,"იგულისხმება: სიკვდილის გზაზე მდგომის. გ და დ ტაეპების აზრია: შენ დაამტკიცე, რომ ფიცი ფიცად კმარა, ის, რაც შენ ჰქენი გაწირული მეგობარი რომ არ დაივიწყე - მთვრალის, უპასუხისმგებლო კაცის შესაფერი საქმე როდია! შენ შეგნებულად გაისარჯე ჩემთვის.",39,935,False
ganm_6641,აწ,ახლა.,39,936,False
ganm_6642,შემიხვეწე,"შემივედრე, ჩემი ხვეწნა შეისმინე.",39,936,False
ganm_6643,კვლა,კიდევ.,39,936,False
ganm_6644,რომე,რომ.,39,936,False
ganm_6645,ნაგზები,ანთებული.,39,936,False
ganm_6646,დაჰშრეტ,ჩააქრობ.,39,936,False
ganm_6647,სოფლისა,ქვეყნის. აქ: სამყაროს.,39,936,False
ganm_6648,ქმნისა,შექმნის (იხ. კომენტარი).,39,936,False
ganm_6649,შეიქეც,"დაბრუნდი, ადგილზევე მიდი.",39,936,False
ganm_6650,მუნითვე,"იქვე, იმავე მხარეს. შენი მზე. ლაპარაკია თინათინზე.",39,936,False
ganm_6651,სით-ა,საითაცაა.,39,936,False
ganm_6652,ვინ დამბადა,ვინც შემქმნა (იგულისხმება ღმერთი).,39,937,True
ganm_6653,უჩანს,"ესახება, ეხატება.",39,937,False
ganm_6654,გესმის,გესმით.,39,937,False
ganm_6655,გაიგონეთ,"1. გაიგონეთ, 2. მიხვდით, გამიგეთ.",39,937,False
ganm_6656,მით,ამიტომ.,39,937,False
ganm_6657,ჰმართებს,"ჰმართებთ, მოეთხოვებათ.",39,937,False
ganm_6658,ერთხელ,ერთ დროს.,39,937,False
ganm_6659,აწ,ახლა.,39,937,False
ganm_6660,ნობათი,"ჯერი, რიგი.",39,937,False
ganm_6661,ხელობისა,"გახელების, სიგიჟის.",39,937,False
ganm_6662,მომხვდომია,"შემხვედრია, მრგებია.",39,937,False
ganm_6656,მით,ამიტომ.,39,937,False
ganm_6663,ეტყვის,ეუბნება.,39,938,False
ganm_6664,ეგე,ეგ.,39,938,False
ganm_6665,ღმერთსამცა ვით არ შეეძლო,"ღმერთი როგორ ვერ შეძლებს? ღმერთს, როგორ იქნება, რომ არ შეეძლოს?",39,938,True
ganm_6666,მზრდელი,1. მზრდელი 2. მკვებავ–შემნახველი.,39,938,False
ganm_6668,ღმერთსამცა ესე რად ექმნა,ღმერთი ამას როგორ იზამდა!,39,939,True
ganm_6669,დაებადენით,შეექმენით.,39,939,False
ganm_6672,ფათერაკი,ავი ბედი.,39,939,False
ganm_6673,გაიცადენით,"დაინახეთ, შეჰხედეთ!",39,939,False
ganm_6675,სულნი ამომხადენით,მომკალით!,39,939,True
ganm_6677,მამაცი,ვაჟკაცი.,39,940,False
ganm_6678,რაცა,"რაგინდარა, ნებისმიერი.",39,940,False
ganm_6679,რა სასაუბრო პირია,რა სათქმელია! რა გამოსათქმელი აზრია!,39,940,True
ganm_6680,გეშის,გეშინია.,39,940,False
ganm_6681,თუცა,თუმცა.,39,940,False
ganm_6682,სოფელი,"წუთისოფელი, ქვეყანა, ცხოვრება.",39,940,False
ganm_6683,ძვირი,"აქ: ძუნწი, ავი.",39,940,False
ganm_6684,რასცა,"რაზედაც, რის შესახებაც.",39,940,False
ganm_6685,მიწვრთიხარ,"დამირიგებიხარ, დამიმოძღვრიხარ.",39,940,False
ganm_6686,იწვართე,"შეისმინე, ისწავლე, დარიგება მიიღე.",39,940,False
ganm_6687,გკადრო,შემოგბედავ (ამ სიტყვას).,39,940,False
ganm_6688,ესე,ეს.,39,941,False
ganm_6689,კმარის,კმარა.,39,941,False
ganm_6690,თქვენს წინაშე,თქვენთან.,39,941,True
ganm_6691,წამოსავლად,მოსასვლელად.,39,941,False
ganm_6692,შეუქმნია გული ავლად,"გული ავლად, ფერფლად უქცევია.",39,941,True
ganm_6693,არას ვარგებ,(თუ) ვერაფერს ვარგებ.,39,941,True
ganm_6694,სხვად,"სხვა მხრივ, კიდევ.",39,941,False
ganm_6695,ვიუბნა,ვილაპარაკო.,39,941,False
ganm_6697,კარგად ხარ და მამაცურად,კარგად და ვაჟკაცურად ირჯები.,39,942,True
ganm_6699,გავლენას,დახმარებას.,39,942,False
ganm_6700,დავიჩენ,მივიჩნევ.,39,942,False
ganm_6701,წამოსრულვარ,წამოვსულვარ.,39,942,False
ganm_6702,მახმურად,"მთვრალურად. აქაც ისე, როგორც სხვაგან, რუსთველი პარალელურად ხმარობს ერთი და იმავე მნიშვნელიბის ორ სიტყვას: ერთს ქართულს, მეორეს უცხოურს (არაბულს).",39,942,False
ganm_6703,აწ,ახლა.,39,942,False
ganm_6704,შევიქცე,(თუ) დავბრუნდები.,39,942,False
ganm_6705,მოვეო,მოვედი–მეთქი.,39,942,False
ganm_6707,ესე,ეს.,39,943,False
ganm_6708,თხრობილი,ნათქვამი.,39,943,False
ganm_6709,კაციმცა იყო,კაცი უნდა იყოს.,39,943,True
ganm_6710,ცნობილი,გონზე მყოფი.,39,943,False
ganm_6711,ვერას ვერა იქმს ნაყოფსა,"ვერაფერს გასაკეთებელს ვერ გააკეთებს. ვარდი, უმზეოდ ჭნობილი მეტაფორული აღნიშვნაა დარდისაგან მოდუნებული ტარიელისა.",39,943,True
ganm_6713,ვერას,ვერაფერს.,39,943,False
ganm_6713,ვერას,ვერაფერს.,39,943,False
ganm_6714,ირგებ,უშველი თავს.,39,943,False
ganm_6715,მუნ,იქ.,39,944,False
ganm_6716,მითვე წესითა მაგითა,"მაგავე წესით, ამგვარადვე.",39,944,True
ganm_6717,ცნობითა,გონებით.,39,944,False
ganm_6718,ქცევითა,"მოძრაობით, მიხვრა–მოხვრით.",39,944,False
ganm_6719,ანაგებითა ნაგითა,"(ლამაზად, ახოვნად) აგებული აღნაგობით, ტანადობით.",39,944,True
ganm_6720,ოდენ,ოღონდ.,39,944,False
ganm_6721,არას,არაფერს.,39,945,False
ganm_6722,გნუკევ,გთხოვ.,39,945,False
ganm_6723,მსგეფსსა,სწორზე. აზრია: გაისად ამ დრომდე.,39,945,False
ganm_6724,ქვაბსა,გამოქვაბულში.,39,945,False
ganm_6725,მომნახევდი,"მეძებე, მომნახე! აქ: დამელოდე.",39,945,False
ganm_6726,ყოვლგნით,ყველა მხრიდან.,39,945,False
ganm_6727,ვარდ-იეფსა,"ვარდუხვს, მრავალვარდიანს.",39,945,False
ganm_6728,გაგაკრთობდეს,გამოგაფხიზლებდეს ხოლმე.,39,945,False
ganm_6729,ვითამცა ძაღლი ყეფსა,"თითქოს ძაღლი ყეფდეს. ძაღლი სახელწოდებაა ვარსკვლავ სირიუსისა, რომელიც ცაში პირველად ჩნდება 23 ივლისს.",39,945,True
ganm_6730,ცან,"მიხვდი, დაასკვენი!",39,946,False
ganm_6731,ცოცხალი არ თურე ვარ,(რომ) ცოცხალი არა ვარ.,39,946,True
ganm_6732,უღონიოდ,ნამდვილად.,39,946,False
ganm_6733,მოვკვე კიდე,"შორს, მგზავრობასა და კიდეგანობაში მოვკვდი. ან: კიდე დამხმარე სიტყვაა.",39,946,True
ganm_6734,ესე,ეს.,39,946,False
ganm_6735,მისად ნიშნად,"იმის ნიშნად. ტაეპის აზრია: ეს ჩემი არმოსვლა გეყოფა იმის ნიშნად, რომ ჩემზე ტირილის დრო დამდგარა.",39,946,True
ganm_6736,იხარებდი,იხარე!,39,946,False
ganm_6738,მჭმუნავი,"დამწუხრებული, დარდიანი.",39,947,False
ganm_6739,დამცემს,"მომკლავს. ტაეპის აზრია: არ ვიცი, სად მოვკვდები, ხმელზე თუ ზღვაზე, ცხენზე მჯდომი თუ ნავით (ხომალდით) მიმავალი.",39,947,False
ganm_6741,ანუ,ან.,39,947,False
ganm_6744,გაწყენ,"შეგაწუხებ, თავს შეგაწყენ.",39,948,False
ganm_6745,არცა სიტყვა გამეტადდეს,"არც სიტყვა გაგრძელდება, არც რამეს გეტყვი.",39,948,True
ganm_6746,რაზომიცა,რამდენიც უნდა.,39,948,False
ganm_6747,მიდიადდეს,აქ: გამიგრძელდეს.,39,948,False
ganm_6748,საყვარელი,"აქ: მეგობარი. ტაეპის აზრია: რაკიღა შენ ვერ დაგიყოლიე,ვერ დაგარწმუნე, რომ ჩემი სიცოცხლე აღარ ღირს, ახლა მე შენი ნება უნდა შევასრულო, ერთ წელიწადს უნდა მოგიცადო.",39,948,False
ganm_6749,ბოლოდ,ბოლოს.,39,948,False
ganm_6750,ყოვლი,ყოველი.,39,948,False
ganm_6751,გამოცხადდეს,"გამოცხადდება. იგულისხმება: ბოლოს გამოჩნდება, მე ვიყავი მართალი თუ შენ.",39,948,False
ganm_6752,რა დაიჯერო,თუ დაიჯერებ.,39,949,True
ganm_6753,სცნა,"სცნობ, გაიგებ. ტაეპის აზრი, როგორც ჩანს, შემდეგია: თუ დამიჯერებ, რა ტანჯვაში ვარ, მაშინ მიხვდები, როგორ მიჭირს გაძლება.",39,949,False
ganm_6754,ყველაი,ყოველივე.,39,949,False
ganm_6755,სწორია,"თანაბარია, ერთია.",39,949,False
ganm_6756,ვიქმ,ვიზამ.,39,949,False
ganm_6757,მრჯის,"მტანჯავს, მაწვალებს.",39,949,False
ganm_6759,ხელობა,"გახელებულობა, სიშმაგე.",39,949,False
ganm_6760,მომხვდეს,"შემხვდეს, მერგოს.",39,949,False
ganm_6761,დია,"ძალიან. ტაეპის აზრია: რა ვქნა, თუ ცოცხალს ვეღარ მომისწრებ.",39,949,False
ganm_6763,დააპირეს ესე პირი,"ამ აზრზე დადგნენ, ამაზე შეთანხმდნენ.",39,950,True
ganm_6764,შესხდეს,შესხდნენ.,39,950,False
ganm_6765,შემოიქცეს,დაბრუნდნენ.,39,950,False
ganm_6766,კვლაცა,"აქამდისაც, ადრეც.",39,950,False
ganm_6767,გონებამან,ფიქრმა.,39,950,False
ganm_6768,სხვა,კიდევ.,39,950,False
ganm_6769,შენიმცა თვალი ცრემლისა მღვრელია,შენმა თვალებმა ცრემლი დაღვარონ!,39,951,True
ganm_6771,ესე,ეს.,39,951,False
ganm_6772,რაგვარ,როგორ.,39,951,False
ganm_6773,შესხდეს,"შესხდნენ, ამხედრდნენ.",39,952,False
ganm_6774,გაესალამნეს,გამოესალმნენ.,39,952,False
ganm_6775,დალამნეს,ლამის დასაყენებლად უხვად ღვარეს; ან: დანამეს.,39,952,False
ganm_6777,მათ ლომთა,იმ ლომებმა.,39,952,True
ganm_6778,მიწყივ,მუდამ.,39,952,False
ganm_6779,თავნი მხეცთავე ალამნეს,"თავი მხეცებსვე მიამსგავსეს, ლამის მხეცებად იქცნენ.",39,952,True
ganm_6780,ჩავლეს,ჩაიარეს.,39,953,False
ganm_6781,წავიდეს,წავიდნენ.,39,953,False
ganm_6782,ვით,როგორ.,39,953,False
ganm_6783,მოგთქმენ,დაგიტირებენ.,39,953,False
ganm_6784,დაგწვნა,დაგწვათ.,39,953,False
ganm_6785,დაგდაგნა,დაგდაგათ.,39,953,False
ganm_6786,ეზომნი,ამდენი.,39,953,False
ganm_6787,თმენანი,აქ: გაძლება.,39,953,False
ganm_6788,მათ ყმათა,"იმ მოყმეებმა, რაინდებმა.",39,954,True
ganm_6789,მუნ ით,იქიდან.,39,954,True
ganm_6792,მუნ,იქ.,39,954,False
ganm_6790,ერთგან,ერთად.,39,954,False
ganm_6791,მივიდეს,მივიდნენ.,39,954,False
ganm_6792,მუნ,იქ.,39,954,False
ganm_6793,დადგეს,"დადგნენ, დაბანაკდნენ.",39,954,False
ganm_6794,არ ხმელთა არე იარეს,"ხმელეთის არე-მიდამო არ გაიხადეს თავის არედ, ხმელეთისკენ არ წავიდნენ.",39,954,True
ganm_6795,გაიყარნეს,გაჰშორდნენ ერთმანეთს.,39,954,False
ganm_6796,კვლა,ისევ.,39,954,False
ganm_6797,ყოფა,ყოფნა.,39,954,False
ganm_6798,ეტყვის,ეუბნება.,39,955,False
ganm_6799,მუნ ით,იქიდან (ფრიდონის სამეფოდან).,39,955,True
ganm_6804,მუნ,იქ.,39,955,False
ganm_6800,იცნობის ამბავი,შეიძლება ამბის შეტყობა.,39,955,True
ganm_6801,ღონე,"საშუალება, გზა.",39,955,False
ganm_6802,მის მზისა ლხენისა,იმ მზის (ნესტანის) შველისა.,39,955,True
ganm_6803,აწ,ახლა.,39,955,False
ganm_6804,მუნ,იქ.,39,955,False
ganm_6806,გააგონა,გააგებინა.,39,956,False
ganm_6807,რაც ოდენ,რაც კი.,39,956,True
ganm_6809,ძალსა თქმისასა,"თქმას, სიტყვას.",39,956,True
ganm_6811,იყვნეს,იყვნენ.,39,957,False
ganm_6812,მიწვეს,მიწვნენ.,39,957,False
ganm_6813,საწუთროსა,"წუთისოფელს, ამ ცხოვრებას.",39,957,False
ganm_6814,ძვირსა,"ძუნწს, ლხინისა და სიხარულის არმცოდნეს.",39,957,False
ganm_6815,ცისკრად,"დილას, რიჟრაჟზე.",39,958,False
ganm_6816,ადგეს,ადგნენ.,39,958,False
ganm_6817,მოეხვივნეს,მოეხვივნენ.,39,958,False
ganm_6818,ნაუბარნი,ნათქვამნი.,39,958,False
ganm_6819,დადნეს,დადნება.,39,958,False
ganm_6820,მოისმინნეს,მოისმინოს. აქ: მოისმენს.,39,958,False
ganm_6821,გაიყარნეს,"გაიყარნენ, ერთმანეთს დაჰშორდნენ.",39,959,False
ganm_6822,მივლენ,მიდიან.,39,959,False
ganm_6823,შამბთა ეჯით,შამბის ანუ ბუჩქნარის (ან: მაღალი ბალახით დაფარული ადგილის) გავლით.,39,959,True
ganm_6824,ვირე,"ვიდრე, სანამ.",39,959,False
ganm_6825,უჩნდა ერთმანერთი,ხედავდნენ ერთმანეთს.,39,959,True
ganm_6826,იზახდიან,იძახდნენ.,39,959,False
ganm_6827,პირსა ბღნეჯით,"პირის ღმეჭით, პირის დაძაბვით .",39,959,True
ganm_6828,ნახნეს,"ნახოს, ნახავს.",39,959,False
ganm_6830,სოფელო,"წუთისოფელო, საწუთროვ.",40,960,False
ganm_6831,რაშიგან ხარ,რას შვრები? აქ: რას გვიშვრები?,40,960,True
ganm_6832,ყოვლი,ყოველი.,40,960,False
ganm_6833,ნიადაგმცა ჩემებრ ტირსა,"დაე, მუდამ ჩემსავით ტიროდეს.",40,960,True
ganm_6834,აღუფხვრი,"ამოუძირკვავ, ამოუფხვრი.",40,960,False
ganm_6835,სადათ,საიდან.,40,960,False
ganm_6836,მაგრა,მაგრამ.,40,960,False
ganm_6837,ასწირავს,"1. მიატოვებს, 2. გასწირავს.",40,960,False
ganm_6838,ასწვდების,სწვდება.— ზმნისწინი ზმნისა “ასწვდების”. განმეორებულია აზრის გასაძლიერებლად.,40,961,False
ganm_6840,კვლაცა,აქ: კიდეც. საერთო აზრია: ცრემლი ადრეც მდენია და ახლაც მდის.,40,961,False
ganm_6840,კვლაცა,აქ: კიდეც. საერთო აზრია: ცრემლი ადრეც მდენია და ახლაც მდის.,40,961,False
ganm_6841,აწ,ახლა.,40,961,False
ganm_6842,აგრე,ასე.,40,961,False
ganm_6843,ვით,როგორც.,40,961,False
ganm_6845,სწორი,"თანასწორი, ერთნაირი.",40,961,False
ganm_6846,ძეს,"ძევს, დევს.",40,961,False
ganm_6847,კაცით,კაციდან.,40,961,False
ganm_6849,ძღებოდეს,ძღებოდნენ.,40,962,False
ganm_6850,მუნ,იქ.,40,962,False
ganm_6851,დაივსებდა,იქრობდა.,40,962,False
ganm_6852,სახმილსა,"ცეცხლს, ალს (ტანჯვისას).",40,962,False
ganm_6853,კვლა,კიდევ.,40,962,False
ganm_6854,თინათინის გონება,თინათინზე ფიქრი.,40,962,True
ganm_6856,ბაგეთათ,ბაგეებიდან.,40,962,False
ganm_6872,და,"ზმნისწინი ზმნისა “დაგაგდე”, განმეორებული აზრის გასაძლიერებლად.",40,963,False
ganm_6860,ღვრებო და,ღრებოდა; ჭნებოდა.,40,963,True
ganm_6872,და,"ზმნისწინი ზმნისა “დაგაგდე”, განმეორებული აზრის გასაძლიერებლად.",40,963,False
ganm_6872,და,"ზმნისწინი ზმნისა “დაგაგდე”, განმეორებული აზრის გასაძლიერებლად.",40,963,False
ganm_6864,ბროლი,"თეთრი პირისახისა,",40,963,False
ganm_6872,და,"ზმნისწინი ზმნისა “დაგაგდე”, განმეორებული აზრის გასაძლიერებლად.",40,963,False
ganm_6865,ლალი გათლილი,"ლოყებისა,",40,963,True
ganm_6872,და,"ზმნისწინი ზმნისა “დაგაგდე”, განმეორებული აზრის გასაძლიერებლად.",40,963,False
ganm_6867,გარდიქცეო და,იქცეოდა.,40,963,True
ganm_6872,და,"ზმნისწინი ზმნისა “დაგაგდე”, განმეორებული აზრის გასაძლიერებლად.",40,963,False
ganm_6872,და,"ზმნისწინი ზმნისა “დაგაგდე”, განმეორებული აზრის გასაძლიერებლად.",40,963,False
ganm_6870,"იტყვის, თუ",ამბობს.,40,963,True
ganm_6871,და გაგდე,მიგატოვე.,40,963,True
ganm_6872,და,"ზმნისწინი ზმნისა “დაგაგდე”, განმეორებული აზრის გასაძლიერებლად.",40,963,False
ganm_6872,და,"ზმნისწინი ზმნისა “დაგაგდე”, განმეორებული აზრის გასაძლიერებლად.",40,963,False
ganm_6873,ეტყვის,ეუბნება.,40,964,False
ganm_6874,დარად,მსგავსად.,40,964,False
ganm_6875,ხელსა,"გახელებულს, შმაგს, გონდაკარგულს.",40,964,False
ganm_6876,მალხენს,"მსიამოვნებს, გულს მიამებს.",40,964,False
ganm_6877,ამად,ამიტომ.,40,964,False
ganm_6878,გიჭვრეტ,გიყურებ.,40,964,False
ganm_6874,დარად,მსგავსად.,40,964,False
ganm_6880,მაგრა,მაგრამ.,40,964,False
ganm_6881,დააგდე,დასტოვე.,40,964,False
ganm_6882,ზამთრის,ზამთარში.,40,965,False
ganm_6886,ივნებს,გაიტანჯება.,40,965,False
ganm_6883,ორნი,იგულისხმება: თინათინი და ტარიელი.,40,965,False
ganm_6884,დამიყრიან,დამიტოვებია.,40,965,False
ganm_6885,რად,აქ: როგორ.,40,965,False
ganm_6886,ივნებს,გაიტანჯება.,40,965,False
ganm_6885,რად,აქ: როგორ.,40,965,False
ganm_6889,არაოდეს,არასოდეს.,40,965,False
ganm_6886,ივნებს,გაიტანჯება.,40,965,False
ganm_6891,ანუ,ან.,40,965,False
ganm_6886,ივნებს,გაიტანჯება.,40,965,False
ganm_6892,ეუბნების,ელაპარაკება.,40,966,False
ganm_6893,ეტყვის,ეუბნება.,40,966,False
ganm_6894,გეაჯები,გევედრები.,40,966,False
ganm_6895,მძლე,"მძლევი, მომრევი.",40,966,False
ganm_6895,მძლე,"მძლევი, მომრევი.",40,966,False
ganm_6895,მძლე,"მძლევი, მომრევი.",40,966,False
ganm_6897,ვინ,ვინც.,40,966,False
ganm_6898,სვე,ბედი.,40,966,False
ganm_6900,მო,მოდი.,40,967,False
ganm_6900,მო,მოდი.,40,967,False
ganm_6900,მო,მოდი.,40,967,False
ganm_6904,გეაჯები,გევედრები.,40,968,False
ganm_6905,მართალსა,სამართლიანს.,40,968,False
ganm_6906,ბრჭესა,მოსამართლეს.,40,968,False
ganm_6907,გაებრჭობის გული გულსა,"(ჩემი) გული (თინათინის) გულს შეედავება, სამართალს მოძებნის.",40,968,True
ganm_6908,ამრუდებ,აქ: გაამტყუნებ.,40,968,False
ganm_6909,უმართლესსა,უფრო მართალს.,40,968,False
ganm_6912,უთხრენ,უთხარ!,40,969,False
ganm_6914,გააგონენ,გააგებინე!,40,969,False
ganm_6915,რაგვარ გასრულვარ,როგორ გავმხდარვარ.,40,969,True
ganm_6917,ასპიროზ,ვენერა.,40,970,False
ganm_6918,მარგე რა,მიშველე რამე!,40,970,True
ganm_6919,ვინ მარგალიტსა გარეშე მოსცავს ძოწისა ბაგითა,ვის მარგალიტებრ კბილებსაც გარს ძოწისებრ წითელი მარჯნისებრი ბაგე ავლია.,40,970,True
ganm_6920,დააშვენებ,"ამშვენებ, ალამაზებ, სიტურფეს ანიჭებ.",40,970,False
ganm_6921,დააგდებ,დატოვებ.,40,970,False
ganm_6922,ცნობითა,გონებით.,40,970,False
ganm_6924,შენგან კიდე,შენს გარდა.,40,971,True
ganm_6925,გიკვეთ,"აქ: წაგითლი. ან: მოგცემ, გაკუთვნებ (ალ. ჭინჭარაული).",40,971,False
ganm_6926,გაწლობილსა,"გაწვრილებულს, გალეულს.",40,971,False
ganm_6927,მო,მოდი.,40,972,False
ganm_6928,ვმჭლდები,ვხდები.,40,972,False
ganm_6929,მზე,(თინათინი).,40,972,False
ganm_6929,მზე,(თინათინი).,40,972,False
ganm_6930,ვსხვდები,ვმსხვილდები.,40,972,False
ganm_6931,ვწვლდები,ვწვრილდები.,40,972,False
ganm_6932,მას,(თინათინს).,40,972,False
ganm_6933,სჯანი,ტანჯვანი.,40,972,False
ganm_6934,ანუ,ან.,40,972,False
ganm_6935,რაგვარ,როგორ.,40,972,False
ganm_6936,ვბნდები,"გონებას ვკარგავ, გული მიმდის.",40,972,False
ganm_6937,ბნდებიან,გონებას კარგავენ.,40,973,False
ganm_6938,მოვლენ,მოდიან.,40,973,False
ganm_6939,მოწმად მყვებიან,"მოწმედ მიდგებიან, მემოწმებიან.",40,973,True
ganm_6940,მას,(თინათინს).,40,973,False
ganm_6941,გააგონნენ,გააგებინებენ.,40,973,False
ganm_6942,რანიცა ცეცხლნი,რა ცეცხლნიც.,40,973,True
ganm_6943,უშრეტნი,ჩაუქრობელნი.,40,973,False
ganm_6944,აწ,ახლა.,40,974,False
ganm_6945,ეტყვის,ეუბნება.,40,974,False
ganm_6947,ეშმა,ეშმაკი.,40,974,False
ganm_6948,თუ-რე გძმობია,ხომ არ გძმობია?,40,974,True
ganm_6950,სთმობია,თმად ჰქონია. ყორნის ბოლო შავი თმის აღმნიშვნელი მეტაფორაა.,40,974,False
ganm_6951,მაგრა,მაგრამ.,40,974,False
ganm_6952,დასთმობ,მოითმენ.,40,974,False
ganm_6953,დასათმობია,მოსათმენია.,40,974,False
ganm_6954,თუ დავრჩეო,"რომ დავრჩეო, რომ ცოცხალი ვიყოო.",40,975,True
ganm_6955,ესე,ეს.,40,975,False
ganm_6956,სიცოცხლისა იტყვის თუსა,"სიცოცხლის შესაძლებლობაზე ლაპარაკობს, სიცოცხლის შესაძლებლობას აფასებს.",40,975,True
ganm_6957,ნუთუ,ეგებ.,40,975,False
ganm_6958,მომხვდეს,"შემხვდეს, წილად მერგოს.",40,975,False
ganm_6959,ვიზახი,ვიძახი.,40,975,False
ganm_6960,მიწყივ,გამუდმებით. უ მწუხარების გამომხატველი შორისდებულია.,40,975,False
ganm_6962,ხმასა თანა,ხმასთან (შედარებით).,40,975,True
ganm_6963,რა ესმოდის,რომ ესმოდათ.,40,976,True
ganm_6964,ყმისა,მოყმის.,40,976,False
ganm_6965,სმენად,მოსასმენად.,40,976,False
ganm_6966,მოვიდიან,მოდიოდნენ.,40,976,False
ganm_6967,წყლით,წყლიდან.,40,976,False
ganm_6968,გამოსხდიან,"გამოდიოდნენ, გამოსხდებოდნენ ხოლმე.",40,976,False
ganm_6969,რა ატირდის,რომ ატირდებოდა ხოლმე.,40,976,True
ganm_6970,მოვიდიან,მოდიოდნენ.,40,977,False
ganm_6971,ქვეყნით,(მთელი) დედამიწიდან.,40,977,False
ganm_6973,წყალშით,წყლიდან.,40,977,False
ganm_6974,ზღვით,ზღვიდან.,40,977,False
ganm_6975,ცით,ციდან.,40,977,False
ganm_6976,საბერძნეთით,საბერძნეთიდან.,40,977,False
ganm_6977,მაშრიყით,აღმოსავლეთიდან.,40,977,False
ganm_6978,მაღრიბელნი,დასავლელები.,40,977,False
ganm_6979,მოფრანგენი,ფრანგნი (იგულისხმება: ევროპელები).,40,977,False
ganm_6980,მისრეთით,ეგვიპტიდან.,40,977,False
ganm_6981,მეგვიპტელნი,ეგვიპტელები.,40,977,False
ganm_6982,სამოც-ათ დღე,სამოცდაათ დღეს.,41,978,True
ganm_6983,მივა,მიდის.,41,978,False
ganm_6984,შორით,შორიდან.,41,978,False
ganm_6985,მენავენი,მეზღვაურები.,41,978,False
ganm_6986,მოვიდოდეს,მოდიოდნენ.,41,978,False
ganm_6987,შიგან ზღვასა,ზღვაში.,41,978,True
ganm_6988,გნუკევ,"გთხოვთ, გეხვეწებით.",41,978,False
ganm_6989,ანაგებითა,აღნაგობით.,41,979,False
ganm_6990,გვეუცხოვე,"იშვიათი, გამორჩეული გვეჩვენე.",41,979,False
ganm_6991,გვეკეთე,მოგვეწონე.,41,979,False
ganm_6992,მით,ამიტომ.,41,979,False
ganm_6993,გეუბნებით,"გელაპარაკებით, მოგმართავთ.",41,979,False
ganm_6994,ზღვარი,საზღვარი. აქ: ტერიტორია.,41,979,False
ganm_6995,მოზღვრე,"მოსაზღვრე, მეზობელი.",41,979,False
ganm_6996,ჭვრეტით,ყურებით.,41,979,False
ganm_6997,დავბნდებით,"გონებას დავკარგავთ, გული წაგვივა.",41,979,False
ganm_6999,მხნე,ძლიერი.,41,980,False
ganm_7000,ფიცხლად,სწრაფად.,41,980,False
ganm_7001,მომხლტომი,"გადამხტუნებელი, ადგილიდან მომწყვეტი. ან: (ცხენზე) შემხტომი (ალ. ჭინჭარაული).",41,980,False
ganm_7002,ვნება,"ზიანის მიყენება, რაიმეს დაშავება.",41,980,False
ganm_7003,ძალ-უც,შეუძლია.,41,980,False
ganm_7004,მის მზისა ოდნად მშვენისა,იმ მზესავით მშვენიერისა.,41,980,True
ganm_7005,ცით,ციდან.,41,980,False
ganm_7008,რა,"აქ: რამდენი, რა მანძილი.",41,981,False
ganm_7006,გარდგეკიდე,"გადაგეყარეთ, შეგხვდით.",41,981,False
ganm_7007,სით,საით.,41,981,False
ganm_7008,რა,"აქ: რამდენი, რა მანძილი.",41,981,False
ganm_7009,ოდეს,როდის.,41,981,False
ganm_7008,რა,"აქ: რამდენი, რა მანძილი.",41,981,False
ganm_7010,დააგდეს,"დატოვეს, მიატოვეს.",41,981,False
ganm_7012,ესე,ეს.,41,982,False
ganm_7020,ალი,"ლაპარაკია “ალზე”, რომელიც მეტაფორულად აღნიშნავს ავთანდილის სრულ¬ყო¬ფილებისაგან გამოწვეულ ბნედა-აღტაცებას.",41,982,False
ganm_7013,მუნ,იქ.,41,982,False
ganm_7014,მშვილდ-ფიცხელი,"კარგი მოისარი, ძნელად მოსაზიდი მშვილდის პატრონი. ან: მშვილდის სწრაფად მომხმარე (ალ. ჭინჭარაული).",41,982,False
ganm_7020,ალი,"ლაპარაკია “ალზე”, რომელიც მეტაფორულად აღნიშნავს ავთანდილის სრულ¬ყო¬ფილებისაგან გამოწვეულ ბნედა-აღტაცებას.",41,982,False
ganm_7015,აქადაღმა,"აქედან, ამ დროიდან.",41,982,False
ganm_7016,ნაკვთად,აღნაგობით.,41,982,False
ganm_7017,სარო,კვიპაროსი. წერწეტი ტანის აღმნიშვნელი მეტაფორაა.,41,982,False
ganm_7020,ალი,"ლაპარაკია “ალზე”, რომელიც მეტაფორულად აღნიშნავს ავთანდილის სრულ¬ყო¬ფილებისაგან გამოწვეულ ბნედა-აღტაცებას.",41,982,False
ganm_7019,უცხო,"იშვიათი, განსაკუთრებული. შეიძლება “უცხო” გავიგოთ როგორც პოეტური ლიცენცია, რომელიც ნიშნავს “უცხონი”. მაშინ მძიმე დაისმის “უცხო”–ს შემდეგ (ალ. ჭინჭარაული).",41,982,False
ganm_7019,უცხო,"იშვიათი, განსაკუთრებული. შეიძლება “უცხო” გავიგოთ როგორც პოეტური ლიცენცია, რომელიც ნიშნავს “უცხონი”. მაშინ მძიმე დაისმის “უცხო”–ს შემდეგ (ალ. ჭინჭარაული).",41,982,False
ganm_7020,ალი,"ლაპარაკია “ალზე”, რომელიც მეტაფორულად აღნიშნავს ავთანდილის სრულ¬ყო¬ფილებისაგან გამოწვეულ ბნედა-აღტაცებას.",41,982,False
ganm_7021,ვით,როგორ.,41,983,False
ganm_7022,გეკეთნეს,მოგეწონნენ.,41,983,False
ganm_7024,თქვენმცა მაშინ გენახენით,"მაშინ უნდა გენახეთ, (როცა...).",41,983,True
ganm_7025,ვდეგით,ვიდექით. აქ: ვიყავით.,41,983,False
ganm_7027,დავაშვენნით,ვამშვენებდით. გ და დ ტაეპებში ავთანდილი თავის თავზე მრ. რიცხვში ლაპარაკობს.,41,983,False
ganm_7028,იგი,აქ: იგინი.,41,984,False
ganm_7029,წავიდეს,წავიდნენ.,41,984,False
ganm_7030,დაბრუნდა,"აქ: მიბრუნდა წასასვლელად, გაუდგა (გზას).",41,984,False
ganm_7031,თავის-წინასა,"მარტო სავალს, თავისას.",41,984,False
ganm_7032,სარო,კვიპაროსი.,41,984,False
ganm_7033,მიაცორვებს,ჩორთით ან ტარებით მიჰყავს (ცხენი).,41,984,False
ganm_7034,მიუბნობს,"მიდის და თან ლაპარაკობს (აქ, როგორც ჩანს: მღერის).",41,984,False
ganm_7035,მოსთქვამს მისსავე ლხინასა,"მოსთქვამს იმას, რაც ალხენს, მწუხარებას უმსუბუქებს.",41,984,True
ganm_7036,ნარგისნი,ქუთუთოების აღმნიშვნელი მეტაფორაა.,41,984,False
ganm_7037,ჩარცხის,"რეცხავს. ტაეპის აზრია: მტირალი ავთანდილი თვალებს ახამხამებს, ცრემლი რეცხავს მის ბროლისა და მინანქრის მსგავს პირისახეს.",41,984,False
ganm_7044,გზას,"გზისთვის, გზაში.",41,985,False
ganm_7038,ნახნის,ნახულობდა ხოლმე.,41,985,False
ganm_7039,"ჰმსახურებდიან, ჰყმობდიან","ემსახურებოდნენ, ყმად უხდებოდნენ.",41,985,True
ganm_7040,მოეხვივნიან,გარს შემოეხვეოდნენ ხოლმე.,41,985,False
ganm_7041,სტრფიალობდიან,აღტაცებით შეაცქერდებოდნენ ხოლმე.,41,985,False
ganm_7042,ეძნელებოდის,ეძნელებოდათ.,41,985,False
ganm_7043,დასთმობდიან,ითმენდნენ.,41,985,False
ganm_7044,გზას,"გზისთვის, გზაში.",41,985,False
ganm_7045,ყოლაუზი,მეგზური.,41,985,False
ganm_7046,მისციან,აძლევდნენ.,41,985,False
ganm_7047,ჰკითხის რა,(თუ) რამეს ჰკითხავდა.,41,985,True
ganm_7048,მიეახლა,მიუახლოვდა.,41,986,False
ganm_7049,ადრე,აქ: სწრაფად.,41,986,False
ganm_7050,სპა,აქ: ჯარისკაცები.,41,986,False
ganm_7051,ლაშქართა,"აქ: ჯარის ნაწილს, დიდ რაზმს.",41,986,False
ganm_7052,მსრველსა,"მხოცველს. ტაეპის აზრია: დაინახა ჯარისკაცები. შეიტყო, რომ ბევრნი იყვნენ და სანადიროდ იყვნენ გამოსულნი.",41,986,False
ganm_7053,ყოვლგნით,ყველა მხრიდან.,41,986,False
ganm_7054,შემოეკრა,შემოეკრათ.,41,986,False
ganm_7055,მოსდგომოდეს გარე,გარს შემოსდგომოდნენ.,41,986,True
ganm_7056,ისრიან,ისვრიან.,41,986,False
ganm_7057,იზახიან,ყვირიან.,41,986,False
ganm_7058,ვითა,როგორც.,41,986,False
ganm_7060,ემთხვია,შეჰხვდა.,41,987,False
ganm_7061,მის ლაშქარისა,იმ ლაშქრისა.,41,987,True
ganm_7062,ისი,ის.,41,987,False
ganm_7062,ისი,ის.,41,987,False
ganm_7063,ზარისა,"ზეიმის, ხალხმრავლობის, მისვლა-მოსვლის.",41,987,False
ganm_7063,ზარისა,"ზეიმის, ხალხმრავლობის, მისვლა-მოსვლის.",41,987,False
ganm_7064,შამბნარი,ბუჩქნარი; ან: მაღალი უხეში ბალახით დაფარული ადგილი.,41,987,False
ganm_7065,მით უსახოთა ქცევითა,იმ შეუდარებელი მიხვრა-მოხვრით.,41,988,True
ganm_7066,მის ყმისა,იმ მოყმის.,41,988,True
ganm_7068,მზე ვითა,"მზესავით. ტაეპის აზრია: ავთანდილისაგან შორს მყოფებს (გამყრელთ) მისი ვერნახვის სინანული აწუხებთ, ახლოს მყოფებს (შემყრელთ) მისი მშვენიერებისაგან აღტაცება ცეცხლივით წვავს.",41,988,True
ganm_7069,ახელებს,გონებას აკარგვინებს.,41,988,False
ganm_7071,ყოლბსა შუა,ალყის შუანაწილში.,41,989,True
ganm_7072,სითმე,საიდანღაც.,41,989,False
ganm_7073,შეუტივა,"აქ: (ცხენი) მიუშვა, ცხენით გაეკიდა.",41,989,False
ganm_7074,შესტყორცა,ესროლა (ისარი). დაეცა (ორბი).,41,989,False
ganm_7075,გარდახდა,ჩამოქვეითდა.,41,989,False
ganm_7077,მესროლნი,მსროლელნი.,41,990,False
ganm_7078,მოეშლებოდეს,"მოეშვნენ, შეწყვიტეს.",41,990,False
ganm_7079,მოვიდეს,მოვიდნენ.,41,990,False
ganm_7080,მოეხვეოდეს,გარს ეხვეოდნენ.,41,990,False
ganm_7081,ბნდებოდეს,(აღტაცებისაგან) გონებას კარგავდნენ.,41,990,False
ganm_7082,აქათ,აქეთ.,41,990,False
ganm_7083,უვლიდეს,უვლიდნენ.,41,990,False
ganm_7084,ჰყვებოდეს,მისდევდნენ.,41,990,False
ganm_7085,ჰკადრებდეს,უბედავდნენ.,41,990,False
ganm_7086,რას,რამეს.,41,990,False
ganm_7087,ეუბნებოდეს,ეუბნებოდნენ.,41,990,False
ganm_7088,დგა,იდგა.,41,991,False
ganm_7089,დგებოდა,"დამდგარიყო, იდგა.",41,991,False
ganm_7090,ჰხლებოდა,ახლდა.,41,991,False
ganm_7091,მუნ,იქ.,41,991,False
ganm_7092,დაემართა,"გაემართა, წავიდა.",41,991,False
ganm_7093,ყოლბი,"აქ: მოალყე მონადირეები, ალყის შუაში რომ იდგნენ.",41,991,False
ganm_7094,ჰყვებოდა,მისდევდა.,41,991,False
ganm_7095,ისი,ის.,41,992,False
ganm_7096,სპანი,ჯარისკაცები.,41,992,False
ganm_7097,წადიან,მიდიან.,41,992,False
ganm_7098,ვითა,როგორც.,41,992,False
ganm_7099,ფიცხლა,სწრაფად.,41,992,False
ganm_7100,სარო,კვიპაროსი. წერწეტი ტანის აღმნიშვნელი მეტაფორაა.,41,992,False
ganm_7101,გაურეტდეს,გაურეტდნენ.,41,992,False
ganm_7102,ცნა,მიხვდა.,41,993,False
ganm_7103,ისია,ისაა.,41,993,False
ganm_7104,რებული,წამოსული.,41,993,False
ganm_7105,წა,წადი.,41,993,False
ganm_7106,ჰკადრე,უთხარი.,41,993,False
ganm_7107,პატრონსა,აქ: მეფეს.,41,993,False
ganm_7104,რებული,წამოსული.,41,993,False
ganm_7109,ღარიბი,"მოგზაური, სამშობლოდან გადახვეწილი.",41,993,False
ganm_7110,საყოფთა,"საცხოვრებელს, სამშობლოს.",41,993,False
ganm_7111,თქვენს წინა,თქვენთან.,41,993,True
ganm_7104,რებული,წამოსული.,41,993,False
ganm_7112,ფრიდონის,ფრიდონთან.,41,994,False
ganm_7113,თხრობად,სათქმელად.,41,994,False
ganm_7118,ისი,იგი.,41,994,False
ganm_7119,სად,სადმე.,41,994,False
ganm_7114,მოსრული,მოსული.,41,994,False
ganm_7118,ისი,იგი.,41,994,False
ganm_7119,სად,სადმე.,41,994,False
ganm_7115,ვაზრობ,"ვფიქრობ, ვვარაუდობ.",41,994,False
ganm_7116,იგიცა,აქ: ისინიც.,41,994,False
ganm_7117,დაშმაგდენ,"გაშმაგდებიან (აღტაცებისაგან), გახელდებიან.",41,994,False
ganm_7118,ისი,იგი.,41,994,False
ganm_7119,სად,სადმე.,41,994,False
ganm_7118,ისი,იგი.,41,994,False
ganm_7120,შეყრად,შესახვედრად (მოსული).,41,994,False
ganm_7112,ფრიდონის,ფრიდონთან.,41,994,False
ganm_7118,ისი,იგი.,41,994,False
ganm_7119,სად,სადმე.,41,994,False
ganm_7124,თვალთა,თვალთაგან.,41,995,False
ganm_7123,აუჩუქდა,აუჩუყდა.,41,995,False
ganm_7125,დაზრა,"გაყინა. ტაეპის აზრი, როგორც ჩანს, შემდეგია: ფრიდონმა ცხენი გამოაქროლა. სახეზე (მეტაფორით: ვარდზე) ქარი ეცა. თვალები მოჭარბებული გრძნობისაგან ისე დააფახუნა, რომ ბუქი ააყენა.",41,995,False
ganm_7126,შეიყარნეს,"შეიყარნენ, ერთმანეთს შეჰხვდნენ.",41,995,False
ganm_7127,"იქო, არ გაუქდა",ერთი და იგივე აზრი გამოთქმულია დადებითი და უარყოფითი ფორმით.,41,995,True
ganm_7128,ფიცხლა,სწრაფად.,41,996,False
ganm_7130,ჩავლო,ჩაიარა.,41,996,False
ganm_7129,იგი,ის.,41,996,False
ganm_7132,ესე,ეს.,41,996,False
ganm_7133,ისი,ის.,41,996,False
ganm_7135,ჰმეტობდა,აღემატებოდა.,41,996,False
ganm_7136,გარდაუხდეს,ჩამოუხდნენ ცხენებიდან.,41,996,False
ganm_7137,მოეხვივნეს,გადაეხვივნენ.,41,997,False
ganm_7138,უცხოობით,უცხოობის გამო.,41,997,False
ganm_7139,არ დაჰრიდონ,არ დაერიდებიან (ერთმანეთის გადახვევას).,41,997,True
ganm_7140,თვით,"აქ: უნდა ითქვას, რომ.",41,997,False
ganm_7141,უსახოდ,"შეუდარებლად, სიტყვით უთქმელად, ძალიან.",41,997,False
ganm_7142,ყმა,(ავთანდილი).,41,997,False
ganm_7142,ყმა,(ავთანდილი).,41,997,False
ganm_7146,რა,რამე.,41,997,False
ganm_7143,იგი,იგულისხმება: იგინი.,41,997,False
ganm_7145,გააფლიდონ,"არარად, ხსენების უღირსად ჩათვლიან.",41,997,False
ganm_7146,რა,რამე.,41,997,False
ganm_7147,მოყმენი,"რაინდნი, მებრძოლნი.",41,998,False
ganm_7148,ვინცა ვინ,ვინც გინდა.,41,998,True
ganm_7149,ვით ეგებიან,როგორ შეიძლება იყონ? როგორ იქნებიან? ტაეპის აზრია: ფრიდონისთანა მოყმე სხვა ვინმე როგორ იქნება?,41,998,True
ganm_7150,მაგ რა,მაგრამ.,41,998,True
ganm_7154,რა,როცა.,41,998,False
ganm_7151,ახლვან,"აქ: აქვს, უწევს ხოლმე, ჰრგებიან.",41,998,False
ganm_7152,მიჰხვდებიან,ერგებიან.,41,998,False
ganm_7153,უჩინო იქმს,"უჩინოს ხდის, ჩრდილავს.",41,998,True
ganm_7154,რა,როცა.,41,998,False
ganm_7155,ჰკრთებიან,"უბრწყინავენ, გადმოედინებიან. სტროფის აზრია: ფრიდონი კარგი მოყმეა. მას თავისი სარგო ქება უკვე მიღებული აქვს. მეტი ქება მას ახლა აღარ ერგება, რადგან ავთანდილთან იგი ვერ ჩანს, როგორც მზესთან- მნათობნი და დღის შუქთან- სანთელი.",41,998,False
ganm_7156,სრასა,სასახლეში.,41,999,False
ganm_7157,მოეშალნეს,მოეშვნენ.,41,999,False
ganm_7158,სრვასა,ხოცვას.,41,999,False
ganm_7159,ჭვრეტად,სანახავად.,41,999,False
ganm_7161,სპანი,ჯარისკაცები.,41,999,False
ganm_7160,იქით-აქათ,აქეთ-იქიდან.,41,999,False
ganm_7163,ხორციელი,აქ: ადამიანი.,41,999,False
ganm_7164,ნეტარ,ნეტავ.,41,999,False
ganm_7165,ეტყვის,ეუბნება.,41,1000,False
ganm_7166,გიამბო,გიამბობ.,41,1000,False
ganm_7167,სით მოვალ,საიდან მოვდივარ.,41,1000,True
ganm_7168,ვინათგან,ვინაიდან.,41,1000,False
ganm_7169,ჰლამი,"ჰლამობ, სცდილობ.",41,1000,False
ganm_7170,ცნობასა,შეტყობას.,41,1000,False
ganm_7171,ძმად მიხმობს,ძმას მეძახის.,41,1000,True
ganm_7172,მოყმე,რაინდი.,41,1001,False
ganm_7173,არაბეთს ზრდილობით,არაბეთში გაზრდილი.,41,1001,True
ganm_7174,სპასპეტი,სარდალი.,41,1001,False
ganm_7175,საკრძალავი,"აქ: საპატიო, დიდებული, სხვებისაგან რიდითა და კრძალვით სახსენებელი.",41,1001,False
ganm_7176,უკადრი,"ამაყი, ღირსეული.",41,1001,False
ganm_7177,მყოფი არვისგან ცილობით,"ისეთი, ვისაც შეცილებას ვერავინ უბედავს.",41,1001,True
ganm_7178,ვაწვიეთ,"დავუძახეთ, დავიბარეთ.",41,1002,False
ganm_7179,რაგვარ,როგორ.,41,1002,False
ganm_7180,სწვიდა,სწვავდა.,41,1002,False
ganm_7181,სპანი,"მეომრები, ჯარისკაცები.",41,1003,False
ganm_7182,შეპყრობად,დასაჭერად.,41,1003,False
ganm_7183,შეუზახნა,"შეუსია, მის წინააღმდეგ დაუძახა.",41,1003,False
ganm_7184,უჭირველად,ადვილად.,41,1003,False
ganm_7185,ომი,ბრძოლა.,41,1003,False
ganm_7186,მისჭირდებოდა,უჭირდა. აქ: გაუჭირდა.,41,1003,False
ganm_7187,მუნღა,მაშინღა.,41,1003,False
ganm_7188,ცნეს,"გაიგეს, მიხვდნენ.",41,1003,False
ganm_7189,ეტლი,თანავარსკვლავედი.,41,1003,False
ganm_7191,მათ სპათაგან,იმ ჯარისკაცების მიერ.,41,1004,True
ganm_7192,ვერ-შეპყრობა,ვერდაჭერა.,41,1004,False
ganm_7193,ცნეს,გაიგეს.,41,1004,False
ganm_7194,მეფეთა,იგულისხმება: როსტევანმა. მრ. რიცხვი მეფისადმი მოწიწებას გამოხატავს.,41,1004,False
ganm_7197,მუნღა,მაშინღა.,41,1004,False
ganm_7198,დაჰკრთა,"აქ: გაეცალა, გაერიდა.",41,1004,False
ganm_7199,ეშმაურობა,ეშმაკისმიერობა. აზრია: ბოროტი სული გვეგონა.,41,1005,False
ganm_7200,დაჭმუნდა,დანაღვლიანდა.,41,1005,False
ganm_7201,არ-დასტურობა,"ხელთ არქონა, ნამდვილის არცოდნა.",41,1005,False
ganm_7202,მწვიდა,მწვავდა.,41,1005,False
ganm_7204,დაკოდილი,დაჭრილი.,41,1006,False
ganm_7205,ვარდი,მეტაფორა გულისხმობს ტარიელს.,41,1006,False
ganm_7206,მოყ ვითა ნო,ყვითელ ფერდაკრული.,41,1006,True
ganm_7208,ვითა,როგორც.,41,1006,False
ganm_7207,შუქ-მკრთალი,"შუქგამკრთალი, შუქჩამქრალი.",41,1006,False
ganm_7208,ვითა,როგორც.,41,1006,False
ganm_7208,ვითა,როგორც.,41,1006,False
ganm_7209,ქ ვა ბნი,გამოქვაბულები.,41,1007,True
ganm_7214,ვა,"ვაება, “ვა”–ს ძახილი.",41,1007,False
ganm_7210,წაუხმან,წაურთმევია.,41,1007,False
ganm_7211,სრულად,სულ.,41,1007,False
ganm_7212,გაჰმესისხლებია,"მესისხლედ, უწყალო კაცად მოჰვლენია. აქ: დაუხოცავს.",41,1007,False
ganm_7213,მუნ,იქ.,41,1007,False
ganm_7216,ხლა,"შავი მანდილი, თავსაკრავი.",41,1007,False
ganm_7214,ვა,"ვაება, “ვა”–ს ძახილი.",41,1007,False
ganm_7214,ვა,"ვაება, “ვა”–ს ძახილი.",41,1007,False
ganm_7214,ვა,"ვაება, “ვა”–ს ძახილი.",41,1007,False
ganm_7215,ჰმართებს,ეკუთვნის.,41,1007,False
ganm_7216,ხლა,"შავი მანდილი, თავსაკრავი.",41,1007,False
ganm_7217,ჰხლებია,"ხლად აქვს, მოხვეული აქვს.",41,1007,False
ganm_7218,ნაწთომი,ნაწვეთი.,41,1008,False
ganm_7220,ვითა,როგორც.,41,1008,False
ganm_7221,მიართვამს,მიართმევს ხოლმე.,41,1008,False
ganm_7222,მისგან კიდე,მის გარდა.,41,1008,True
ganm_7223,კაცთა ტომი,კაცთა ტომისა.,41,1008,True
ganm_7224,მანატრა,", როგორც ჩანს, ნიშნავს: მაღირსა ნატვრის ახდომა, ამისრულა ჩემგან ნანატრი (მისი ამბის გაგება).",41,1009,False
ganm_7225,დასთმნა,მოითმინა.,41,1009,False
ganm_7226,აწ,ახლა.,41,1009,False
ganm_7227,ენა ესე,ეს ენა.,41,1009,True
ganm_7228,ხელისა,"გახელებულისა, შმაგისა.",41,1009,False
ganm_7229,დამმარხველისა,"ახლობელის, საყვარელის. იგულისხმება: ნესტანის.",41,1009,False
ganm_7230,დადგების,"დგება, ჩერდება.",41,1010,False
ganm_7231,აროდეს,არასოდეს.,41,1010,False
ganm_7232,გარდახდების,ჩამოდის (ცხენიდან).,41,1010,False
ganm_7233,არას,აქ: არავის.,41,1010,False
ganm_7234,ნახავს,ნახულობს.,41,1010,False
ganm_7235,ჰკრთების,გაურბის.,41,1010,False
ganm_7236,მისსა მგონებელსა,მისი ფიქრის მქონეს.,41,1010,True
ganm_7237,მის ყმისა ცეცხლი მედების,აზრია: იმ მოყმის ტანჯვით მეც ვიტანჯები.,41,1011,True
ganm_7238,შემებრალნეს,შემეცოდა.,41,1011,False
ganm_7239,გავხე გულითა ხელითა,"გულგახელებული გავხდი, გული გამიხელდა, გამიშმაგდა.",41,1011,True
ganm_7240,ზღვითა და ხმელითა,ზღვასა და ხმელზე.,41,1011,True
ganm_7241,შევიქეც,დავბრუნდი.,41,1011,False
ganm_7242,ჭ მუნ ვა სა,მწუხარებას.,41,1012,True
ganm_7245,მუნ,იქ.,41,1012,False
ganm_7246,ვა,გლოვის გამომხატველი შორისდებულია.,41,1012,False
ganm_7243,დავყარენ,დავტოვე.,41,1012,False
ganm_7244,მით,ამიტომ.,41,1012,False
ganm_7245,მუნ,იქ.,41,1012,False
ganm_7246,ვა,გლოვის გამომხატველი შორისდებულია.,41,1012,False
ganm_7246,ვა,გლოვის გამომხატველი შორისდებულია.,41,1012,False
ganm_7246,ვა,გლოვის გამომხატველი შორისდებულია.,41,1012,False
ganm_7248,აწ,ახლა.,41,1013,False
ganm_7249,უებრო,სწორუპოვარი.,41,1013,False
ganm_7250,გამომირჩივე,მირჩიე.,41,1013,False
ganm_7251,სით,საით.,41,1013,False
ganm_7252,მის მზისა ზენისა,იმ ზეციური მზისა (იგილისხმება: ნესტანის).,41,1013,True
ganm_7253,ამაზრზენისა,"აქ: გამტანჯველის, ამფორიაქებლის, გულისყურის დამბნევის.",41,1013,False
ganm_7254,აწ,ახლა.,41,1014,False
ganm_7255,მის ყმისა,იმ მოყმის (ავთანდილის).,41,1014,True
ganm_7256,ნაუბარითა,ნათქვამით.,41,1014,False
ganm_7257,სწორად,"თანასწორად, ერთნაირად.",41,1014,False
ganm_7258,მოსთქმიდეს,მოსთქვამდნენ.,41,1014,False
ganm_7259,ტირან,ტირიან.,41,1014,False
ganm_7261,ტევრთა ნაგუბარითა,. იგულისხმება: ტევრივით ხშირ წამწამებში დაგუბებული ცრემლით.,41,1014,True
ganm_7262,ლაშქართა შიგან,"ლაშქარში, ჯარში.",41,1015,True
ganm_7263,სრევა,"გადაყრა, სროლა (მწუხარების ნიშნად დაფხრეწილი რიდისა).",41,1015,False
ganm_7265,უხანობა,გაუტანლობა.,41,1015,False
ganm_7266,საწუთრო,"წუთისოფელი, ეს ცხოვრება.",41,1015,False
ganm_7267,ფლიდი,"გაუტანელი, მუხთალი, ცრუ.",41,1015,False
ganm_7268,შეგასხათ,(იგულისხმება: ქება). ფრიდონი მიჰმართავს ტარიელს.,41,1016,False
ganm_7269,ხმელთა,მთელი ხმელეთის.,41,1016,False
ganm_7270,სამყაროსა,"სამყაროში. იგულისხმება “ზეცისა სამყარო” ანუ მყარი ზეცა, რომელიც, ძველთა წარმოდგენით, შვიდი მნათობის ცათა ზემოთ მდებარეობს.",41,1016,False
ganm_7273,მოახლეთა,ახლოს მყოფთა.,41,1016,False
ganm_7274,დამანთქმელო,"ჩამძირავო. აქ: დამღუპველო (შენ შემხედვარეთა, რომელნიც აღტაცებისაგან გონებას კარგავენ).",41,1016,False
ganm_7275,რა,რაც.,41,1017,False
ganm_7276,აქათ,აქეთ.,41,1017,False
ganm_7277,თუცა,თუმცა.,41,1017,False
ganm_7278,ჩემად,ჩემთვის.,41,1017,False
ganm_7275,რა,რაც.,41,1017,False
ganm_7279,გცალს,"გცალია, (ჩემი) თავი გაქვს.",41,1017,False
ganm_7280,შენთვის მომსურვებია,შენ მენატრები.,41,1017,True
ganm_7281,გიჩს,"მიგაჩნია, გეჩვენება.",41,1017,False
ganm_7282,დია,ძალიან.,41,1017,False
ganm_7283,მიმჭირვებია,გამჭირვებია.,41,1017,False
ganm_7284,გამარმებია,არმად გამხდომია; ჩემთვის შეუფერებლად მიმიჩნევია.,41,1017,False
ganm_7285,სული დაიღეს,გაჩუმდნენ.,41,1018,True
ganm_7286,დადუმდეს,დადუმდნენ.,41,1018,False
ganm_7287,მივლენ,მიდიან.,41,1018,False
ganm_7288,არ თურე,არა.,41,1018,True
ganm_7289,მჭვრეტთა,შემხედველებს.,41,1018,False
ganm_7291,მელნისა ტბათა,. მეტაფორულად: თვალებს.,41,1018,True
ganm_7292,მიჯარვით,"მიჯრით, მჭიდროდ.",41,1018,False
ganm_7293,ჰბურავს,ფარავს.,41,1018,False
ganm_7296,შევიდეს,შევიდნენ.,41,1019,False
ganm_7297,მუნ,იქ.,41,1019,False
ganm_7298,დაჰხვდა,დაჰხვდათ.,41,1019,False
ganm_7299,სრა,სასახლე.,41,1019,False
ganm_7300,სრული თა,"სრის, სასახლის შესაფერი მოწყობილობით.",41,1019,True
ganm_7303,სრული,"სავსე, უზრუნველყოფილი, სრულყოფილი. აქ: შესრულებული, მოგვარებული. ტაეპის აზრია: სასახლის მორთვა-მოკაზმვის საქმე შესრულებული იყო სამეფო კარის შესაფერისი წესრიგის სრული ცოდნით.",41,1019,False
ganm_7301,სახელმწიფო,ხელმწიფეთა შესაფერი.,41,1019,False
ganm_7300,სრული თა,"სრის, სასახლის შესაფერი მოწყობილობით.",41,1019,True
ganm_7303,სრული,"სავსე, უზრუნველყოფილი, სრულყოფილი. აქ: შესრულებული, მოგვარებული. ტაეპის აზრია: სასახლის მორთვა-მოკაზმვის საქმე შესრულებული იყო სამეფო კარის შესაფერისი წესრიგის სრული ცოდნით.",41,1019,False
ganm_7304,წესითა იყვნეს რულითა,რა წესით იყვნენ.,41,1019,True
ganm_7305,შეჰფრფინვიდიან,"აღტაცებით შეჰყურებდნენ, თვალს ვერ სწყვეტდნენ.",41,1019,False
ganm_7300,სრული თა,"სრის, სასახლის შესაფერი მოწყობილობით.",41,1019,True
ganm_7303,სრული,"სავსე, უზრუნველყოფილი, სრულყოფილი. აქ: შესრულებული, მოგვარებული. ტაეპის აზრია: სასახლის მორთვა-მოკაზმვის საქმე შესრულებული იყო სამეფო კარის შესაფერისი წესრიგის სრული ცოდნით.",41,1019,False
ganm_7307,ჯალაბობა,ხალხმრავლობა.,41,1020,False
ganm_7308,ხალვათი,მარტოობა. აქ: უსტუმრობა.,41,1020,False
ganm_7309,ერთგან,ერთად.,41,1020,False
ganm_7310,დასხდეს,დასხდნენ.,41,1020,False
ganm_7311,ვინმცა ვით თქვა,ვინ როგორ თქვას.,41,1020,True
ganm_7316,დასხდეს,დასხდნენ.,41,1021,False
ganm_7318,უმასპინძლებდეს,ჰმასპინძლობდნენ.,41,1021,False
ganm_7319,მოიღებდიან,მოჰქონდათ.,41,1021,False
ganm_7321,მაგრა,მაგრამ.,41,1021,False
ganm_7322,მის ყმისა,იმ მოყმის (ავთანდილის).,41,1021,True
ganm_7323,მას დღე,იმ დღეს.,41,1022,True
ganm_7324,გარდახდა,"გადავიდა, დამთავრდა.",41,1022,False
ganm_7325,რიცხვი,აქ: დიდი რაოდენობა.,41,1022,False
ganm_7326,ძეს,დევს.,41,1022,False
ganm_7327,მუნ,იქ.,41,1022,False
ganm_7329,დაყვნა დღენი რამე,დაჰყო რამდენიმე დღე.,41,1023,True
ganm_7330,თუცა,თუმცა.,41,1023,False
ganm_7331,სთმობდა,"ითმენდა, სძლებდა.",41,1023,False
ganm_7332,ფრიდონს თანა,ფრიდონთან.,41,1023,True
ganm_7333,გავიდის,გადიოდა ხოლმე.,41,1023,False
ganm_7334,თამაშობდა,ერთობოდა. შესაძლოა: ეჯიბრებოდა (ნადირობაში).,41,1023,False
ganm_7335,სწორად,ერთნაირად.,41,1023,False
ganm_7336,რას,რამეს.,41,1023,False
ganm_7337,ხელსა მიაპყრობდა,უმიზნებდა.,41,1023,True
ganm_7338,ყველაკასა,ყველას. ა,41,1023,False
ganm_7339,წბილობდა,"აწბილებდა, არცხვენდა.",41,1023,False
ganm_7340,ყმა,(ავთანდილი).,41,1024,False
ganm_7341,ეტყვის,ეუბნება.,41,1024,False
ganm_7342,მიჩს,"მიმაჩნია, მესახება.",41,1024,False
ganm_7343,მით,"ამიტომ, ამით.",41,1024,False
ganm_7344,თავსა ვევნები,ჩემი თავის მავნედ გამოვდივარ.,41,1024,True
ganm_7345,მცალს,მცალია.,41,1024,False
ganm_7346,დღე-კრულსა,უბედურს.,41,1024,False
ganm_7347,მოუთმენები,"გაუნელებელი (ან: გაუძლებელი, მოუთმენელი).",41,1024,False
ganm_7348,მიც,მაქვს.,41,1024,False
ganm_7349,დია დავეყენები,ძალიან ვყოვნდები.,41,1024,True
ganm_7350,მართალ-ა,"მართალია, არ გაემტყუნება.",41,1025,False
ganm_7351,თვალთათ,თვალთაგან.,41,1025,False
ganm_7352,მით,"იმიტომ, რომ.",41,1025,False
ganm_7353,მწვიდეს,დამწვავს.,41,1025,False
ganm_7354,ცთომა,გაცდენა.,41,1025,False
ganm_7355,იქმს,იზამს.,41,1025,False
ganm_7356,თავსა სწვრთიდეს,თავს (რომ) აგონებდეს (ამას).,41,1025,True
ganm_7357,დასაშლელი,საწინააღმდეგო. აქ: წასვლის დამშლელი.,41,1026,False
ganm_7358,არა,არაფერი.,41,1026,False
ganm_7359,გეთხრობის,გეთქმის.,41,1026,False
ganm_7360,რომე,რომ.,41,1026,False
ganm_7358,არა,არაფერი.,41,1026,False
ganm_7361,გცალს,გცალია.,41,1026,False
ganm_7362,მაგრა,მაგრამ.,41,1026,False
ganm_7363,ვითა,როგორ.,41,1026,False
ganm_7364,დაითმობის,"მოითმინება, გაიძლება.",41,1026,False
ganm_7365,გკადრებ,"გეტყვი, მოგახსენებ.",41,1027,False
ganm_7366,არ ეგების,"არ იქნება, არ შეიძლება.",41,1027,True
ganm_7367,წამოგატან,წამოგაყოლებ.,41,1027,False
ganm_7368,იახლენი,"იახლე, თან იყოლიე.",41,1027,False
ganm_7369,საგებელი,"დასაგები, ღამის სათევი.",41,1027,False
ganm_7370,არ წაიტან,(თუ) არ წაიღებ და არ წაიყვან.,41,1027,True
ganm_7371,გაირჯები,შეწუხდები.,41,1027,False
ganm_7372,მოასხნა,მოიყვანა.,41,1028,False
ganm_7373,მონანი,"აქ: ყმები, რომელთაც პატრონის სამხედრო სამსახური ჰმართებთ (და არა მონები სიტყვის დღევანდელი აზრით).",41,1028,False
ganm_7374,სრული აბჯარი საკაცო,ერთი კაცის შესაჭურვი ჯავშანი და იარაღი.,41,1028,True
ganm_7375,ქაფი,მხარ-იღლიის გასამაგრებელი რკინა.,41,1028,False
ganm_7376,საბარკული,ბარძაყის დასაფარავი ჯავშანი.,41,1028,False
ganm_7377,ლიტრა,წონის ერთეულია.,41,1028,False
ganm_7378,წითელი,ოქრო.,41,1028,False
ganm_7379,ტაიჭი,ცხენი.,41,1028,False
ganm_7380,უებრო,სწორუპოვარი.,41,1028,False
ganm_7381,მით უნაგრითა სრულითა,ყველაფრით გამართული უნაგირით.,41,1028,True
ganm_7382,საგებელი,"დასაგები, ღამის სათევი.",41,1029,False
ganm_7383,თუმცა მზე გვეახლა,"მზე რომ ჩვენთან ყოფილიყო. ტაეპის აზრია: ჩვენთან რომ რჩებოდე, არ ვიდარდებდით. შესაძლოა სხვა გაგებაც: ტარიელი რომ ახლა ჩვენთან იყოს, ასე დარდიანები არ ვიქნებოდით.",41,1029,True
ganm_7385,გახდა,"გავიდა, გავრცელდა.",41,1030,False
ganm_7386,მიეცნეს,მიეცნენ.,41,1030,False
ganm_7392,წუხილსა,აქ: სიბრმავეს. მეტაფორული აღნიშვნაა გლოვისა.,41,1030,False
ganm_7391,მო,მოდით.,41,1030,False
ganm_7391,მო,მოდით.,41,1030,False
ganm_7387,ლარსა,"ძვირფას ნივთებს: ოქრო-ვერცხლს, ქსოვილებს და სხვ.",41,1030,False
ganm_7388,ვინ,აქ: ვინც.,41,1030,False
ganm_7389,ზახილისა,"ძახილის, ყვირილის.",41,1030,False
ganm_7390,იტყოდეს,ამბობდნენ.,41,1030,False
ganm_7391,მო,მოდით.,41,1030,False
ganm_7391,მო,მოდით.,41,1030,False
ganm_7392,წუხილსა,აქ: სიბრმავეს. მეტაფორული აღნიშვნაა გლოვისა.,41,1030,False
ganm_7393,მივიდეს,მივიდნენ.,41,1031,False
ganm_7394,მზისასა,. ლაპარაკია ნესტანზე.,41,1031,False
ganm_7395,მუნ,იქ.,41,1031,False
ganm_7396,დაადენდეს,ადენდნენ.,41,1031,False
ganm_7397,მის მნათობისა ტყვისასა,იმ დატყვევებული მნათობისას (ნესტანისას).,41,1031,True
ganm_7398,მათ ზანგთა მონათა,იმ ზანგმა მონებმა.,41,1032,True
ganm_7399,ბალახში,რჩეული ლალი.,41,1032,False
ganm_7400,სახედავითა შავითა,". როგორც ჩანს, უნდა ნიშნავდეს: მწუხარე შესახედაობისა; ან: შავთვალა.",41,1032,True
ganm_7401,გავაგე,გადავწყვიტე.,41,1032,False
ganm_7402,წაგვრა,წართმევა.,41,1032,False
ganm_7403,ადრე გამექცეს,"სწრაფად გამექცნენ, წავიდნენ.",41,1032,True
ganm_7404,მფრინვალე ჩნდა ვითა,"მფრინავად ჩანდა, მფრინავს ჰგავდა.",41,1032,True
ganm_7405,მოეხვივნეს,მოეხვივნენ.,41,1033,False
ganm_7406,გაუახლდეს,გაუახლდნენ.,41,1033,False
ganm_7407,გაიყარნეს,გაჰშორდნენ ერთმანეთს.,41,1033,False
ganm_7408,დადგა,დარჩა.,41,1033,False
ganm_7409,მიუბნობს,მიდის ლაპარაკით (აქ: სიმღერით).,42,1034,False
ganm_7410,თინათინის გონება,თინათინზე ფიქრი.,42,1034,True
ganm_7411,იტყვის,ამბობს.,42,1034,False
ganm_7412,საწუთრო,"წუთისოფელი, ეს ქვეყანა, ცხოვრება.",42,1034,False
ganm_7413,კრულისა,წყეულის.,42,1034,False
ganm_7414,მამრთელებელი,"მკურნალი, მომარჩენელი.",42,1034,False
ganm_7415,ნიადაგ,"მუდამ. სამს ალებისა. როგორც ჩანს, პოეტური ლიცენციაა, მაჯამისათვის ნახმარი. ნიშნავს: “სამისა ალისა” ან “სამთა ალთა”. ტაეპის აზრია: რატომ მწვავს გულს სამმაგი ალი (ჭმუნვისა), ე.ი. ძლიერი ალი?",42,1035,False
ganm_7416,შემქმნია,გამხდომია.,42,1035,False
ganm_7417,სამ,"შემოკლებული ფორმა ზმნიზედისა “სამე”, რაც ნიშნავს, დაახლოებით, “როგორღაც”, “როგორმე”, “როგორც ჩანს”, “თითქოს”. ტაეპის აზრია: ტინივით მაგარი გული კიდევ უფრო რად გამაგრდა, სალ კლდედ რად მექცა?",42,1035,False
ganm_7418,ლებისა,"დარტყმისგან დალურჯებული ხორცი. ტაეპის აზრია: სამი ლახვარიც კი ვერ დააზიანებს, ლებს ვერ დააჩენს ჩემს გულს, რაკიღა მას ამდენი ტანჯვის ატანა შესძლებია.",42,1035,False
ganm_7419,შენ,. ავთანდილი მიჰმართავს თინათინს.,42,1035,False
ganm_7420,სოფლისა,"წუთისოფლის, ცხოვრების.",42,1035,False
ganm_7421,ასრე,ასე.,42,1035,False
ganm_7422,გასამსალებისა,"გამწარებისა, სამსალად ქცევისა.",42,1035,False
ganm_7423,მივა,მიდის.,42,1036,False
ganm_7424,ყოვლი თა ღონითა,"ყველა საშუალებით, ყოველნაირად.",42,1036,True
ganm_7427,ყოვლი,მთელი.,42,1036,False
ganm_7425,იღვრების ცრემლთა ფონითა,"ცრემლთა ფონად, ცრემლთა ნაკადად იღვრება.",42,1036,True
ganm_7426,უჩს,"მიაჩნია, ესახება.",42,1036,False
ganm_7427,ყოვლი,მთელი.,42,1036,False
ganm_7428,მისვე ჩალისა წონითა,"ამავე ჩალისადმი მიმსგავსებით, გათანაბრებით.",42,1036,True
ganm_7429,ნახნის,ნახულობდა ხოლმე.,42,1037,False
ganm_7430,ეუბნის,ელაპარაკებოდა ხოლმე.,42,1037,False
ganm_7431,რებულნი,"მოარულნი, მოსიარულენი. წინადადების პროზული წყობა იქნებოდა: სადაცა... მგზავრნი ნახნის, ეუბნის.",42,1037,False
ganm_7432,ჰკითხის,ჰკითხავდა ხოლმე.,42,1037,False
ganm_7433,მის მზისა,იმ მზის (ლაპარაკია ნესტანზე).,42,1037,True
ganm_7434,ვლნა,იარა.,42,1037,False
ganm_7435,გარდა დგეს,გადადგნენ.,42,1037,True
ganm_7439,დგეს,იდგნენ.,42,1037,False
ganm_7436,აუჩნდეს,"გამოუჩნდნენ, დაინახა.",42,1037,False
ganm_7438,დაყრით,"ბეჩავად, საწყლად, უიმედოდ.",42,1037,False
ganm_7439,დგეს,იდგნენ.,42,1037,False
ganm_7440,დაყმუნვებულნი,"გაჩუმებულნი, ხმაჩაწყვეტილნი, დაღონებულნი.",42,1037,False
ganm_7441,მუნ,იქ.,42,1038,False
ganm_7442,მოსდგმოდა,მოსდგომოდა.,42,1038,False
ganm_7443,შეიჭირვებდეს,წუხდნენ.,42,1038,False
ganm_7441,მუნ,იქ.,42,1038,False
ganm_7445,დგეს,იდგნენ.,42,1038,False
ganm_7446,ვლიდეს,მიდიოდნენ.,42,1038,False
ganm_7447,ყმამან,"მოყმემ, რაინდმა (ლაპარაკია ავთანდილზე).",42,1038,False
ganm_7448,შეასხმიდეს,ასხამდნენ. აქ: შეასხეს.,42,1038,False
ganm_7449,ჰკიდეს,აქ: დაუწყეს.,42,1038,False
ganm_7450,ხოტბა,"ქება, კეთილ სურვილებთან შეერთებული.",42,1039,False
ganm_7451,სრული,"ყოველმხრივი, ამომწურავი, უკლები.",42,1039,False
ganm_7452,უქნა,უქო.,42,1039,False
ganm_7453,ზნენი,"აქ: ღირსება, რაც თვალით ჩანს: გარეგნობა, სიყოჩაღე, მიხვრა-მოხვრა.",42,1039,False
ganm_7454,ამოჰხე,ამოხვედი.,42,1039,False
ganm_7455,მლხენი,"მშველელი, გასაჭირის შემამსუბუქებელი.",42,1039,False
ganm_7457,ჩამოხე,ჩამოქვეითდი!,42,1039,False
ganm_7458,მოგახსენოთ,მოგახსენებთ.,42,1039,False
ganm_7460,მობაღდადენი,ბაღდადელი.,42,1040,False
ganm_7461,მჭირავნი,"მჭერელნი, აქ: აღმსარებელნი.",42,1040,False
ganm_7462,აროდეს,არასოდეს.,42,1040,False
ganm_7463,გვისმან,"გვისვამს, დაგვილევია.",42,1040,False
ganm_7464,გარდმო ნაჭარნი,"გადმოსულები, გადმოხვეწილები (?).",42,1040,True
ganm_7468,ნაჭარნი,"ხარჯვადაწყებული, ნაკლული. აზრია: ჩვენი შეფუთული ლარი ჯერ არც კი გაგვიხსნია.",42,1040,False
ganm_7465,საქონელ-სრულნი,"საქონლით სავსენი, ბევრი საქონლის პატრონნი.",42,1040,False
ganm_7467,გვქონან,გვაქვს.,42,1040,False
ganm_7468,ნაჭარნი,"ხარჯვადაწყებული, ნაკლული. აზრია: ჩვენი შეფუთული ლარი ჯერ არც კი გაგვიხსნია.",42,1040,False
ganm_7469,მდე ბარე,"აქ: მწოლარე, დაგდებული.",42,1041,True
ganm_7473,ბარე,"აქ: განა, კი.",42,1041,False
ganm_7470,გამომგე ბარე,"გამომცემი, გამომთქმელი.",42,1041,True
ganm_7473,ბარე,"აქ: განა, კი.",42,1041,False
ganm_7469,მდე ბარე,"აქ: მწოლარე, დაგდებული.",42,1041,True
ganm_7473,ბარე,"აქ: განა, კი.",42,1041,False
ganm_7473,ბარე,"აქ: განა, კი.",42,1041,False
ganm_7474,ეგვიპტით,ეგვიპტიდან.,42,1042,False
ganm_7475,ე რითა,"ჯარით. იგულისხმება: ბადრაგით, დამცველი რაზმით.",42,1042,True
ganm_7482,რითა,"—აქ: როგორ, რა მანქანებით.",42,1042,False
ganm_7476,ლარი,"ძვირფასი საქონელი: საიუველირო ნივთები, ქსოვილები და სხვა.",42,1042,False
ganm_7475,ე რითა,"ჯარით. იგულისხმება: ბადრაგით, დამცველი რაზმით.",42,1042,True
ganm_7482,რითა,"—აქ: როგორ, რა მანქანებით.",42,1042,False
ganm_7477,მუნ,იქ.,42,1042,False
ganm_7478,ძელი,"ხე, მორი, ძელი. საერთო აზრია: სახნისისწვერა ძელით, წვერზე სახნისწამოგებული ძელით დაგვხოცეს.",42,1042,False
ganm_7475,ე რითა,"ჯარით. იგულისხმება: ბადრაგით, დამცველი რაზმით.",42,1042,True
ganm_7482,რითა,"—აქ: როგორ, რა მანქანებით.",42,1042,False
ganm_7479,ყველაი,ყველა; ყოველივე.,42,1042,False
ganm_7480,წახდა,აქ: დაიღუპა.,42,1042,False
ganm_7481,მოსრულვარ,მოვსულვარ.,42,1042,False
ganm_7482,რითა,"—აქ: როგორ, რა მანქანებით.",42,1042,False
ganm_7483,ესეა,ესაა.,42,1043,False
ganm_7484,გვეცემის,"მოგვეცემა, შეგვხვდება.",42,1043,False
ganm_7485,ზიანი,ზარალი.,42,1043,False
ganm_7486,არ-საზომისა,"განუზომელი, ძალიან დიდი.",42,1043,False
ganm_7487,დაგვხოცნენ,დაგვხოცონ.,42,1043,False
ganm_7488,ძალი,ძალა.,42,1043,False
ganm_7489,ვდგათ,ვდგავართ.,42,1043,False
ganm_7490,წასრულვართ,წავსულვართ.,42,1043,False
ganm_7491,რჩომისა,"ყოფნის, ცხოვრების, არსებობის, გადარჩენის.",42,1043,False
ganm_7492,ჭმუნავს,"დარდობს, მწუხარებას ეძლევა.",42,1044,False
ganm_7493,ცუდი,"უსარგებლო, ამაო. აქ: უსარგებლო საქმეზე გამცდარი, ამაოდ გარჯილი.",42,1044,False
ganm_7494,სცთების,"ცდება, დროს და ძალას ფლანგავს.",42,1044,False
ganm_7495,მოვა,მოდის.,42,1044,False
ganm_7496,ზენა,"ზეციური. აქ: ზეცისაგან, ღვთისაგან გადაწყვეტილი.",42,1044,False
ganm_7497,და-ცა-მწვთების,"ჩამომეწვეთება. ნაწილაკი “ცა” ჩართულია ზმნასა და ზმნისწინს შორის. აზრი შემდეგია: თქვენ სისხლს შემოვისხამ კიდეც ტანზე და ჩამომეწვეთება კიდეც. ავთანდილს ამით იმის თქმა უნდა, რომ ვაჭართა სიკვდილ–სიცოცხლისათვის პასუხისმგებლობას თავის თავზე იღებს.",42,1044,False
ganm_7498,მბრძოლთა თქვენთა,"თქვენთან შემბრძოლებლებს, თქვენს მტრებს.",42,1044,True
ganm_7499,აივსნეს,აივსნენ.,42,1045,False
ganm_7500,ყმა ვინმეა,ვიღაცა მოყმეა.,42,1045,True
ganm_7501,ჭაბუკი,"რაინდი, მეომარი. ამ ტაეპში “ყმა” ნიშნავს, როგორც ჩანს, ფეოდალური კლასის წარმომადგენელს, ხოლო “ჭაბუკი” საკუთრივ რაინდს, მეომარს.",42,1045,False
ganm_7502,ჩვენებრვე რიდით-ა,"ჩვენსავით შიშითაა, ჩვენსავით მშიშარაა.",42,1045,True
ganm_7503,აქვს თავისაგან იმედი,თავის იმედი აქვს.,42,1045,True
ganm_7504,შევიდეს,შევიდნენ.,42,1045,False
ganm_7505,ჩასხდეს,ჩასხდნენ.,42,1045,False
ganm_7506,გამართეს ზღვისა კიდითა,"ნაპირ-ნაპირ, სანაპიროს გასწვრივ წაიყვანეს.",42,1045,True
ganm_7507,ბადრაგა,"დამცველი, კონვოი.",42,1046,False
ganm_7508,ქველი,"ვაჟკაცური, მამაცი.",42,1046,False
ganm_7510,ძელი,"ხე, მორი, ძელი.",42,1046,False
ganm_7509,ჰგია,"მიმაგრებული აქვს, აგია.",42,1046,False
ganm_7510,ძელი,"ხე, მორი, ძელი.",42,1046,False
ganm_7511,კიოდეს,"კიოდნენ, ყვიროდნენ.",42,1047,False
ganm_7512,მოვიდოდეს,მოდიოდნენ.,42,1047,False
ganm_7513,იზახდეს,"ყვიროდნენ, იძახდნენ.",42,1047,False
ganm_7514,ბუკსა ჰკრეს,ბუკს (საყვირს) ჩაჰბერეს.,42,1047,True
ganm_7515,მათ ლაშქართა,იმ ლაშქრის.,42,1047,True
ganm_7516,იშიშვით,"ჰშიშობთ, გეშინიათ.",42,1047,False
ganm_7517,სიალფე,"ვაჟკაცობა, ძლიერება-სიმამაცე.",42,1047,False
ganm_7518,ანუ,ან.,42,1047,False
ganm_7520,ვერას,ვერაფერს.,42,1048,False
ganm_7521,შე-ცა-მებნენ,"რომც შემებნენ, რომც შემებრძოლონ.",42,1048,False
ganm_7522,ხმელთა,(მთელი) ხმელეთის.,42,1048,False
ganm_7523,სპანი,"ჯარები, ჯარისკაცები.",42,1048,False
ganm_7519,განგება,ღვთის ნება და მოვლენათა ღვთიური წინასწარგანსაზღვრულობა.,42,1048,False
ganm_7525,დავრჩები,გადავრჩები.,42,1048,False
ganm_7526,დამხსნიან,"მიხსნიან, გადამარჩენენ.",42,1048,False
ganm_7528,მოყვასნი,მეგობრები.,42,1048,False
ganm_7529,ესე,ეს.,42,1048,False
ganm_7530,ასრე,ასე.,42,1048,False
ganm_7531,გულოვანი,მამაცი.,42,1048,False
ganm_7532,ჯაბანნი,"მხდალნი, მშიშრები.",42,1049,False
ganm_7533,უმეცარნი,უცოდინარნი.,42,1049,False
ganm_7534,დაგხოცნენ,დაგხოცონ.,42,1049,False
ganm_7535,ჩაიხშენით თანა,"გაიხურეთ, ჩაიკეტეთ.",42,1049,True
ganm_7536,ვით შევება,როგორ შევებრძოლო.,42,1049,True
ganm_7537,ვიხმარნე,ვიხმარო.,42,1049,False
ganm_7538,მხარნი,მკლავები (მხრიდან მტევნამდე).,42,1049,False
ganm_7539,ნახნეთ,ნახავთ.,42,1049,False
ganm_7540,ქცე ვითა,"მოძრაობით, მიხვრა-მოხვრით.",42,1050,True
ganm_7542,ვითა,როგორც.,42,1050,False
ganm_7541,მკრჩხალი,"ფხიზელი, მოზიდული, სწრაფი.",42,1050,False
ganm_7542,ვითა,როგორც.,42,1050,False
ganm_7544,კიოდეს,"კიოდნენ, ყვიროდნენ.",42,1051,False
ganm_7545,გაწყდებოდა,წყდებოდა.,42,1051,False
ganm_7546,რომელსა,რომელსაც.,42,1051,False
ganm_7547,ზედა,ზედ.,42,1051,False
ganm_7548,ჰგებოდა,"ეგო, დამაგრებული ჰქონდა.",42,1051,False
ganm_7549,ყმა,მოყმე (ავთანდილი).,42,1051,False
ganm_7550,ქვე დგა,"იდგა. ზმნიზედა “ქვე” მიგვანიშნებს, რომ ავთანდილი მაგრად იდგა, წონასწორობის დაკარგვის არ ეშინოდა.",42,1051,True
ganm_7551,არ თუ-რე კრთებოდა,"არ კანკალებდა, არ შიშობდა; განა კანკალებდა, განა შიშობდა!",42,1051,True
ganm_7552,შეშინდეს,შეშინდნენ.,42,1052,False
ganm_7554,გარდესწრნეს,გაასწრეს.,42,1052,False
ganm_7555,გარდუხლტა,გადაუხტა.,42,1052,False
ganm_7556,ცოცხალი,"აქ: საღი, დაუჭრელი.",42,1052,False
ganm_7557,მუნ,იქ.,42,1052,False
ganm_7558,მათ ლაშქართა,იმ ლაშქარს.,42,1053,True
ganm_7559,შეანარცხის,ანარცხებდა; შეანარცხებდა ხოლმე.,42,1053,False
ganm_7560,შიგან ზღვასა,ზღვაში.,42,1053,True
ganm_7561,შემოსტყორცის,შემოსტყორცნიდა ხოლმე:,42,1053,False
ganm_7562,ჰკრის,ჰკრავდა ხოლმე.,42,1053,False
ganm_7563,დაკოდილნი,დაჭრილები.,42,1053,False
ganm_7564,იმალვიან,იმალებიან.,42,1053,False
ganm_7565,ომი მათი,მათთან ომი.,42,1054,True
ganm_7566,ვითა,როგორც.,42,1054,False
ganm_7567,ჰკადრეს,უთხრეს.,42,1054,False
ganm_7568,ზენაარი,ფიცი.,42,1054,False
ganm_7569,შენსა სჯულსა,შენს სჯულს გაფიცებთ!,42,1054,True
ganm_7570,დაჰრჩომოდა,გადაჰრჩენოდა.,42,1054,False
ganm_7571,რაცა,აქ: ვინც.,42,1054,False
ganm_7572,წყლულსა,ჭრილობას.,42,1054,False
ganm_7573,მართლად,"სწორად, სამართლიანად.",42,1054,False
ganm_7574,იტყვის,ამბობს.,42,1054,False
ganm_7575,შეიქმს,"ქმნის, აჩენს, წარმოშობს.",42,1054,False
ganm_7576,ძალსა,ძალას.,42,1055,False
ganm_7577,მოჰკვეხ,იკვეხნი.,42,1055,False
ganm_7578,ვითა,როგორც.,42,1055,False
ganm_7579,არას,არაფერს.,42,1055,False
ganm_7580,სწორად,"თანასწორად, ერთნაირად.",42,1055,False
ganm_7581,მუნ,იქ.,42,1056,False
ganm_7582,საჭურჭლენი,სიმდიდრენი.,42,1056,False
ganm_7583,ნახნა,ნახა.,42,1056,False
ganm_7584,შეატყუბა,შეატყუპა.,42,1056,False
ganm_7585,დაუზახნა,დაუძახა.,42,1056,False
ganm_7586,გაეხარნეს,გაუხარდა.,42,1056,False
ganm_7587,იახნა,“ახი” იძახა.,42,1056,False
ganm_7588,ჰკადრა,"უთხრა, მოახსენა.",42,1056,False
ganm_7589,ხოტბა,ქება-დალოცვა.,42,1056,False
ganm_7591,სასახავნი დიდნი სახნა,დიდი შედარებებით შეამკო.,42,1056,True
ganm_7592,ათასიმცა ენა ენდა,"ათასი ენა უნდა ენობდეს, (ავთანდილის ქება) ათასმა ენამ უნდა თქვას.",42,1057,True
ganm_7593,თქვან,იტყვიან (იგულისხმება: ის ათასი ენაც ვერ იტყვის).,42,1057,False
ganm_7594,რაგვარ,როგორ.,42,1057,False
ganm_7595,ტურფად დაუშვენდა,ლამაზად მოუხდა.,42,1057,True
ganm_7596,მადლი შენდა,მადლობა შენ!,42,1057,True
ganm_7597,შემოგვადგნა,"მოგვაყენა, მოგვფინა.",42,1057,False
ganm_7598,მოეგებნეს,შემოეგებნენ.,42,1058,False
ganm_7599,აკოცებდეს,ჰკოცნიდნენ.,42,1058,False
ganm_7606,ხელსა,"გახელებულს, თავზე კონტროლდაკარგულს.",42,1058,False
ganm_7600,ჰკადრეს,უთხრეს.,42,1058,False
ganm_7601,უსაზომო,უზომო.,42,1058,False
ganm_7602,ჭვრეტა,"ნახვა, ცქერა.",42,1058,False
ganm_7603,გააშმაგებს,აშმაგებს.,42,1058,False
ganm_7604,ბრძენსა,"აქ: ჭკუადამჯდარს, დინჯს.",42,1058,False
ganm_7605,ვითა,როგორც.,42,1058,False
ganm_7606,ხელსა,"გახელებულს, თავზე კონტროლდაკარგულს.",42,1058,False
ganm_7607,შენგან დავჰრჩით,შენი წყალობით გადავურჩით.,42,1058,True
ganm_7608,ეზომ,ასე.,42,1058,False
ganm_7610,შემოქმედსა,(ცისა და ქვეყნის) შემქმნელს.,42,1059,False
ganm_7613,აქა ქმნადსა,აქ (იგულისხმება: ქვეყნად) მოსახდენს.,42,1059,True
ganm_7615,იქმან,აკეთებენ.,42,1059,False
ganm_7616,ყველაკასა,"ყოველივეს, ყველაფერს.",42,1059,False
ganm_7617,იდუმალსა,"მალულს, განუცხადებელს.",42,1059,False
ganm_7619,სჯერა,"სჯერდება, არ ეწინააღმდეგება.",42,1059,False
ganm_7620,მოწევნადსა,"მოსახდენს, მოსასვლელს.",42,1059,False
ganm_7621,სულსა ეგოდენსა,ამდენ სულს (იგულისხმება: ამდენ ადამიანს).,42,1060,True
ganm_7622,გათნივა,"შეგარჩინათ, გაპატიათ, შეგინარჩუნათ.",42,1060,False
ganm_7624,ცუდი,უსარგებლო.,42,1060,False
ganm_7625,თავით ჩემით რამცა ვქმენი,"ჩემით (იგულისხმება: ღვთიურ განგებას რომ ასე არ ნდომებოდა) რას ვიზამდი, რას გავაწყობდი?",42,1060,True
ganm_7626,გავასრულენ,შევასრულე.,42,1060,False
ganm_7627,ვთქვენი,ვთქვი.,42,1060,False
ganm_7629,მიმიღია,მომიტანია (იგულისხმება: მომირთმევია) თქვენთვის.,42,1060,False
ganm_7630,ვითა,როგორც.,42,1060,False
ganm_7631,ამოა,სასიამოვნოა.,42,1061,False
ganm_7632,მოყმესა,რაინდს.,42,1061,False
ganm_7633,რა,რომ.,42,1061,False
ganm_7634,ომი,ბრძოლა.,42,1061,False
ganm_7635,მიულოცვიდენ,ულოცავდნენ.,42,1061,False
ganm_7637,სწბებოდეს,"ჰრცხვენოდეთ, ეუხერხულებოდეთ.",42,1061,False
ganm_7638,დაკოდილობა,დაჭრილობა.,42,1061,False
ganm_7633,რა,რომ.,42,1061,False
ganm_7640,მას დღე,იმ დღეს.,42,1062,True
ganm_7641,ახვალეს,ხვალისთვის გადადეს.,42,1062,False
ganm_7642,მუნ,იქ.,42,1062,False
ganm_7643,საჭურჭლეთა,სიმდიდრეთა.,42,1062,False
ganm_7644,ამარიმცა ვით დათვალეს,რიცხვს როგორ დათვლიდნენ?!,42,1062,True
ganm_7645,სრულად,"სულ, მთლიანად.",42,1062,False
ganm_7646,დრამა,ფულის მცირე ერთეულია.,42,1062,False
ganm_7647,ზრდილობა,"აქ: წესიერება, პატიოსნება, კუთვნილისა და არკუთვნილის გარჩევის უნარი.",42,1063,False
ganm_7648,ცილობა,"ეჭვი, დავა.",42,1063,False
ganm_7649,გვიქმნია აქა ყრილობა,"აქ შევყრილვართ, აქ ვართ.",42,1063,True
ganm_7650,მოგისმენია,მოგისმენიათ.,42,1064,False
ganm_7651,შეესმა,"მისწვდა ყურამდე, გაიგონა.",42,1064,False
ganm_7652,დაგარჩინნა,"გადაგარჩინათ, გიხსნათ.",42,1064,False
ganm_7653,მომილხენია,მიშველია; თქვენი მდგომარეობა შემიმსუბუქებია.,42,1064,False
ganm_7654,რა გინდ რა მომცეთ,რაც უნდა მომცეთ.,42,1064,True
ganm_7655,რას ვაქმნევ,რაში გამოვიყენებ? რად მინდა?,42,1064,True
ganm_7656,თუმცა რაცა მინდოდა,რამე რომ მნდომებოდა.,42,1065,True
ganm_7657,დასადებელი,"აქ: დასაუნჯებელი, დასაგროვებელი.",42,1065,False
ganm_7658,უსახო,"სწორუპოვარი, შეუდარებელი.",42,1065,False
ganm_7660,რას ვაქმნევ,რად მინდა?,42,1065,True
ganm_7661,რას გინდა,რასაც გინდათ;,42,1065,True
ganm_7663,ოდენ ვარ თანა-მხლებელი,". აზრი შემდეგია: მხოლოდ მინდა თქვენთან ვიყო, თქვენ გახლდეთ.",42,1065,True
ganm_7664,მიც,მაქვს.,42,1065,False
ganm_7665,თავისა წასაგებელი,თავის არდასანანი.,42,1065,True
ganm_7666,აწ,ახლა.,42,1066,False
ganm_7667,რაცა ვის გინდა,ვისაც რაც გინდათ.,42,1066,True
ganm_7668,ვიყო,ვიქნები.,42,1066,False
ganm_7669,მლალავი,"მოშურნე; ან: პასუხის მომთხოვნი, გამომკიდებელი.",42,1066,False
ganm_7670,ვიაჯი,ვითხოვ.,42,1066,False
ganm_7671,მააჯეთ,"შემისრულეთ, ჩემი თხოვნა შეისმინეთ.",42,1066,False
ganm_7672,სააჯო,სათხოვარი.,42,1066,False
ganm_7673,არ-საკრძალავი,"ისეთი, რომელზედაც ვერ მოგერიდებით, რომელიც პირდაპირ, უკრძალველად უნდა გითხრათ.",42,1066,False
ganm_7674,მიც,მაქვს.,42,1066,False
ganm_7675,თქვენშიგან,თქვენში.,42,1066,False
ganm_7676,ჟამამდის,ერთ დრომდის.,42,1067,False
ganm_7677,ჩემსა ნუ იტყვით არ თქვენსა პატრონობასა,"ნუ იტყვით, რომ თქვენი პატრონი, თქვენი მეთაური არ ვარ.",42,1067,True
ganm_7678,თავადი,მეთაური.,42,1067,False
ganm_7680,ნუ მიხმობთ ჭაბუკობასა,ნუ მახსენებთ რაინდად.,42,1067,True
ganm_7681,ჯუბაჩობასა,ჯუბით (ვაჭრული ჩასაცმელით) სიარულს.,42,1067,False
ganm_7682,თქვენსა და ჩემსა ძმობასა,. იგულისხმება: გაფიცებთ.,42,1067,True
ganm_7683,ესე,ეს.,42,1068,False
ganm_7684,გაეხარნეს,გაუხარდათ.,42,1068,False
ganm_7685,დია,ძალიან.,42,1068,False
ganm_7686,მოვიდეს,მოვიდნენ.,42,1068,False
ganm_7687,ჰკადრეს,უთხრეს.,42,1068,False
ganm_7685,დია,ძალიან.,42,1068,False
ganm_7688,აჯა,სათხოვარი.,42,1068,False
ganm_7689,გვმართებდა,"გვეკუთვნოდა, გვევალებოდა.",42,1068,False
ganm_7685,დია,ძალიან.,42,1068,False
ganm_7685,დია,ძალიან.,42,1068,False
ganm_7692,მუნით,იქიდან.,42,1069,False
ganm_7693,წავიდეს,წავიდნენ.,42,1069,False
ganm_7694,თუ-რე,აქ: თუ.,42,1069,False
ganm_7697,მიჰხვდეს,აქ: შეჰხვდნენ.,42,1069,False
ganm_7698,ტაროსსა,ამინდს.,42,1069,False
ganm_7699,ამო,"სასიამოვნო, კარგი.",42,1069,False
ganm_7700,ნიადაგ,"მუდამ, სულ.",42,1069,False
ganm_7699,ამო,"სასიამოვნო, კარგი.",42,1069,False
ganm_7701,ვლიდიან,მიდიოდნენ.,42,1069,False
ganm_7702,შეჰფრფინვიდიან,"აღტაცებით შეჰყურებდნენ, თავს ევლებოდნენ, შესციცინებდნენ.",42,1069,False
ganm_7703,შეასხმიდიან,ასხამდნენ.,42,1069,False
ganm_7704,მივა,მიდის.,43,1070,False
ganm_7705,მჭევრი,წერწეტი.,43,1070,False
ganm_7706,მოცული,"გარემოცული, შემორტყმული.",43,1070,False
ganm_7707,გვარად უცხონი,"იშვიათი, განსაკუთრებული ჯიშისა.",43,1070,True
ganm_7708,მის ქვეყანისა,"იმ ქვეყნის, იმ მიწა-წყლის.",43,1070,True
ganm_7709,გაგაგონო,გაგაგებინოთ.,43,1070,False
ganm_7710,მევ,"შემოკლებული “მევე”; ან “მეო, ჩემო თავო”. მაშინ “მევ” მძიმეებით უნდა გამოვყოთ (ალ. ჭინჭარაული).",43,1070,False
ganm_7711,მათ ბაღთა,იმ ბაღების.,43,1071,True
ganm_7712,საბლითა,თოკით.,43,1071,False
ganm_7713,ჯუბა,განიერსახელოებიანი ზედა ტანსაცმელი. მიღებული იყო ვაჭართა და მოქალაქეთა წრეში.,43,1071,False
ganm_7714,მოასხნეს,მოიყვანეს.,43,1071,False
ganm_7715,დამიზდებულნი,დაქირავებულნი. დრამა ფულის წვრილი ერთეულია.,43,1071,False
ganm_7716,თავადობს,"უფროსობს, მეთაურობს (ქარავანს).",43,1071,False
ganm_7717,"მისი მებაღე, ბაღსა ეახლნეს რომელსა","იმ ბაღის მებაღე, რომელსაც მისდგომოდნენ, რომლის ახლოსაც იმყოფებოდნენ.",43,1072,True
ganm_7718,მას ყმასა,იმ მოყმეს (ავთანდილს).,43,1072,True
ganm_7719,უჭვრეტს,უცქერის.,43,1072,False
ganm_7720,შეფრფინვით,"აღტაცებით, გაოცება-მოწიწებით.",43,1072,False
ganm_7721,ელვა,აქ: სხივი.,43,1072,False
ganm_7723,ავთანდილ,ავთანდილმა.,43,1072,False
ganm_7724,ეუბნა,ელაპარაკა.,43,1072,False
ganm_7725,სიტყვა-მცთომელსა,"უაზროდ, დაბნეულად მოლაპარაკეს. ავთანდილს სიტყვა-პასუხიანი, დალაგებით მეტყველი მებაღე შეჰხვდა. შესაძლოა სხვა გაგებაც: მცთომელი ის, ვისაც წამოსცდება: გაოგნებული მებაღე უსიტყვოდ შესცქერის ავთანდილს, მას აღტაცებისაგან სიტყვა პირზე შეშრობია.",43,1072,False
ganm_7726,წვრილად,დაწვრილებით.,43,1073,False
ganm_7727,ყველაკაი,ყველაფერი.,43,1073,False
ganm_7728,ყმა,მოყმე (ავთანდილი).,43,1073,False
ganm_7729,მას კაცსა,იმ კაცს.,43,1073,True
ganm_7730,ესეა,ესაა.,43,1074,False
ganm_7731,თვისა ათისა სავლითა,ათი თვის სავალ მანძილზე გადაჭიმული.,43,1074,True
ganm_7732,თვით,"აქ: ხოლო, კი.",43,1074,False
ganm_7735,ტურფითა,"აქ: ძვირფასეულობით, ღირებული ნივთებით.",43,1074,False
ganm_7736,სრული,"აქ: აღსავსე, (რაიმეს) უხვად მქონე.",43,1074,False
ganm_7739,გაყმდების,გაახალგაზრდავდება.,43,1075,False
ganm_7740,კაციცა იყოს ბერები,ბერიკაციც რომ იყოს.,43,1075,True
ganm_7741,თამაში,გართობა.,43,1075,False
ganm_7742,ნიადაგ,მუდამ.,43,1075,False
ganm_7743,სწორად,"თანაბრად, თანასწორად.",43,1075,False
ganm_7744,გვნატრიან,შემოგვნატრიან.,43,1075,False
ganm_7745,ვინ-ა,ვინც არიან.,43,1075,False
ganm_7746,ჰპოვებენ,პოულობენ.,43,1076,False
ganm_7747,მოიგებენ,მოიპოვებენ.,43,1076,False
ganm_7748,წააგებენ,დახარჯავენ. აქ: ხარჯავენ.,43,1076,False
ganm_7749,თვე ერთ,ერთ თვეში.,43,1076,True
ganm_7751,ყოვლგნით,ყოველი მხრიდან.,43,1076,False
ganm_7752,საქონელსა დაიდებენ,"ქონებას დააგროვებენ, შეძლებულნი გახდებიან.",43,1076,True
ganm_7753,ესეცა გკადრო ამბავი,ამ ამბავსაც გეტყვი.,43,1077,True
ganm_7754,დღესისა,"დღეისა, დღევანდელი დღისა.",43,1077,False
ganm_7755,პირველ,"პირველად, ჯერ.",43,1077,False
ganm_7756,ჰმართებს,ეკუთვნის. ტაეპის აზრია: მოსულმა ვაჭრებმა საუკეთესო (უტურფესი) საქონელი ჯერ უსენს უნდა უჩვენონ და მერე გაყიდონ.,43,1077,False
ganm_7757,რა,რომ.,43,1078,False
ganm_7758,სძღვნიან,მიართმევენ.,43,1078,False
ganm_7757,რა,რომ.,43,1078,False
ganm_7759,ჰქონდეს,ჰქონდეთ.,43,1078,False
ganm_7760,უტურფესთა,ყველაზე ძვირფას ნივთებს.,43,1078,False
ganm_7761,სეფედ,სამეფოდ.,43,1078,False
ganm_7763,მუნვე,იქვე.,43,1078,False
ganm_7764,ააზატებს,ათავისუფლებს. აქ: შეუზღუდველი ვაჭრობის ნებას აძლევს.,43,1078,False
ganm_7765,ვითა სწადდეს,როგორც ენდომებათ.,43,1078,True
ganm_7767,გამოსვენება,"დაყენება თავის სახლში, მასპინძლობა.",43,1079,False
ganm_7769,"უბრძანებს, ჰმართებდეს ვის დაყენება","ეუბნება, თუ ვინ უნდა დააყენონ მის სახლში და ვინ არა.",43,1079,True
ganm_7770,აწ,ახლა.,43,1079,False
ganm_7771,გამოგებვა,წინ მოგებება.,43,1079,False
ganm_7772,ქენება,"მოწვევა, თხოვნა. წესის თანახმად, უსენი უნდა გაეგებოს ავთანდილს და თავის სახლში მიბრძანება სთხოვოს.",43,1079,False
ganm_7773,ხათუნი,ქალბატონი. აქ: დიასახლისი.,43,1080,False
ganm_7774,მქისი,"აქ: უჟმური, უსალმო.",43,1080,False
ganm_7775,ვაცნობო,"ვაცნობებ, შევატყობინებ.",43,1080,False
ganm_7776,წაგიყვანოს,წაგიყვანს.,43,1080,False
ganm_7777,თვისი,ნათესავი.,43,1080,False
ganm_7778,დღისი,დღისით.,43,1080,False
ganm_7779,აგრე,ასე.,43,1081,False
ganm_7780,იხარებს,"ხარობს, გახარებულია.",43,1081,False
ganm_7781,მკრდამდის,მკერდამდე.,43,1081,False
ganm_7782,ხათუნსა,ქალბატონს.,43,1081,False
ganm_7783,ესე,ეს.,43,1081,False
ganm_7784,დამიქადიან,"დამიტრაბახებია, ჩემ სასახელოდ მიმაჩნია. იგულისხმება: იმ დიდებული მოყმის დანახვა მესახელება. შესაძლოა ასეთი გაგებაც: ვაცხადებ, საქვეყნოდ ვამბობ (ალ. ჭინჭარაული).",43,1081,False
ganm_7785,ყმა,აქ: ახალგაზრდა კაცი.,43,1081,False
ganm_7786,მოვა,მოდის.,43,1081,False
ganm_7787,მჭვრეტელთა,შემხედველებმა.,43,1081,False
ganm_7789,შუქნი მზედ გაიცადიან,"(მის) შუქს მზედ ხედავენ, მზედ ეჩვენებათ.",43,1081,True
ganm_7790,პატრონი,"აქ: უფროსი, მბრძანებელი.",43,1082,False
ganm_7791,სარო,კვიპაროსის ხე.,43,1082,False
ganm_7793,ჯუბა,ფართოსახელოებიანი ზედა ჩასაცმელი.,43,1082,False
ganm_7794,ძოწეული,წითელი.,43,1082,False
ganm_7796,ნირი,"მაზანდა, ფასი, ნიხრი.",43,1082,False
ganm_7798,სყიდისა,ყიდვა-გაყიდვის.,43,1082,False
ganm_7800,გაეხარნეს,გაუხარდა.,43,1083,False
ganm_7802,ბარგი,"აქ: ბარგი, ტვირთი, მსახურები და მხლებლები.",43,1083,False
ganm_7803,ბალახში,რჩეული ლალი. მეტაფორულად აღნიშნავს ღრძილ–ბაგეების ან პირის ჯანსაღ ფერს. ბროლი მეტაფორულად აღნიშნავს კანის სითეთრეს.,43,1083,False
ganm_7806,დაუსახეს,შეუდარეს.,43,1083,False
ganm_7807,გახდა,"გავიდა, გავრცელდა.",43,1084,False
ganm_7809,შემოაკრბეს,შემოიკრიბნენ მის (ავთანდილის) გარშემო.,43,1084,False
ganm_7810,ერნი,"აქ: ხალხი, მოსახლეობა.",43,1084,False
ganm_7811,ს რულად,"მთლიანად, უკლებლად.",43,1084,True
ganm_7815,რულად,როგორ.,43,1084,False
ganm_7812,იქით-აქათ,იქით–აქეთ.,43,1084,False
ganm_7813,იჯრებოდეს,"იჯრებოდნენ, მჭიდროდ დგებოდნენ.",43,1084,False
ganm_7814,ვუჭვრიტოთ,ვუცქიროთ.,43,1084,False
ganm_7815,რულად,როგორ.,43,1084,False
ganm_7816,შეჰფრფინვიდეს,"აღტაცებით, სულგანაბულნი შეჰყურებდნენ.",43,1084,False
ganm_7817,იყვნეს,იყვნენ.,43,1084,False
ganm_7811,ს რულად,"მთლიანად, უკლებლად.",43,1084,True
ganm_7815,რულად,როგორ.,43,1084,False
ganm_7819,დარჩეს,დარჩნენ.,43,1084,False
ganm_7811,ს რულად,"მთლიანად, უკლებლად.",43,1084,True
ganm_7815,რულად,როგორ.,43,1084,False
ganm_7821,დაიჩინა,"დაიტყო, გამოავლინა, აჩვენა.",43,1085,False
ganm_7822,შევიდეს,შევიდნენ.,43,1085,False
ganm_7824,შე-ვით-ვატყევ,როგორც შევატყე.,43,1085,False
ganm_7825,თვალად მარჯვე,"მოხდენილი, საამო შესახედავი.",43,1086,True
ganm_7826,ყმაწვილი,"აქ: ნორჩი, ძალიან ახალგაზრდა.",43,1086,False
ganm_7827,მაგრა,მაგრამ.,43,1086,False
ganm_7828,მზმელი,"მომჯადოებელი, მომხიბლავი. შესაძლოა სხვა გაგებაც: ზმებით მოლაპარაკე, მოარშიყე (ალ. ჭინჭარაული).",43,1086,False
ganm_7829,ნაკვთად,"ტანით, აღნაგობით.",43,1086,False
ganm_7830,მუტრიბთა,მემუსიკეთა.,43,1086,False
ganm_7831,დია ედვა,ბევრი ჰქონდა.,43,1086,True
ganm_7832,სასალუქო,"საპარადო, საკეკლუცო, საკოხტაო.",43,1086,False
ganm_7834,მას ღამესა,იმ ღამეს.,43,1087,True
ganm_7839,გა,"ზმნისწინი ზმნისა “გავიდა”, განმეორებული მნიშვნელობის ხაზგასასმელად.",43,1087,False
ganm_7837,ყმა,მოყმე (ავთანდილი).,43,1087,False
ganm_7835,ტურფა,"შესაძლოა ორგვარი გაგება: 1. კარგი, ძვირფასი. 2. საიუველირო ნივთები, ოქრომჭედლის ნაკეთობა და თვალმარგალიტი. მიმღებელთა. შესაძლოა ორგვარი გაგება: 1. მიმტანებმა. იმათ, ვისაც ავთანდილმა ძღვენი გაატანა, 2. მიმღებებმა (იგულისხმება თვითონ ფატმანი).",43,1087,False
ganm_7839,გა,"ზმნისწინი ზმნისა “გავიდა”, განმეორებული მნიშვნელობის ხაზგასასმელად.",43,1087,False
ganm_7836,უღირს,"შესაძლოა სამგვარი გაგება: 1. ძვირად უჯდება. 2. ძვირად უღირს, დიდად ახარებს, 3. ამაოდ არ ჩაუარა, აუნაზღაურდა საჩუქრით და ავთანდილის თანამეინახეობით (ალ. ჭინჭარაული).",43,1087,False
ganm_7839,გა,"ზმნისწინი ზმნისა “გავიდა”, განმეორებული მნიშვნელობის ხაზგასასმელად.",43,1087,False
ganm_7837,ყმა,მოყმე (ავთანდილი).,43,1087,False
ganm_7839,გა,"ზმნისწინი ზმნისა “გავიდა”, განმეორებული მნიშვნელობის ხაზგასასმელად.",43,1087,False
ganm_7838,გა რ,გარეთ.,43,1087,True
ganm_7839,გა,"ზმნისწინი ზმნისა “გავიდა”, განმეორებული მნიშვნელობის ხაზგასასმელად.",43,1087,False
ganm_7839,გა,"ზმნისწინი ზმნისა “გავიდა”, განმეორებული მნიშვნელობის ხაზგასასმელად.",43,1087,False
ganm_7840,ლარი,ძვირფასი საქონელი. ლაპარაკია ავთანდილის შემფარებელი ქარავნის საქონელზე.,43,1088,False
ganm_7841,ყველაი,"ყველა, მთელი.",43,1088,False
ganm_7842,ტურფანი,"შესაძლოა ორგვარი გაგება: 1. საიუველირო ნივთები, 2. საუკეთესო, უმშვენიერესი საქონელი.",43,1088,False
ganm_7843,სეფედ გარდასხნა,მეფისთვის გადადო.,43,1088,True
ganm_7844,ვითა გინდა,როგორც გინდათ.,43,1088,True
ganm_7845,ვაჭრობდით,ივაჭრეთ!,43,1088,False
ganm_7847,ჩაიცვამს,იცვამს.,43,1089,False
ganm_7848,არას,არაფერს.,43,1089,False
ganm_7849,იხმის,იხმობდა ხოლმე.,43,1089,False
ganm_7850,იყვის,იყო ხოლმე.,43,1089,False
ganm_7851,ერთგან,ერთად.,43,1089,False
ganm_7852,სხდიან,ისხდნენ ხოლმე. აქ: იყვნენ ხოლმე.,43,1089,False
ganm_7853,უბნობდიან,"ლაპარაკობდნენ, საუბრობდნენ ხოლმე.",43,1089,False
ganm_7855,ჰკლვიდა,კლავდა.,43,1089,False
ganm_7856,დიაცისა,ქალის.,44,1090,False
ganm_7857,დაითმობის,"დათმობა - 1. მოთმენა. 2. დათმობა, ხელის აღება, შელევა.",44,1090,False
ganm_7859,გილიზღებს,"ლიზღობა - ცბიერებით დაახლოება, ნდობის მოპოვება.",44,1090,False
ganm_7860,გილიზღებს,"ცბიერებით მოგეალერსება, დაგიახლოვდება, ნდობას გამოგტყუებს.",44,1090,False
ganm_7861,შეგიკვეთებს,"თავს შეგაყვარებს, შეგიჩვევს.",44,1090,False
ganm_7862,ანაზდად,"უცბად, მოულოდნელად.",44,1090,False
ganm_7863,"გაჰკვეთს, რაცა დაესობის","აზრი, როგორც ჩანს, შემდეგია: ქალი უცბადვე მოიკვეთს ყველა ძაფს თუკი ასეთი არსებობს, რომლითაც მისი გული შენს გულს მიება. მას დიდი ხნით გულში არაფერი დაესობა -  შენდამი გრძნობა დიდი ხნით არ შერჩება.",44,1090,True
ganm_7864,მით,ამიტომ.,44,1090,False
ganm_7865,სამალავი,"დასამალი, საიდუმლო რამ.",44,1090,False
ganm_7867,არასთანა,არაფრით; არავითარ შემთხვევაში. შესაძლოა ასეთი გაგებაც: არავითარი.,44,1090,False
ganm_7866,არ ეთხრობის,- არ ეთქმის.,44,1090,True
ganm_7868,ეცდებოდა,ცდილობდა.,44,1091,False
ganm_7869,მალვიდა,მალავდა.,44,1091,False
ganm_7870,იტყვის,ამბობს.,44,1091,False
ganm_7871,მერგების,მეშველება.,44,1091,False
ganm_7872,მიღმა,იქით.,44,1092,False
ganm_7873,რაგვარ გავძლო,როგორ გავძლო.,44,1092,True
ganm_7874,გამიხშირდეს,აქ: გამიძლიერდება.,44,1092,False
ganm_7875,ანუ,ან.,44,1092,False
ganm_7876,დავრჩე,"გადავრჩე, ცოცხალი ვიყო.",44,1092,False
ganm_7877,გამიპირდეს,გადამიწყდეს.,44,1092,False
ganm_7878,რაგვარ ჰკურნოს,როგორ უმკურნალოს.,44,1092,True
ganm_7879,საბრალო,"შესაბრალი, სიბრალულის აღმძვრელი.",45,1093,False
ganm_7880,მის ყმისა,იმ მოყმისათვის (ავთანდილისათვის).,45,1093,True
ganm_7881,პატიჟთა,ტანჯვათა.,45,1093,False
ganm_7882,მცნეველი,შემტყობინებელი.,45,1093,False
ganm_7883,უსტარი,ბარათი.,45,1093,False
ganm_7884,ცუდად,"ამაოდ, უსარგებლოდ.",45,1093,False
ganm_7885,ვინათგან,"ვინაიდან, რაკიღა.",45,1094,False
ganm_7887,მზედ სწადდი დასაბადებლად,შენი მზედ გაჩენა ეწადა; შენი მზედ შექმნა ისურვა.,45,1094,True
ganm_7888,მით,"ამიტომ, ამით.",45,1094,False
ganm_7889,მწადებლად,"მნდომელად. ტაეპის აზრია: რადგან ღმერთმა მზედ გაგაჩინა, შენგან შორს მყოფებს შენთან ახლოს ვერმისვლით ტანჯავ, თითქოს მათთვის ჭირი და უბედურება გინდოდეს.",45,1094,False
ganm_7890,ახლოს შემყრელთა,ახლოს მყოფთა.,45,1094,True
ganm_7891,მათად ცეცხლისა მადებლად,მათთვის ცეცხლის მომდებლად. იგულისხმება: მათში სიყვარულის აღმძვრელად.,45,1094,True
ganm_7893,დასაქადებლად,სატრაბახოდ.,45,1094,False
ganm_7894,გტრფიალობენ,"გეტრფიან, შენგან აღტაცებაში მოდიან.",45,1095,False
ganm_7895,მჭვრეტელნი,შემხედველნი.,45,1095,False
ganm_7896,საბრალოდ,"საწყლად, სიბრალულის ღირსად.",45,1095,False
ganm_7897,ბნდებიან,"გული უღონდებათ, გონებას კარგავენ.",45,1095,False
ganm_7898,კრფებიან,იკრიბებიან.,45,1095,False
ganm_7899,ჩემნიცა ჭნებიან,"მეტაფორის აზრია: ჩემი სიცოცხლის ყვავილიც ჭკნება, უშენოდ მყოფი ვილევი და ცხოვრების სიხარული მერთმევა.",45,1095,True
ganm_7900,სრულად,სულ.,45,1095,False
ganm_7901,მომესწრებიან,"მომისწრებენ. ტაეპის მეტაფორულად გამოთქმული აზრია: ვიღუპები, თუ შენმა საპასუხო სიყვარულმა არ მომისწრო.",45,1095,False
ganm_7902,მოწმად,მოწმედ.,45,1096,False
ganm_7903,ვიშიშვი,ვშიშობ.,45,1096,False
ganm_7904,თქვენსა,თქვენთვის.,45,1096,False
ganm_7905,თხრობასა,თქმას.,45,1096,False
ganm_7906,მაგრა,მაგრამ.,45,1096,False
ganm_7907,ვირგო,ვუშველო თავს.,45,1096,False
ganm_7908,დღე-კრულმა,"დღედაწყევლილმა, უბედურმა.",45,1096,False
ganm_7909,სრულად,"სრულებით, სულ.",45,1096,False
ganm_7910,თმობა,მოთმენა.,45,1096,False
ganm_7912,ნიადაგ,"მუდამ, დაუსრულებლად.",45,1096,False
ganm_7913,მეწევი,"მიშველი, შემეწევი.",45,1096,False
ganm_7914,თვარა,თორემ.,45,1096,False
ganm_7915,ცნობა,გონება.,45,1096,False
ganm_7917,ვირე,ვიდრე.,45,1097,False
ganm_7930,ოდეს,როდის.,45,1097,False
ganm_7918,ვცნობდე,"გავიგებდე, შევიტყობდე.",45,1097,False
ganm_7919,ან,თუ.,45,1097,False
ganm_7920,რა,რამე.,45,1097,False
ganm_7921,გაგვიდ ოდეს,"გენაღვლებოდეს, გეხათრებოდეს.",45,1097,True
ganm_7930,ოდეს,როდის.,45,1097,False
ganm_7923,მუნამდის,"იქამდის, მანამდის.",45,1097,False
ganm_7925,სულთა დგმა,ცოცხლად ყოფნა.,45,1097,True
ganm_7920,რა,რამე.,45,1097,False
ganm_7930,ოდეს,როდის.,45,1097,False
ganm_7919,ან,თუ.,45,1097,False
ganm_7928,გარდმიწყდეს,გადამიწყდება.,45,1097,False
ganm_7929,ნეტარძი,ნეტავი.,45,1097,False
ganm_7930,ოდეს,როდის.,45,1097,False
ganm_7931,ასრე,ასე.,45,1098,False
ganm_7932,თვისი,ნათესავი.,45,1098,False
ganm_7934,მაშიკობს,მეარშიყება.,45,1098,False
ganm_7935,ვისსა,"ვისას. იგულისხმება: მე, თინათინის მიჯნურს.",45,1098,False
ganm_7936,რომე,რომ.,45,1098,False
ganm_7937,მიმიჩს,მყავს.,45,1098,False
ganm_7938,სამიჯნურო,"სატრფო, მიჯნურობის საგანი.",45,1098,False
ganm_7939,რათ,რით.,45,1098,False
ganm_7940,რას აქმნევს,რაში მოიხმარს? რაში გამოიყენებს? რად უნდა?,45,1099,True
ganm_7941,ანუ,ან.,45,1099,False
ganm_7942,რა მისი ფერია,რა მისი მსგავსია? რა მისი შესაფერია?,45,1099,True
ganm_7943,მაგრა,მაგრამ.,45,1099,False
ganm_7944,ჯერთ,ჯერ. ბულბულსა (ლაპარაკია თინათინზე).,45,1099,False
ganm_7945,უმსგავსო,"შეუფერებელი, უთანასწორო.",45,1099,False
ganm_7946,მით,"ამით, ამიტომ.",45,1099,False
ganm_7948,საზრახავი,საყვედური.,45,1100,False
ganm_7949,დაუზრახა,უსაყვედურა (იგულისხმება: ფატმანს).,45,1100,False
ganm_7950,გულსა შინა,(თავის) გულში.,45,1100,True
ganm_7951,ჩემგან კიდე,ჩემს გარდა.,45,1100,True
ganm_7952,შემწე,"მშველელი, დამხმარე.",45,1100,False
ganm_7953,არავინ-ა,არავინაა.,45,1100,False
ganm_7954,რასათვისცა,რისთვისაც.,45,1100,False
ganm_7955,გამოჭრილვარ,"გამოვჭრილვარ, ველად და ტყე–ღრეში სახეტიალოდ წამოვსულვარ.",45,1100,False
ganm_7956,მინა,"მინდა, მჭირდება, ვალად და ამოცანად მაქვს.",45,1100,False
ganm_7958,ვიქმ,ვიზამ.,45,1100,False
ganm_7956,მინა,"მინდა, მჭირდება, ვალად და ამოცანად მაქვს.",45,1100,False
ganm_7960,ისი,ის.,45,1101,False
ganm_7961,დიაცი,ქალი.,45,1101,False
ganm_7970,ვალთა,". ავთანდილს მიაჩნია, რომ ტარიელის დახმარება მისი ვალია. ფატმანი მას ამ ვალის გადახდაში დაეხმარება.",45,1101,False
ganm_7963,მოყვარე,მეგობარი.,45,1101,False
ganm_7964,ყოველგნით,ყველა მხრიდან.,45,1101,False
ganm_7970,ვალთა,". ავთანდილს მიაჩნია, რომ ტარიელის დახმარება მისი ვალია. ფატმანი მას ამ ვალის გადახდაში დაეხმარება.",45,1101,False
ganm_7965,მივჰყვე,"(თუ) მივყვები, მის ნებას ავყვები. ან: მოდი, ავყვები!",45,1101,False
ganm_7966,ყველასა,ყველაფერს.,45,1101,False
ganm_7967,რაზომცა ცეცხლი მწვავ ალთა,"რამდენადაც უნდა მწვავდეს ცეცხლი, როგორც უნდა ვიტანჯებოდე. მწვავ ლიცენციაა. უნდა “მწვავს”.",45,1101,True
ganm_7968,ნუთუ რა მარგოს,ეგებ რამე მიშველოს.,45,1101,True
ganm_7969,ვცნა,შევიტყო; აქ: ვნახო.,45,1101,False
ganm_7970,ვალთა,". ავთანდილს მიაჩნია, რომ ტარიელის დახმარება მისი ვალია. ფატმანი მას ამ ვალის გადახდაში დაეხმარება.",45,1101,False
ganm_7971,დიაცსა,"დედაკაცს, ქალს.",45,1102,False
ganm_7972,გაექსვის,"შეეჩვევა, დაუახლოვდება (ალ. ჭინჭარაული); აჰყვება, თავის ნებას მისას შეურწყამს.",45,1102,False
ganm_7973,აუგი,"სირცხვილი, დაძრახვა.",45,1102,False
ganm_7974,მოყივნება,შერცხვენა.,45,1102,False
ganm_7975,არად შესწონს,არაფრად მიაჩნია.,45,1102,True
ganm_7976,ყოლა,"სულ, სრულებით.",45,1102,False
ganm_7977,კრულსა,წყეულს.,45,1102,False
ganm_7978,გაუცხადებს,გაუმხელს.,45,1102,False
ganm_7979,ხვაშიადსა,გულისნადებს.,45,1102,False
ganm_7980,უთხრობს,ეტყვის.,45,1102,False
ganm_7981,სრულსა,მთელს (მთელ გულისნადებს).,45,1102,False
ganm_7982,განღა,"ალბათ, შეიძლება.",45,1102,False
ganm_7983,სამე,აქ: როგორმე.,45,1102,False
ganm_7985,კვლა,კიდევ.,45,1103,False
ganm_7986,იტყვის,ამბობს.,45,1103,False
ganm_7987,ვერას,ვერაფერს.,45,1103,False
ganm_7988,იქმს,იზამს.,45,1103,False
ganm_7989,ეტლი,"ზოდიაკო, თანავარსკვლავედი. ასტროლოგიური წარმოდგენის მიხედვით, იგი ადამიანის ბედის განმსაზღვრელია.",45,1103,False
ganm_7990,მოსთმინდების,"დაუშვებს. ტაეპის აზრია: ადამიანი ვერაფერს იზამს, თუ ამას მისი ეტლი- მისი წინასწარგანსაზღვრული ხვედრი არ გულისხმობს.",45,1103,False
ganm_7991,მით,ამიტომ.,45,1103,False
ganm_7992,არ მომინდების,"არ მსურს, არ მინდება. ტაეპის აზრია: ვისთან ყოფნაც მინდა, ის ჩემთან არაა, ვინც ჩემთანაა, იმასთან ყოფნა არ მინდა.",45,1103,True
ganm_7993,სოფელი,"წუთისოფელი, საწუთრო.",45,1103,False
ganm_7994,ესე,ეს.,45,1103,False
ganm_7995,თურ,"შემოკლებული კავშირი “თურე”. შესაძლოა “თურე”-ს ორგვარი გაგება: 1. თურმე. აზრი შემდეგია: ეს ჩემი უბედურებაც, თურმე, სოფლის ბინდისგვარობის შედეგია, 2. იქნება; ხომ არა? აზრი შემდეგია: ჩემ თავს მოწეული ტანჯვაც სოფლის ბინდისგვარობიდან ხომ არ მომდინარეობს?",45,1103,False
ganm_7997,მიუწერა,მისწერა.,46,1104,False
ganm_7996,წიგნი,წერილი.,46,1104,False
ganm_7999,ხლება,ახლოს ყოფნა.,46,1104,False
ganm_8000,შეყრა,შეხვედრა. აქ: პაემანი.,46,1104,False
ganm_8001,პირიანი,"გამართლებული, საჭირო, მიზანშეწონილი.",46,1104,False
ganm_8003,კმარის,კმარა.,46,1105,False
ganm_8004,ვლამე,"აქ: ვღვარე. ან: ვნამე, ვაფრქვიე.",46,1105,False
ganm_8005,თავის წინა,მარტო.,46,1105,True
ganm_8006,სამე,სადმე; ან: ალბათ; ასე იქნება თუ ისე.,46,1105,False
ganm_8008,რა შეღამდეს,რომ შეღამდება.,46,1105,True
ganm_8009,მას ღამითვე,იმ ღამესვე.,46,1106,True
ganm_8010,საწვეველი,"მოსაწვევი, დასაბარებელი.",46,1106,False
ganm_8012,რა მიართვეს,რომ მიართვეს.,46,1106,True
ganm_8011,წიგნი,წერილი.,46,1106,False
ganm_8013,წა-ცა-ვიდა,. ნაწილაკი “ცა” ჩართულია ზნასა და ზმნისწინს შორის.,46,1106,False
ganm_8014,ემთხვია,შეჰხვდა.,46,1106,False
ganm_8015,გზასა,გზაში.,46,1106,False
ganm_8016,ამას ღამე,ამაღამ.,46,1106,True
ganm_8017,მპოვებ,მიპოვი. აქ: მნახავ.,46,1106,False
ganm_8018,ეგე,ეგ.,46,1106,False
ganm_8019,კვლა,-ისევ.,46,1107,False
ganm_8020,ზევე უკუწვევითა,"უკანვე გაწვევით, წეღანდელ მოწვევაზე მაშინვე უარის თქმით.",46,1107,True
ganm_8021,მარტო-ხე,"თავისუფლად გაზრდილი, აშოტილი ხე (ალ. ჭინჭარაული).",46,1107,False
ganm_8022,დიაცსა,ქალს.,46,1107,False
ganm_8023,ნახა შესლვითა შე- ვითა,შემოსული რომ დაინახა.,46,1107,True
ganm_8024,შე-,"ზმნისწინი სახელზმნისა “შესლვითა”, განმეორებული აზრის გასაძლიერებლად.",46,1107,False
ganm_8025,დაიჩინა,დაიმჩნია (ლაპარაკია ფატმანზე).,46,1107,False
ganm_8027,მისითავე თნევითა,მისივე (ავთანდილის) რიდით.,46,1107,True
ganm_8028,ერთგან,ერთად.,46,1108,False
ganm_8029,დასხდეს,დასხდნენ.,46,1108,False
ganm_8030,ლაღობა,"აქ: თავისუფლად ქცევა, ალერსი.",46,1108,False
ganm_8031,წყლიანი,"საამო, უდარდელი, მხიარული, თავშეუზღუდველი.",46,1108,False
ganm_8032,ყმა,"აქ: ახალგაზრდა კაცი. შესაძლოა, აგრეთვე: მეომარი, ფეოდალური წრის შვილი.",46,1108,False
ganm_8033,კეკლუცი,"მოხდენილი, ლამაზი.",46,1108,False
ganm_8035,შემოვლო,შემოვიდა.,46,1108,False
ganm_8036,დარაკი,ფარი.,46,1108,False
ganm_8037,დაჰკრთა,"შეუკრთა (სანახავს), შეცბა. ჰგავსო, თუ გზაა კლდიანი. აზრი შემდეგია: შემოსულმა იფიქრა: ეტყობა, სახიფათო ადგილას მოვსულვარო (ალ. ჭინჭარაული).",46,1108,False
ganm_8038,ფატმან რა ნახა,ფატმანმა რომ დაინახა.,46,1109,True
ganm_8039,ძრწის,"კანკალებს, შიშსა და ძრწოლას აუტანია.",46,1109,False
ganm_8040,ლაღობა,"ალერსი, თავისუფლად ქცევა.",46,1109,False
ganm_8041,დიაცო,ქალო.,46,1109,False
ganm_8042,ფერთა მი და მო კრთოლასა,"ფერის ცვლას; იგულისხმება: სიმპათიების ხშირ ცვალებადობას. შესაძლოა ასეთი გაგებაც: შენ რომ ახლა შიშით ფერი მიგდის, ეს ჩემი საქმე არაა, ამის გამო არ შეგიბრალებ (ალ. ჭინჭარაული).",46,1109,True
ganm_8043,გამკიცხე,"მომატყუე, შემარცხვინე.",46,1110,False
ganm_8044,დამდევ გასათრეველად,სათრეველი ანუ მასხარად ასაგდები გამხადე.,46,1110,True
ganm_8045,მაგრა,მაგრამ.,46,1110,False
ganm_8046,სცნობ,"შეიტყობ, გაიგებ.",46,1110,False
ganm_8047,მზღვეველად,"სამაგიეროდ, სანაცვლოს მომზღავად.",46,1110,False
ganm_8049,დავშალო,(თუ) არ შეგისრულო.,46,1110,False
ganm_8050,ხელიღა ვრბოდე,"გახელებული, გაგიჟებული დავრბოდე.",46,1110,True
ganm_8051,ესე,ეს.,46,1111,False
ganm_8052,მოიზიდნა,ხელი მოივლო (ფიცის ნიშნად).,46,1111,False
ganm_8053,გავლნა,გაიარა.,46,1111,False
ganm_8054,ღაწვნი,ლოყები.,46,1111,False
ganm_8055,ესხნეს,ჰქონდა.,46,1111,False
ganm_8056,ისმნეს წკარნი,გაისმა წკანწკარი.,46,1111,True
ganm_8057,მომაკარნი,"(ქვის) მკვრელნი, დამქოლავნი.",46,1111,False
ganm_8058,ჰაი,"სინანულის, გლოვის, მწუხარების გამომხატველი შორისდებულია.",46,1112,False
ganm_8059,იავარ-ვყავ,"წავახდინე, გავაოხრე.",46,1112,False
ganm_8060,საქონელი,ქონება.,46,1112,False
ganm_8061,უსახონი,შეუდარებელი.,46,1112,False
ganm_8063,ბოლოდ ვექმენ,"აღსასრულად ვექეც, დავღუპე.",46,1112,True
ganm_8064,სახლსა,ოჯახს.,46,1112,False
ganm_8065,წბილნი,". შესაძლოა ორგვარი გაგება: 1. სამარცხვინო. აზრი შემდეგია: ამის თქმაც კი, რასაც ახლა ვამბობ, სამარცხვინოა. 2. უსარგებლო, გაწბილებული. აზრი შემდეგია: ჩემი მოთქმა ვეღარაფერს უშველის.",46,1112,False
ganm_8066,ყველასა,ყველაფერს.,46,1113,False
ganm_8067,გაცბუნ ვებული,გაკვირვებული.,46,1113,True
ganm_8070,ვებული,ვაებაში მყოფი.,46,1113,False
ganm_8068,იტყვი,ამბობ.,46,1113,False
ganm_8069,რასთვის,რისთვის? რატომ?,46,1113,False
ganm_8070,ვებული,ვაებაში მყოფი.,46,1113,False
ganm_8071,დაგექადა,დაგემუქრა.,46,1113,False
ganm_8072,რა ნახა შენგან კლებული,"რა დაუშავე, რა დააკელი?",46,1113,True
ganm_8073,რად საქმედ რებული,რა საქმეზე მოსული.,46,1113,True
ganm_8074,დიაცმან,ქალმა.,46,1114,False
ganm_8075,ხელი,"გახელებული, გონებადაკარგული.",46,1114,False
ganm_8076,ნურას,ნურაფერს.,46,1114,False
ganm_8077,გითხრობ,გეტყვი.,46,1114,False
ganm_8075,ხელი,"გახელებული, გონებადაკარგული.",46,1114,False
ganm_8078,მით,ამიტომ.,46,1114,False
ganm_8079,უთმინოდ,"მოუთმენლად, სულწასულად.",46,1114,False
ganm_8080,დია,ბევრი.,46,1115,False
ganm_8081,მიჰხვდეს,"შეჰხვდება, დაემართება.",46,1115,False
ganm_8083,ხვაშიადთა,გულისნადებთა.,46,1115,False
ganm_8084,შმაგსა,გიჟს.,46,1115,False
ganm_8085,რეტსა,"უგონოს, სიფხიზლე–დაკარგულს.",46,1115,False
ganm_8085,რეტსა,"უგონოს, სიფხიზლე–დაკარგულს.",46,1115,False
ganm_8087,ვერა ჰკურნოს,ვერაფერს უმკურნალებს.,46,1115,True
ganm_8085,რეტსა,"უგონოს, სიფხიზლე–დაკარგულს.",46,1115,False
ganm_8089,ორისაგან ერთი,ორში ერთი.,46,1116,True
ganm_8091,ნურას ჰ ლამით,ნურაფერს ეცდებით.,46,1116,True
ganm_8098,ლამით,"აქ: ღვრით, “ნამვით”, ფრქვევით.",46,1116,False
ganm_8092,მო- ვით ა-ჰკლავ,თუკი მოჰკლავ.,46,1116,True
ganm_8096,ვით,როგორ.,46,1116,False
ganm_8096,ვით,როგორ.,46,1116,False
ganm_8093,სრულად სახლი ჩემი,მთელი ჩემი ოჯახი.,46,1116,True
ganm_8094,დაგვხსენ,გადაგვარჩინე.,46,1116,False
ganm_8095,გითხრობ ყველაკასა,გეტყვი ყველაფერს.,46,1116,True
ganm_8096,ვით,როგორ.,46,1116,False
ganm_8098,ლამით,"აქ: ღვრით, “ნამვით”, ფრქვევით.",46,1116,False
ganm_8099,თვარა,"თუ არა, მაშინ.",46,1117,False
ganm_8104,რითა,რამით.,46,1117,False
ganm_8100,დააგდე,დატოვე!,46,1117,False
ganm_8101,სრულად,"სულ, მთლიანად.",46,1117,False
ganm_8102,მიკრიფე,წაიღე (შენი ბარგი).,46,1117,False
ganm_8104,რითა,რამით.,46,1117,False
ganm_8105,ვეჭვ,მგონი.,46,1117,False
ganm_8106,რომე,რომ.,46,1117,False
ganm_8107,აგავსონ,აგავსებენ.,46,1117,False
ganm_8104,რითა,რამით.,46,1117,False
ganm_8108,დარბაზს,"მეფესთან, კარზე.",46,1117,False
ganm_8104,რითა,რამით.,46,1117,False
ganm_8109,ლაღსა,"აქ: თამამს, გულდაჯერებულს, თავისი ზრახვისა და სურვილის შემსრულებელს.",46,1118,False
ganm_8110,ბუნება-ზეარსა,"ამაღლებული ბუნებისას, კეთილშობილს.",46,1118,False
ganm_8111,ლახტი,არამჭრელი საბრძოლო იარაღია.,46,1118,False
ganm_8112,მხნე,ძლიერი.,46,1118,False
ganm_8113,ვერ-ცნობა,ვერშეტყობა.,46,1118,False
ganm_8114,სიძუნტე,"ბუნების სიძუნწე, სიზანტე, უნიათობა.",46,1118,False
ganm_8116,თუ ვითმე მისებრვე არსა,"რომ როგორმე, რამით მისი მსგავსი იყოს.",46,1118,True
ganm_8117,მართლად,სწორად.,46,1119,False
ganm_8118,თვარა,თორემ.,46,1119,False
ganm_8119,მეშვლად,დამხმარედ.,46,1119,False
ganm_8120,წა -ცა-მყვა ნელად,. ნაწილაკი “ცა” ჩართულია ზმნასა და ზმნისწინს შორის.,46,1120,True
ganm_8124,წა,"წადი, იარე.",46,1120,False
ganm_8125,ნელად,აქ: ფრთხილად.,46,1120,False
ganm_8121,კვლა,"კიდევ, შემდეგ.",46,1120,False
ganm_8122,მი-ვე-ჰყივლა,მიაძახა.,46,1120,False
ganm_8123,ვინათგან,ვინაიდან.,46,1120,False
ganm_8124,წა,"წადი, იარე.",46,1120,False
ganm_8125,ნელად,აქ: ფრთხილად.,46,1120,False
ganm_8126,მო-ვითმე-თუ-ჰკლა,"თუ როგორმე მოჰკლავ; თუ ისე მოხდა, რომ მოჰკალი.",46,1120,False
ganm_8125,ნელად,აქ: ფრთხილად.,46,1120,False
ganm_8125,ნელად,აქ: ფრთხილად.,46,1120,False
ganm_8128,გავლო,გაიარა.,46,1121,False
ganm_8129,მით უებროთა ტანითა,იმ სწორუპოვარი ტანით.,46,1121,True
ganm_8130,დგა,იდგა.,46,1121,False
ganm_8132,ტურფითა,"ლამაზით, მორთულით.",46,1121,False
ganm_8133,ზედათ,ზევითკენ.,46,1121,False
ganm_8132,ტურფითა,"ლამაზით, მორთულით.",46,1121,False
ganm_8137,მუნ,იქ.,46,1122,False
ganm_8138,წინამძღომელსა,წინამძღვარს.,46,1122,False
ganm_8139,ჰკადრებს,ეუბნება.,46,1122,False
ganm_8140,ისია,ისაა.,46,1122,False
ganm_8141,სრა,სასახლე.,46,1122,False
ganm_8142,რომელსა,"რომელსაც, ვისაც.",46,1122,False
ganm_8143,ეტყვის,ეუბნება.,46,1122,False
ganm_8144,ბანსა ზე და ქვე მდგომელსა,"როგორც ჩანს: სახლს, რომელსაც სართულებად აქვს ბანები.",46,1122,True
ganm_8145,იქი,იქ.,46,1122,False
ganm_8146,იცოდი,იცოდე!,46,1122,False
ganm_8147,ანუ,ან.,46,1122,False
ganm_8149,უწვეს,უწვნენ.,46,1123,False
ganm_8151,ყმა,(ავთანდილი).,46,1123,False
ganm_8151,ყმა,(ავთანდილი).,46,1123,False
ganm_8152,გაეპარა,გაეპარათ.,46,1123,False
ganm_8153,დააგდებდეს ვირე ხმასა,სანამ უცაბედი ხმაური გაამხელდა; ან: სანამ აყვირდებოდნენ.,46,1123,True
ganm_8154,მიჰყო,"მიაწვდინა, მოავლო.",46,1123,False
ganm_8155,მუნვე,იქვე. აქ: მაშინვე.,46,1123,False
ganm_8156,სულთა ხდასა,სიკვდილს.,46,1123,True
ganm_8157,საწოლს,საძინებელ ოთახში.,46,1124,False
ganm_8158,წვა,იწვა.,46,1124,False
ganm_8160,აესწრა,აასწრო (სახლის პატრონმა ყმამ).,46,1124,False
ganm_8161,იდუმალ,მალულად.,46,1124,False
ganm_8162,ვცანით,"შევიტყეთ. აზრია: ისე მალულად მოკლა, რომ ვერც კი გავიგეთ, მოკლა თუ არა.",46,1124,False
ganm_8163,დაასკვნა,"დააგდო, დაახეთქა, დააწყვიტა.",46,1124,False
ganm_8164,მჭვრეტელთა,აქ: შემხედველთათვის.,46,1125,False
ganm_8165,მებრძოლთა,"აქ: მოწინააღმდეგეთათვის, მტერთათვის.",46,1125,False
ganm_8166,ვითა,როგორც.,46,1125,False
ganm_8167,ზარი,აქ: თავზარის დამცემი.,46,1125,False
ganm_8168,სარკმლით,"სარკმლიდან, ფანჯრიდან.",46,1125,False
ganm_8169,დარი,მსგავსი.,46,1125,False
ganm_8170,არცაღა,აღარც.,46,1125,False
ganm_8171,არსით,არსაით.,46,1126,False
ganm_8172,არა,"არაფერი, არავითარი.",46,1126,False
ganm_8172,არა,"არაფერი, არავითარი.",46,1126,False
ganm_8175,ესე,ეს.,46,1126,False
ganm_8176,ასრე,ასე.,46,1126,False
ganm_8177,ვითა,როგორ.,46,1126,False
ganm_8172,არა,"არაფერი, არავითარი.",46,1126,False
ganm_8178,რომე,რომ.,46,1126,False
ganm_8179,წამოევლო,გამოევლო.,46,1126,False
ganm_8172,არა,"არაფერი, არავითარი.",46,1126,False
ganm_8181,მოყმე,"მეომარი, რაინდი.",46,1127,False
ganm_8182,წყლიანი,"ლაღი, მომხიბლავი.",46,1127,False
ganm_8183,მან ყმამან,იმ ახალგაზრდამ.,46,1127,True
ganm_8184,ნახოს,ნახავს.,46,1127,False
ganm_8185,აწ,ახლა.,46,1128,False
ganm_8186,იტყოდი,ამბობდი.,46,1128,False
ganm_8187,ისრე,ისე.,46,1128,False
ganm_8188,რეტად,"გონდაკარგულად; ისე ძლიერ, რომ თავს ვეღარ ეუფლებოდი.",46,1128,False
ganm_8189,გექადდა,გემუქრებოდა.,46,1128,False
ganm_8190,მესწრაფების,მოუთმენლად ვარ.,46,1128,False
ganm_8191,ფერხთა,ფეხებზე.,46,1128,False
ganm_8188,რეტად,"გონდაკარგულად; ისე ძლიერ, რომ თავს ვეღარ ეუფლებოდი.",46,1128,False
ganm_8193,გამიმრთელდა,"მომირჩა, განმეკურნა.",46,1128,False
ganm_8194,წყლული,"დაჭრილი, დაწყლულებული.",46,1128,False
ganm_8185,აწ,ახლა.,46,1128,False
ganm_8188,რეტად,"გონდაკარგულად; ისე ძლიერ, რომ თავს ვეღარ ეუფლებოდი.",46,1128,False
ganm_8199,ვინათგან,ვინაიდან.,46,1129,False
ganm_8201,დაღვრევა,აქ: დაღვრა.,46,1129,False
ganm_8200,დავიქადენით,"დავიქადეთ. აქ, როგორც ჩანს, იგულისხმება: დავიქადეთ და შევასრულეთ. ან: დავიქადეთ, რომ შევასრულოთ (ალ. ჭინჭარაული).",46,1129,False
ganm_8202,გითხრობ,გეტყვით.,46,1129,False
ganm_8203,ყველასა,ყველაფერს.,46,1129,False
ganm_8204,დღესა მას ნავროზობასა,ნავროზობის დღეს (მაჰმადიანთა ახალ წელს).,47,1130,True
ganm_8205,ვინ,ვინმე.,47,1130,False
ganm_8205,ვინ,ვინმე.,47,1130,False
ganm_8206,სწორად,"თანასწორად, ერთნაირად.",47,1130,False
ganm_8207,შეიქმან,"აწყობენ, მართავენ.",47,1130,False
ganm_8208,დარბაზობა,"მიღება მეფის კარზე, წვეულება.",47,1130,False
ganm_8209,ზედა-გვაც,გვაკისრია.,47,1131,False
ganm_8210,დარბაზს,მეფის კარზე.,47,1131,False
ganm_8211,მიღება,მიტანა.,47,1131,False
ganm_8212,მათ,. ლაპარაკია მეფეზე.,47,1131,False
ganm_8213,ჰმართებს,ეკუთვნით.,47,1131,False
ganm_8214,მსგავსისა,შესაფერის.,47,1131,False
ganm_8215,ყოველგნით,ყოველი მხრიდან.,47,1131,False
ganm_8216,წინწილი,საკრავია (ლითონის თეფშები).,47,1131,False
ganm_8217,მღერა,1. თამაში. 2. სიმღერა.,47,1131,False
ganm_8218,დგენისა,დგენა - დოღი ან მარულა.,47,1131,False
ganm_8219,მაწვეველი,დამპატიჟებელი.,47,1132,False
ganm_8220,არად მინა,არაფრად მჭირდება.,47,1132,True
ganm_8221,ვინ-ა,ვინაა. აქ: ვინმეა.,47,1132,False
ganm_8223,ამოდ,"ტკბილად, სასიამოვნოდ.",47,1132,False
ganm_8224,გავიხარებთ,დროს ვატარებთ.,47,1132,False
ganm_8225,მათ,ლაპარაკია დედოფალზე.,47,1133,False
ganm_8226,"ავავსენით, ავივსენით",იგულისხმება: ქონებით.,47,1133,True
ganm_8227,ჟამიერად,თავის დროზე.,47,1133,False
ganm_8228,კვლა,ისევ.,47,1133,False
ganm_8229,გახარებად,სამხიარულოდ.,47,1133,False
ganm_8230,უნებურნი,"მოწყენილნი, შებოჭილნი.",47,1133,False
ganm_8231,ვიყვენით,ვიყავით.,47,1133,False
ganm_8232,ბაღსა შიგან,ბაღში.,47,1134,True
ganm_8233,თამაშობად,გასართობად.,47,1134,False
ganm_8234,გავიტანე,გავიყოლე.,47,1134,False
ganm_8235,ხათუნები,ქალბატონები. ლაპარაკია ვაჭართა ცოლებზე.,47,1134,False
ganm_8236,ჭმევა,აქ: მასპინძლობა.,47,1134,False
ganm_8237,ხამს,"საჭიროა, ჯერ არს. აქ: (ჩემი) ვალია.",47,1134,False
ganm_8238,მომყვებოდეს,მომყვებოდნენ.,47,1134,False
ganm_8239,იტყოდიან,ამბობდნენ.,47,1134,False
ganm_8240,ვიმღერდით,"ვთამაშობდით, ვხუმრობდით.",47,1134,False
ganm_8241,ვყმაწვილობდით,უდარდელად ვერთობოდით.,47,1134,False
ganm_8242,ვიცვალებდით,ვიცვლიდით.,47,1134,False
ganm_8243,რიდე-თმასა,თავსაბურავსა და ვარცხნილობას.,47,1134,False
ganm_8244,ყოვლგნით,ყოველ მხარეს.,47,1135,False
ganm_8245,წაკიდებულნი,"მიმდგარნი, (ზღვის) კიდეზე გაშენებულნი.",47,1135,False
ganm_8246,მუნ,იქ.,47,1135,False
ganm_8247,შევიტანენ,"შევიყვანე, შევიყოლე.",47,1135,False
ganm_8248,ხათუნნი,ქალბატონები (ლაპარაკია ვაჭართა ცოლებზე).,47,1135,False
ganm_8249,დავიდევით ნადიმი,დავიწყეთ ნადიმობა.,47,1135,True
ganm_8250,ამოდ,"საამოდ, სიამოვნებით.",47,1135,False
ganm_8251,შვებულნი,მხიარულნი.,47,1135,False
ganm_8252,ამოდ,საამოდ.,47,1136,False
ganm_8253,გავხე,გავხდი.,47,1136,False
ganm_8254,რასმე უგემურად,რაღაც უგუნებოდ.,47,1136,True
ganm_8255,რა,რომ.,47,1136,False
ganm_8256,გაიყარა,დაიშალნენ (სტუმრები).,47,1136,False
ganm_8257,სხდომილ იყო,ისხდნენ.,47,1136,True
ganm_8258,რაცა,აქ: ვინც კი.,47,1136,False
ganm_8259,სევდა რამე,რაღაც სევდა.,47,1136,True
ganm_8260,შემომექცა,"აქ: მომერია, დამეუფლა.",47,1136,False
ganm_8261,უკმოვახვენ,გამოვაღე.,47,1137,False
ganm_8262,სარკმელნი,ფანჯრები. აქ: ფანჯარა.,47,1137,False
ganm_8263,შევაქცივე პირი გზასა,გზას დავუწყე ყურება.,47,1137,True
ganm_8264,ვიხედვიდი,ვიყურებოდი.,47,1137,False
ganm_8265,კაეშნისა ჩემგან ზრდასა,"ჩემი კაეშნის ზრდას, მოძალებულ სევდას.",47,1137,True
ganm_8266,ამიჩნდა,"გამოჩნდა, შევნიშნე.",47,1137,False
ganm_8267,ცოტა რამე,პატარა რაღაც.,47,1137,True
ganm_8268,მოცურვიდა,მოცურავდა.,47,1137,False
ganm_8269,შიგან ზღვასა,ზღვაში.,47,1137,True
ganm_8270,მფრინველად ვთქვი ანუ მხეცად,"ვთქვი, ფრინველია ან მხეცია-მეთქი.",47,1137,True
ganm_8271,ვამსგავსე მემცა რასა,რას მივამსგავსო? რას მივამსგავსებდი?,47,1137,True
ganm_8272,მაშორვიდა,ჩემგან შორს იყო.,47,1138,False
ganm_8273,ვერად ვიცან,"ვერაფრად ვცანი; ვერ დავასკვენი, თუ რა იყო.",47,1138,True
ganm_8274,მომეახლა,ახლოს მოვიდა.,47,1138,False
ganm_8275,ედგა,ჰქონდათ.,47,1138,False
ganm_8276,იქით-აქათ,იქით-აქედან.,47,1138,False
ganm_8277,მოსდგომოდეს,"მოსდგომოდნენ. როგორც ჩანს, იგულისხმება, რომ ნავი უკვე ნაპირზე გამოიტანეს. ან: ქაჯები ნავის აქეთ-იქით მოცურავდნენ და ნავს მოათრევდნენ (ალ. ჭინჭარაული).",47,1138,False
ganm_8278,ახლოთ,ახლოდან.,47,1138,False
ganm_8279,უჩნდა,უჩანდათ.,47,1138,False
ganm_8280,ოდენ,მხოლოდ.,47,1138,False
ganm_8281,გამოვიდეს,გამოვიდნენ.,47,1138,False
ganm_8282,გამოზიდნეს,გამოათრიეს.,47,1139,False
ganm_8283,გამოიღეს,გამოიტანეს.,47,1139,False
ganm_8284,გვიჭვრეტსო,გვიყურებსო.,47,1139,False
ganm_8285,ვინ-ა,ვინაა.,47,1139,False
ganm_8286,იდუმალ,ჩუმად.,47,1139,False
ganm_8287,ვიხედვიდი,ვიყურებოდი.,47,1139,False
ganm_8288,სულ-ღებული,"გაჩუმებული, გასუსული.",47,1139,False
ganm_8289,მით ნავიდაღმა,იმ ნავიდან.,47,1140,True
ganm_8290,რამე,რომ.,47,1140,False
ganm_8291,გარდმოხდა,გადმოვიდა.,47,1140,False
ganm_8292,უცხოთა რათმე ტანითა,"რაღაც უნახავი, საკვირველი ტანით.",47,1140,True
ganm_8293,რიდითა,"თავსაბურავით, მოსასხამით.",47,1140,False
ganm_8294,ქვეშეთ,"ქვემოთ, ქვედატანზე.",47,1140,False
ganm_8295,ეყოფის,ეყოფა.,47,1140,False
ganm_8296,იყოს მისითა გვანითა,მისი მსგავსი (თუ) იქნება.,47,1140,True
ganm_8297,“რა,რომ.,47,1141,False
ganm_8298,შემოადგეს,შემოადგნენ.,47,1141,False
ganm_8299,ღაწვთა,ლოყების.,47,1141,False
ganm_8300,"ხმელთა, ზესა",ხმელეთზე და ზეცაში.,47,1141,True
ganm_8301,დავიწუხენ,"თვალი დავხუჭე, თვალი მომეჭრა, მხედველობა წამერთვა.",47,1141,False
ganm_8302,ყოლა,სრულებით.,47,1141,False
ganm_8304,ვითა,როგორც.,47,1141,False
ganm_8305,უკმოვიხაშ,გამოვიკეტე.,47,1141,False
ganm_8306,ჭვრეტა,ცქერა.,47,1141,False
ganm_8307,ცნეს,"შეამჩნიეს, გაიგეს.",47,1141,False
ganm_8308,ინდოთა,"იგულისხმება, როგორც ჩანს: შავ ხალხს, ზანგებს.",47,1142,False
ganm_8309,ჩაედით,ჩადით!,47,1142,False
ganm_8310,მხლტომელნი,მხტომელნი.,47,1142,False
ganm_8311,რასაცა,რისიც.,47,1142,False
ganm_8312,წაჰგვარეთ,წაართვით!,47,1143,False
ganm_8313,ყმანი,"აქ: მსახურნი, მონანი.",47,1143,False
ganm_8314,ზედადაღმა,ზევიდან.,47,1143,False
ganm_8315,ჩაეპარნეს,ჩაეპარნენ.,47,1143,False
ganm_8316,ვითა,როგორც. აქ: თითქოს.,47,1143,False
ganm_8317,დაევაჭრნეს,შეევაჭრნენ.,47,1143,False
ganm_8319,სარკმელთა გარდავადეგ,"სარკმელში, ფანჯარაში გადავდექი.",47,1144,True
ganm_8320,რა შევიგენ,"რომ შევიტყვე, რომ მივხვდი.",47,1144,True
ganm_8321,შევუზახენ,"დავუძახე, დავუყვირე.",47,1144,False
ganm_8322,დაიპყრნეს,დაიჭირეს.,47,1144,False
ganm_8323,იგი,". იგულისხმება: ისინი, ზანგები.",47,1144,False
ganm_8325,შემოადგეს,"შემოადგნენ, აქეთ-იქით მოუდგნენ.",47,1144,False
ganm_8326,სცვიდეს,"1. იცავდნენ, 2. დარაჯობდნენ.",47,1144,False
ganm_8327,გამოვჰგვარე,ჩამოვართვი.,47,1144,False
ganm_8328,ხანსა არ დაზმიდეს,არ შეყოვნებულან.,47,1144,True
ganm_8329,რომე,რომ.,47,1145,False
ganm_8330,ჰმართებს,ეკუთვნის.,47,1145,False
ganm_8334,მზობა,"მზადყოფნა. ტაეპის აზრია: ამას საგანგებო მზადება აღარ უნდა, ისეც ყოველთვის მზად ვარ, მისი მშვენიერების წინაშე აღტაცებისაგან დავიწვა.",47,1145,False
ganm_8331,გაიცდის,დაინახავს.,47,1145,False
ganm_8332,ნახაზობა,აქ: დახატვა.,47,1145,False
ganm_8334,მზობა,"მზადყოფნა. ტაეპის აზრია: ამას საგანგებო მზადება აღარ უნდა, ისეც ყოველთვის მზად ვარ, მისი მშვენიერების წინაშე აღტაცებისაგან დავიწვა.",47,1145,False
ganm_8339,ხელნი,გახელებულნი.,47,1146,False
ganm_8335,აეტირნეს,"ცრემლი მოადგა, ტირილი დაიწყო.",47,1146,False
ganm_8339,ხელნი,გახელებულნი.,47,1146,False
ganm_8336,დაავიწყდა,დაავიწყდათ.,47,1146,False
ganm_8337,გახდეს,გახდნენ. ვ,47,1146,False
ganm_8338,ითა,როგორც.,47,1146,False
ganm_8339,ხელნი,გახელებულნი.,47,1146,False
ganm_8340,ზედათ,ზემოდან. ფიფქნი თხელნი დარდისაგან გაცრეცილი ლოყების აღმნიშვნელი მეტაფორაა. ან: თეთრი ლოყებისა საერთოდ (ალ. ჭინჭარაული).,47,1146,False
ganm_8339,ხელნი,გახელებულნი.,47,1146,False
ganm_8341,მოიტირეს,ერთხანს იტირეს.,47,1147,False
ganm_8342,გაასრულე,"დაასრულე, დაამთავრე.",47,1147,False
ganm_8343,იტყვის,ამბობს.,47,1147,False
ganm_8344,ასო,ნაკვთი.,47,1147,False
ganm_8345,ამად,"ამიტომ, აქ: ამით.",47,1147,False
ganm_8347,შევეკვეთე,"აქ: მოვეალერსე, ახლობლად მოვევლინე. გავესულე. შესაძლოა ორგვარი გაგება: 1. სულად და გულად გავუხდი, დიდი სიყვარული ვაჩვენე, 2. გავუჩუმდი, დავუწყნარდი, მის სევდიან განწყობილებას ავყევი.",47,1147,False
ganm_8348,ვჰკადრე,"ვუთხარი, თქმა გავუბედე.",47,1148,False
ganm_8349,ანუ,ან.,47,1148,False
ganm_8350,სით,საიდან.,47,1148,False
ganm_8351,მოჰყვანდი,მოჰყავდი.,47,1148,False
ganm_8352,პატრონი,"მეფე, მბრძანებელი.",47,1148,False
ganm_8353,ხომთა,"ხომლთა, თანავარსკვლავედთა.",47,1148,False
ganm_8354,არა,არაფერი.,47,1148,False
ganm_8355,სიტყვათა ესეზომთა,ამდენი ნალაპარაკევისა.,47,1148,True
ganm_8356,ას-ნაკეცი,ასკეცი.,47,1148,False
ganm_8358,რა მივაჭირვე,რომ შევაწუხე.,47,1149,True
ganm_8359,მეტითა,"აქ: გადამეტებულით, ზედმეტით.",47,1149,False
ganm_8360,გულ-ამოხვინჩვით,გულამოსკვნით.,47,1149,False
ganm_8361,მით რამე ხმითა წყნარითა,წყნარი ხმით.,47,1149,True
ganm_8363,მჭვრეტელი,შემხედველი.,47,1149,False
ganm_8364,გავხე,გავხდი.,47,1149,False
ganm_8365,რას აქმნევ,რაში გამოიყენებ? რად გინდა?,47,1150,True
ganm_8366,ღარიბი,"უცხო, გადმოხვეწილი, უთვისტომო.",47,1150,False
ganm_8367,რაცა,რაიმე. არსთა მხედი ღმერთის აღმნიშვნელი ეპითეტია.,47,1150,False
ganm_8368,ძალიმცა გიგმია არსთა მხედისა,ღმერთის ძალის მგმობელი იყო!,47,1150,True
ganm_8369,უჟამოდ,"უდროოდ, ნაადრევად.",47,1151,False
ganm_8370,არ წესია,წესი არაა.,47,1151,True
ganm_8371,მოყვანა და მზისა ხმობა,"მზის მოყვანა და ხმობა, მოწოდება. ა, ბ და გ ტაეპებში, როგორც ჩანს, იგულისხმება რაღაც რიტუალი.",47,1151,True
ganm_8372,გაშმაგდების,გაგიჟდება.,47,1151,False
ganm_8373,ერთობ,მთლად.,47,1151,False
ganm_8374,ცნობა,გონება.,47,1151,False
ganm_8375,ჟამიერად,დროულად.,47,1151,False
ganm_8376,სააჯოსა ყოვლსა თხრობა,ყოველივე სათხოვრის თქმა.,47,1151,True
ganm_8377,ამა მზისა საუბრისა,ამ მზესთან (ნესტანთან) საუბრის.,47,1151,True
ganm_8378,უჟამობა,უდროობა.,47,1151,False
ganm_8379,უქი,უქებელი.,47,1152,False
ganm_8380,სურვილმან და მზემან მისმან,ჩემს მისდამი სიყვარულს და მის მზეს ვფიცავ!,47,1152,True
ganm_8381,ძლივ,ძლივს.,47,1152,False
ganm_8379,უქი,უქებელი.,47,1152,False
ganm_8382,ჩამოვჰბურე,"ჩამოვახურე, ჩამოვაფარე. სტავრა ძვირფასი ქსოვილია.",47,1152,False
ganm_8379,უქი,უქებელი.,47,1152,False
ganm_8383,ვარდსა აზრობს,ლოყები (ან: პირისახე) ეცრიცება.,47,1152,True
ganm_8379,უქი,უქებელი.,47,1152,False
ganm_8385,შინა ჩემსა,ჩემთან შინ.,47,1153,True
ganm_8386,სახლი,აქ: ოთახი.,47,1153,False
ganm_8387,შიგან,შიგ.,47,1153,False
ganm_8388,მალვით,მალულად.,47,1153,False
ganm_8389,კრძალვით,სიფრთხილით.,47,1153,False
ganm_8390,"შევიდი, ვნახი","შევდიოდი, ვნახულობდი.",47,1153,True
ganm_8391,ხალვით,"მარტო, სხვათა დაუსწრებლად.",47,1153,False
ganm_8392,შევეხვეწი,შევეხვეწებოდი ხოლმე.,47,1154,False
ganm_8393,დადუმდიო,დადუმდი-მეთქი.,47,1154,False
ganm_8394,ჰქონდის ჩემი თნევა,"ჰქონდა ხოლმე ჩემი ხათრი, ანგარიშს მიწევდა ხოლმე (იგულისხმება: ტირილს შეწყვეტდა ხოლმე).",47,1154,True
ganm_8395,ვით ცოცხალ ვარ,როგორ ვარ ცოცხალი!,47,1154,True
ganm_8396,ჰაი ჩემთვის,ვაჰ მე!,47,1154,True
ganm_8397,შევიდი,შევიდოდი ხოლმე.,47,1155,False
ganm_8398,ედგის,ედგა ხოლმე.,47,1155,False
ganm_8399,შიგან სისხლისა მორევსა,"იგულისხმება: სისხლიანი ცრემლის მორევში, თვალში რომ ჩასდგომოდა.",47,1155,True
ganm_8400,ეყრდნის,"ეყრდნო, დაბჯენილი ჰქონდა ხოლმე.",47,1155,False
ganm_8402,მელნისა ტბათათ,მელნის ტბებიდან (თვალებიდან).,47,1155,True
ganm_8403,სათი,შავი ქარვა.,47,1155,False
ganm_8407,სჭვირს,"უბრწყინავს, გამოუჭვივის. ტაეპის აზრია: წითელ ბაგეებს შორის შეტყუპებული მარგალიტივით თეთრი კბილები უბრწყინავს.",47,1155,False
ganm_8408,ჟამი,დრო.,47,1156,False
ganm_8409,ვპოვე,ვიპოვე.,47,1156,False
ganm_8410,ნიადაგ,მუდამ.,47,1156,False
ganm_8411,თუმცა,რომ.,47,1156,False
ganm_8412,ეგრე გასრული,"ასე გამხდარი, ამ დღეში ჩავარდნილი.",47,1156,True
ganm_8413,ალვისა ხისაგან,". აზრი, როგორც ჩანს, შემდეგია: მას, ალვის ხის მსგავსს, ცრემლი ჩქეფით მოსდის.",47,1156,True
ganm_8414,კიდეგანი ქვისაგან,"სხვა, თუ არა ქვა.",47,1156,True
ganm_8415,არად უნდის,არაფრად უნდოდა.,47,1157,True
ganm_8416,საბურავი,აქ: საბანი.,47,1157,False
ganm_8417,საგებლითა,"ლოგინით, ლოგინზე.",47,1157,False
ganm_8418,მიწყივ,"მუდამ, სულ.",47,1157,False
ganm_8419,იყვის,იყო ხოლმე.,47,1157,False
ganm_8421,მით ერთითა,იმ ერთით.,47,1157,True
ganm_8423,სასთაულად,ბალიშად.,47,1157,False
ganm_8424,მიწვის,მიწვებოდა ხოლმე.,47,1157,False
ganm_8425,ძლივ,ძლივს.,47,1157,False
ganm_8426,ვაჭამი,ვაჭმევდი ხოლმე.,47,1157,False
ganm_8427,ყოვლისავე,ყველაფრის.,47,1158,False
ganm_8428,უცხოსა,"საკვირველის, იშვიათის.",47,1158,False
ganm_8429,არა,არაფერი.,47,1158,False
ganm_8430,ქმნილი,გაკეთებული.,47,1158,False
ganm_8431,რაგვარ,როგორ.,47,1158,False
ganm_8432,სილბო,სილბილე.,47,1158,False
ganm_8433,მან ტურფამან,იმ ტურფამ.,47,1159,True
ganm_8434,შესმენისა,დაბეზღების.,47,1159,False
ganm_8435,ვუთხრობ,ვეტყვი.,47,1159,False
ganm_8436,დარბაზს,"მეფესთან, კარზე.",47,1159,False
ganm_8437,ფლიდი,აქ: უნდო და ლაქუცა.,47,1159,False
ganm_8438,ესე,ეს.,47,1159,False
ganm_8439,მეყო,გამიხდა.,47,1159,False
ganm_8440,საგონებლად,"საფიქრელად, სადარდოდ.",47,1159,False
ganm_8441,შევიდი თუ გამოვიდი,შესვლისას და გამოსვლისას. იგულისხმება: მუდამ ეს ფიქრი არ მასვენებდა.,47,1159,True
ganm_8442,რა მოეგვარების,"რა გაკეთდება, რა მოხერხდება მის სასიკეთოდ.",47,1160,True
ganm_8443,არცა რა,არც რამე.,47,1160,True
ganm_8444,მოეხმარების,ეშველება.,47,1160,False
ganm_8445,რა მიგრძნობს,რომ შემიტყობს. მო-ცა-მკლავს. ნაწილაკი “ცა” ჩართულია ზმნასა და ზმნისწინს შორის.,47,1160,True
ganm_8446,ვეღარა,ვეღარაფერი.,47,1160,False
ganm_8447,მომეფარების,"დამიფარავს, დამიცავს.",47,1160,False
ganm_8448,მო და გავანდო,"მოდი, გავანდობ!",47,1161,True
ganm_8449,ნუ შევალ უსენის შეცოდებასა,უსენის ცოდვაში ნუ ჩავდგები. იგულისხმება: ნუ მოვატყუებ. ან: უსამართლოდ ნუ მივაწერ სულმდაბლობას.,47,1161,True
ganm_8450,ვაფიცო,დავაფიცებ.,47,1161,False
ganm_8451,იმედებასა,"იმედს, დაიმედებას.",47,1161,False
ganm_8452,გაცუდებასა,"გაუქმებას. აქ: გატეხას, ღალატს.",47,1161,False
ganm_8453,მივე,მივედი.,47,1162,False
ganm_8454,ველაღობე,"ვეალერსე, ვეარშიყე.",47,1162,False
ganm_8455,გითხრობ,გეტყვი.,47,1162,False
ganm_8456,რასმე,რაღაცას.,47,1162,False
ganm_8457,მაგრა,მაგრამ.,47,1162,False
ganm_8458,პირველ,ჯერ.,47,1162,False
ganm_8459,ვიცე,ვირტყა; ვარტყა.,47,1162,False
ganm_8460,მითხრა,მეტყვი.,47,1163,False
ganm_8461,ვუთხრა,ვეტყვი.,47,1163,False
ganm_8463,ბერსა,მოხუცს.,47,1163,False
ganm_8464,ყმასა,აქ: ახალგაზრდას.,47,1163,False
ganm_8468,მო,მოდი.,47,1163,False
ganm_8465,ყველაკაი,ყველაფერი.,47,1163,False
ganm_8466,ლ მო ბიერსა,"გულშემატკივარს, გულჩვილს.",47,1163,True
ganm_8468,მო,მოდი.,47,1163,False
ganm_8468,მო,მოდი.,47,1163,False
ganm_8468,მო,მოდი.,47,1163,False
ganm_8467,აქა სამე,"აქ, ერთ ადგილას.",47,1163,True
ganm_8468,მო,მოდი.,47,1163,False
ganm_8469,ფერსა,მსგავსს.,47,1163,False
ganm_8470,შევვლენით,გავიარეთ.,47,1164,False
ganm_8472,გა-ცა-ჰკრთა,"შეუშინდა (ასეთ მშვენიერებას), გაოცდა, გაოგნდა. ნაწილაკი “ცა” ჩართულია ზმნასა და ზმნისწინს შორის.",47,1164,False
ganm_8474,ნეტარ,ნეტავ.,47,1164,False
ganm_8475,თუ ხორციელი არისცა,"თუკი ხორციელია, ადამიანია.",47,1164,True
ganm_8477,არცა რა,არც რამე.,47,1165,True
ganm_8483,რა,რამე.,47,1165,False
ganm_8479,რა ცა რა,რაც რამე.,47,1165,True
ganm_8483,რა,რამე.,47,1165,False
ganm_8483,რა,რამე.,47,1165,False
ganm_8483,რა,რამე.,47,1165,False
ganm_8480,მეცნიერობა,ცოდნა.,47,1165,False
ganm_8482,ნუთუ,ეგებ.,47,1165,False
ganm_8483,რა,რამე.,47,1165,False
ganm_8483,რა,რამე.,47,1165,False
ganm_8484,ვეაჯნეთ,"ვევედროთ, შევეხვეწოთ.",47,1165,False
ganm_8485,კრძალვა მისისა კრძალისა,"კრძალვა, რიდი მის წინაშე. ერთი და იმავე სიტყვის გამოყენება მსაზღვრელად და საზღვრულად აზრის გაძლიერებასა თუ ხაზგასმას ემსახურება.",47,1166,True
ganm_8486,ვჰკადრეთ,"ვუთხარით, შევბედეთ.",47,1166,False
ganm_8487,სახმილი,"ცეცხლი, ალი. მეტაფორულად აღნიშნავს ძლიერ გრძნობას, აქ- სიბრალულს და აღტაცებას.",47,1166,False
ganm_8489,შეუქმნიხარ,"გაუხდიხარ, უქცევიხარ. ზაფრანა ყვითელი ყვავილია. აქ ყვითელი სახისფერის აღმნიშვნელი მეტაფორაა.",47,1166,False
ganm_8490,ესმა,გაიგონა.,47,1167,False
ganm_8491,ანუ,თუ.,47,1167,False
ganm_8492,ერთგან,ერთად.,47,1167,False
ganm_8494,გველნი,ნაწნავთა აღმნიშვნელი მეტაფორაა.,47,1167,False
ganm_8495,მოშლით,უწესრიგოდ.,47,1167,False
ganm_8496,მოეკეცნეს,მოეკეცნენ.,47,1167,False
ganm_8497,შე-რა-შენდა,"ნაწილაკი “რა” ჩართულია ზმნასა და ზმნისწინს შორის. ბაღი შეღმა შე-რა-შენდა. მეტაფორის აზრია: ნესტანმა რომ წამოიხედა, სახე რომ ასწია, ნაწნავები გველებივით მოეკეცა.",47,1167,False
ganm_8498,ზედა რათმცა გაგვითენდა,"რაღათი, როგორღა გათენდებოდა? როგორღა გაგვითენდებოდა?",47,1167,True
ganm_8499,ვერა,ვერაფერი.,47,1168,False
ganm_8500,დავჰყარეთ,დავაცდენინეთ.,47,1168,False
ganm_8501,ავაზა,ანუ გეპარდი მტაცებელია კატების ოჯახიდან.,47,1168,False
ganm_8502,ვუგრძენით,შევატყვეთ.,47,1168,False
ganm_8503,კვლაცა,კიდევ.,47,1168,False
ganm_8504,ვაწყინეთ,"შევაწუხეთ, თავი მოვაწყინეთ.",47,1168,False
ganm_8505,არა,არაფერი.,47,1168,False
ganm_8506,მიმიშვით,"თავი დამანებეთ, მომეშვით.",47,1168,False
ganm_8507,ოდენ,მხოლოდ.,47,1168,False
ganm_8508,ვლამეთ,"აქ: ვღვარეთ, ვნამეთ, ვაფრქვიეთ. ან: ლამიანი ნიაღვარივით ვადინეთ.",47,1169,False
ganm_8509,შევინანეთ,ვინანეთ.,47,1169,False
ganm_8510,სხვამცა რაღა შევაწამეთ,სხვა რაღას ვეტყოდით?,47,1169,True
ganm_8511,ვიაჯეთ,"ვითხოვეთ. აქ: გამოვთხოვეთ, დავითანხმეთ.",47,1169,False
ganm_8512,შევიხვეწეთ,დავიყოლიეთ.,47,1169,False
ganm_8513,მაგრა,მაგრამ.,47,1169,False
ganm_8514,ვერა,ვერაფერი.,47,1169,False
ganm_8515,იტყვის,ამბობს.,47,1170,False
ganm_8516,ამიხოცნეს,"ამიხოცავს, მომაშორებს, გამიბათილებს.",47,1170,False
ganm_8517,ესე,ეს.,47,1170,False
ganm_8518,ღაწვნი,ლოყები.,47,1170,False
ganm_8520,მზისად ხმანან,"მზისა უნდა იყონ, მზეს შეეფერებიან.",47,1170,True
ganm_8521,კაცთაგანმცა ვით იკოცნეს,ადამიანთაგან როგორ იკოცნებიან; ადამიანმა (ამ ლოყებს) როგორ უნდა აკოცოს!,47,1170,True
ganm_8522,უმართლეა,სავსებით მართალია (ან: სამართლიანია).,47,1170,False
ganm_8525,იასოცნეს,"იასოცოს, ასოცჯერ გაიძლიეროს.",47,1170,False
ganm_8526,იგი,. იგულისხმება: იგინი.,47,1170,False
ganm_8528,ვუჭვრიტეთ,ვუცქირეთ.,47,1171,False
ganm_8529,სულთქმით,ოხვრით.,47,1171,False
ganm_8530,ახით,“ახ”–ის თქმით.,47,1171,False
ganm_8531,შეყრა,(მასთან) ახლოს ყოფნა.,47,1171,False
ganm_8532,გვიჩნდის,მიგვაჩნდა.,47,1171,False
ganm_8530,ახით,“ახ”–ის თქმით.,47,1171,False
ganm_8534,მოვიცალით,მოვიცლიდით ხოლმე.,47,1171,False
ganm_8530,ახით,“ახ”–ის თქმით.,47,1171,False
ganm_8536,დაეტყვევნეს,"დაეტყვევებინა, მოენადირებინა.",47,1171,False
ganm_8530,ახით,“ახ”–ის თქმით.,47,1171,False
ganm_8537,რა გარდახდა,რომ გადავიდა.,47,1172,True
ganm_8538,ხანი რამე,გარკვეული დრო.,47,1172,True
ganm_8539,გამოვიდეს,"გამოვიდნენ, გაიარეს.",47,1172,False
ganm_8540,ძოღანდლითგან,კარგა ხანია.,47,1172,False
ganm_8541,მივაზირებ,(თუ) მირჩევ.,47,1172,False
ganm_8542,ვუდარბაზო,"ვუდარბაზებ, ვეახლები.",47,1172,False
ganm_8543,ვუძღვნა,მივუძღვნი.,47,1172,False
ganm_8544,"დია, ღმერთო",დიახ; რა თქმა უნდა!,47,1172,True
ganm_8546,დავჰვედრე,"ვთხოვე, დავუბარე.",47,1173,False
ganm_8547,დარბაზს,"კარზე, მეფის სასახლეში.",47,1173,False
ganm_8548,დარბაზის ერი,კარისკაცები.,47,1173,True
ganm_8549,ეკრძალები,გაუფრთხილდები.,47,1173,False
ganm_8550,არიფი,"დაახლოებული პირი, ჩვეული თანამეინახე, სუფრის მოზიარე.",47,1174,False
ganm_8552,შეიძღვნა,მიიღო.,47,1174,False
ganm_8551,რომელი,რომელიც.,47,1174,False
ganm_8554,ცქაფი,"მკვეხარა, ბაქია.",47,1174,False
ganm_8555,უწრფელი,"1. არაწრფელი, მატყუარა. 2. ავ-კარგის გარჩევაში გაუწაფავი, მოქცევის არმცოდნე, ღირსების ვერშემნახველი. შესაძლოა სხვა გაგებაც: სულიერად უსუფთაო, ბინძური.",47,1174,False
ganm_8551,რომელი,რომელიც.,47,1174,False
ganm_8558,უსენს წინა,"უსენთან, უსენის დასწრებით.",47,1175,True
ganm_8559,დოსტაქანი,"1. სასმისი, 2. სასმელი.",47,1175,False
ganm_8560,კვლა,"კიდევ, ისევ. ფარჩნი პატარა სასმისებია.",47,1175,False
ganm_8560,კვლა,"კიდევ, ისევ. ფარჩნი პატარა სასმისებია.",47,1175,False
ganm_8561,დაავიწყდეს,დაავიწყდნენ.,47,1175,False
ganm_8563,მართლად,"სწორად, სამართლიანად.",47,1175,False
ganm_8564,ჰმართებს,"ეკუთვნის, შეეფერება.",47,1175,False
ganm_8565,დია,ძალიან.,47,1176,False
ganm_8566,სით,საიდან.,47,1176,False
ganm_8567,მოიღებ,მოგაქვს.,47,1176,False
ganm_8568,დიდროვანსა,"დიდრონს, მსხვილ-მსხვილს.",47,1176,False
ganm_8569,უსახოსა,"უმსგავსოს, შეუდარებელს, სწორუპოვარს.",47,1176,False
ganm_8570,ჰპოვებ,"პოულობ, შოულობ.",47,1176,False
ganm_8571,თავმან ჩემმან,ჩემ თავს ვფიცავ!,47,1176,True
ganm_8572,ნაათალსა,მეათედს.,47,1176,False
ganm_8573,თაყვანის-სცა,"მდაბლად თავი დაუკრა, ეთაყვანა.",47,1177,False
ganm_8574,ჰკადრა,მოახსენა.,47,1177,False
ganm_8575,ზეცით,"ზეციდან. მარჩენალო. იგულისხმება: ჩვენო, შენ ქვეშევრდომთა მარჩენალო.",47,1177,False
ganm_8576,არსთა მზეო,ყოველივე არსებულისაგან მზედ მისაჩნევო და სათაყვანებელო.,47,1177,True
ganm_8577,საჭურჭლე,"სიმდიდრე (ოქრო-ვერცხლი, სამკაულები, ძვირფასი ნივთები).",47,1177,False
ganm_8578,მუცლით,მუცლიდან.,47,1177,False
ganm_8579,მბოძებია,მომცემია.,47,1177,False
ganm_8580,გკადრებ,მოგახსენებთ.,47,1178,False
ganm_8581,თავმან თქვენმან,თქვენ თავს ვფიცავ!,47,1178,True
ganm_8582,გმართებს,"გეკუთვნით, გევალებათ.",47,1178,False
ganm_8583,მადლი,მადლობა.,47,1178,False
ganm_8584,მითქს,მყავს.,47,1178,False
ganm_8585,თქვენი,თქვენთვის.,47,1178,False
ganm_8585,თქვენი,თქვენთვის.,47,1178,False
ganm_8586,უცილოდ,"უთუოდ, უეჭველად.",47,1178,False
ganm_8588,ნეტარძი,ნეტავ.,47,1178,False
ganm_8589,მჭვრეტთაგან,შემხედველთაგან.,47,1179,False
ganm_8590,სახულისა,მიჩნეულის.,47,1179,False
ganm_8591,სრულ-ქმნა,შესრულება.,47,1179,False
ganm_8592,ამოდ,აქ: მშვიდად.,47,1180,False
ganm_8593,ვჯე,ვიჯექი.,47,1180,False
ganm_8594,მუნამდის,"იქამდის, მანამდის.",47,1180,False
ganm_8595,ჰყვა,ჰყავდა.,47,1180,False
ganm_8596,ვით,როგორც.,47,1180,False
ganm_8597,მოვიდეს,მოვიდნენ.,47,1180,False
ganm_8598,დია,"ძალიან. ზესი, როგორც ჩანს, ნიშნავს: ზეცისაგან გადაწყვეტილი, განგებისეული, მნიშვნელოვანი.",47,1180,False
ganm_8599,მისალამეს,მომესალმნენ.,47,1181,False
ganm_8600,ღმრთისა სწორთა,იგულისხმება: მეფისა.,47,1181,True
ganm_8601,რომელი,რომელიც.,47,1181,False
ganm_8602,უსენ,უსენმა.,47,1181,False
ganm_8603,შესძღვნა,უძღვნა (მიართვა).,47,1181,False
ganm_8604,აწ,ახლა.,47,1181,False
ganm_8605,ვლა,სიარული.,47,1181,False
ganm_8606,ესე,ეს.,47,1181,False
ganm_8607,მესმა,გავიგონე.,47,1181,False
ganm_8608,დამტყდეს,"დამატყდნენ, დამეცნენ.",47,1181,False
ganm_8609,ეცა,"მოჰხვდა, მოედო. რისხვა... ეცა გორთა. პოეტური სახის აზრია: ჩემ თვალში მთელი მიდამო შეიცვალა, თითქოს ღვთის რისხვა არა მარტო მე, მთა-გორებსაც კი დაატყდა.",47,1181,False
ganm_8610,კვლა,კვლავ.,47,1182,False
ganm_8611,შემოსძღვნა,"მოართვა, უძღვნა.",47,1182,False
ganm_8612,ელვა,"1. სხივი, 2. ელვა.",47,1182,False
ganm_8614,არა,არაფერი.,47,1182,False
ganm_8615,მარგებდა,მეშველებოდა.,47,1182,False
ganm_8616,დაესკვნა,"დაესკვნათ, გადაეწყვიტათ. ან: გადაწყდა.",47,1182,False
ganm_8614,არა,არაფერი.,47,1182,False
ganm_8618,ვჰკადრე,"ვუთხარი, შევბედე თქმა.",47,1183,False
ganm_8619,ვით,როგორ.,47,1183,False
ganm_8620,რულად,"როგორ, რანაირად.",47,1183,False
ganm_8619,ვით,როგორ.,47,1183,False
ganm_8621,იავარ-მყო,"წამახდინა, გამანადგურა.",47,1183,False
ganm_8622,ამფხვრა,ამომძირკვა.,47,1183,False
ganm_8620,რულად,"როგორ, რანაირად.",47,1183,False
ganm_8624,შემასმინეს,დამაბეზღეს.,47,1183,False
ganm_8625,ეგე,ეგ.,47,1184,False
ganm_8626,რაზომცა ძნელია,"რაც უნდა ძნელი, სამძიმო იყოს.",47,1184,True
ganm_8627,მიწყივ,მუდამ.,47,1184,False
ganm_8628,კარგი რა,კარგი რამე.,47,1184,True
ganm_8629,თვალთათ,თვალებიდან.,47,1185,False
ganm_8630,ვითა,როგორც.,47,1185,False
ganm_8631,ასრე,ასე.,47,1185,False
ganm_8632,ანუ,ან.,47,1185,False
ganm_8633,ლხინად არად,"არაფერ ლხინად, არავითარ ლხინად.",47,1185,True
ganm_8634,უჩნდა,მიაჩნდა.,47,1185,False
ganm_8638,საჭურჭლე,განძთა საცავი.,47,1186,False
ganm_8639,რომელსა,რომელსაც.,47,1186,False
ganm_8640,რაც ოდენ ამეღებოდა,"რასაც კი ავიღებდი, რასაც მოვერეოდი.",47,1186,True
ganm_8641,მივე,მივედი. წელთა შევარტყი. იგულისხმება: მას (ნესტანს) ქამარში ჩავატანე.,47,1186,False
ganm_8642,ვისთვის,ვისთვისაც.,47,1186,False
ganm_8643,ვარქვი,ვუთხარი.,47,1187,False
ganm_8644,განღა,"ალბათ, მე მგონი.",47,1187,False
ganm_8645,გეხმარების,დაგჭირდება.,47,1187,False
ganm_8646,ესეგვარი,ასეთი რამ.,47,1187,False
ganm_8647,მათ მონათა,იმ მონებს.,47,1187,True
ganm_8648,ცნა,"შეიტყო, გაიგო.",47,1187,False
ganm_8650,გახდა,გავრცელდა.,47,1187,False
ganm_8651,ზარი,"ხმაური, საზეიმო გამოცოცხლება და ხალხმრავლობა.",47,1187,False
ganm_8652,მივა,მიდის.,47,1187,False
ganm_8653,არას მოუბარი,"არაფრის მთქმელი, მდუმარე.",47,1187,True
ganm_8654,ზედა,ზედ.,47,1188,False
ganm_8655,მოატყდა,მოაწყდა.,47,1188,False
ganm_8656,მჭვრეტელი,მნახველი.,47,1188,False
ganm_8657,გახდა,აქ: შეიქმნა.,47,1188,False
ganm_8658,ზათქი და ზარები,საზეიმო ხმაური და მოძრაობა.,47,1188,True
ganm_8659,იჭირვიდეს,"იჭერდნენ, აკავებდნენ (იგულისხმება: ხალხს).",47,1188,False
ganm_8660,სა რა ნგნი,"წესრიგის დამცველნი, “პოლიცია”.",47,1188,True
ganm_8662,რა,რომ.,47,1188,False
ganm_8661,მუნ,იქ.,47,1188,False
ganm_8664,ნარები,"ნასიარულები. აქ: მიმავალი, მოარული.",47,1188,False
ganm_8662,რა,რომ.,47,1188,False
ganm_8663,სარო,კვიპაროსის ხე.,47,1188,False
ganm_8664,ნარები,"ნასიარულები. აქ: მიმავალი, მოარული.",47,1188,False
ganm_8665,გაკრთომით,"განცვიფრებით, აღტაცებისაგან დაბნეულმა.",47,1188,False
ganm_8662,რა,რომ.,47,1188,False
ganm_8666,ვით მოიგვარები,როგორ აღმოჩნდი (აქ)? როგორ მოგიყვანეს?,47,1188,True
ganm_8667,მჭვრეტელნი,მაცქერალნი.,47,1189,False
ganm_8668,შექმნნა,"გახადა, აქცია.",47,1189,False
ganm_8670,ნახული,"აქ: მნახველი (იგულისხმება: ბევრი სილამაზის, ბევრი საკვირველების).",47,1189,False
ganm_8671,ღმრთისაგან კიდე,ღმერთის გარდა.,47,1189,True
ganm_8672,ვინმც იყო,ვინ იქნებოდა?,47,1189,True
ganm_8673,მსახველად,გამჩენად.,47,1189,False
ganm_8674,ჰმართებს,"ეკუთვნის, შეეფერება.",47,1189,False
ganm_8675,ხელი,გახელებული.,47,1189,False
ganm_8677,ეუბნა,ელაპარაკა.,47,1190,False
ganm_8678,მოსრული,მოსული.,47,1190,False
ganm_8679,ვისით გვარითა,ვისი გვარიდან.,47,1190,True
ganm_8680,დაღრეჯით,მოწყენით.,47,1190,False
ganm_8681,ცნობითა,გონებით.,47,1190,False
ganm_8683,რასა გინდა უბრძანებდა,რაც უნდა ეთქვა.,47,1191,True
ganm_8684,იგონებდა,ფიქრობდა.,47,1191,False
ganm_8685,ერთგან,"—ერთად. ტაეპის აზრია: ტუჩები მოეკუმა, კრიჭა შეეკრა.",47,1191,False
ganm_8686,რასამცა ვინ იაზრებდა,ვისაც რაც უნდა ეფიქრა. ან: ვის რა უნდა ეფიქრა? ვინ რას უნდა მიმხვდარიყო!,47,1191,True
ganm_8687,რა შევიგნათ,რა გავიგოთ?,47,1192,True
ganm_8688,რათ,რით.,47,1192,False
ganm_8690,ამა ორთა კიდეგანი,"ამ ორის გარეშე; სხვა, თუ არ ეს ორი.",47,1192,True
ganm_8691,არა,არაფერი.,47,1192,False
ganm_8696,ვის,ვინმეს.,47,1192,False
ganm_8692,ეგონების,"აგონდება, ეფიქრება.",47,1192,False
ganm_8693,მისგან კიდე,მის გარდა.,47,1192,True
ganm_8694,არ ვის ად,არავისთვის.,47,1192,True
ganm_8696,ვის,ვინმეს.,47,1192,False
ganm_8695,სცალს,"ენაღვლება, აინტერესებს.",47,1192,False
ganm_8696,ვის,ვინმეს.,47,1192,False
ganm_8697,ეუბნების,ელაპარაკება.,47,1192,False
ganm_8698,ანუ,ან.,47,1193,False
ganm_8699,მაღალი,"აქ: ამაღლებული, კეთილშობილი, მაღალგონებიანი.",47,1193,False
ganm_8701,მაღლად მხედი,"მაღალი საგნების მოაზრე, ფილოსოფიური ჭვრეტით გართული.",47,1193,True
ganm_8702,უჩანს,"მიაჩნია, ეჩვენება.",47,1193,False
ganm_8703,ზედა-ზედი,"ზედიზედ მოსული, განუწყვეტელი.",47,1193,False
ganm_8704,ვით,როგორც.,47,1193,False
ganm_8705,ასრე,ასე.,47,1193,False
ganm_8706,გონება,ფიქრი.,47,1193,False
ganm_8707,უც,აქვს.,47,1193,False
ganm_8704,ვით,როგორც.,47,1193,False
ganm_8710,და,"ზმნისწინი ზმნისა “დავახვედრო”, განმეორებული აზრის გასაძლიერებლად.",47,1194,False
ganm_8709,ესე,ეს.,47,1194,False
ganm_8710,და,"ზმნისწინი ზმნისა “დავახვედრო”, განმეორებული აზრის გასაძლიერებლად.",47,1194,False
ganm_8710,და,"ზმნისწინი ზმნისა “დავახვედრო”, განმეორებული აზრის გასაძლიერებლად.",47,1194,False
ganm_8711,ნუთუ,ეგებ.,47,1194,False
ganm_8712,რა,რამე.,47,1194,False
ganm_8713,ვცნათ,"გავიგოთ, შევიტყოთ.",47,1194,False
ganm_8714,გაცხადებული,"გამოაშკარავებული, ცხადი.",47,1194,False
ganm_8715,მუნამდის,მანამდის.,47,1194,False
ganm_8716,მთვარე,(ნესტანი).,47,1194,False
ganm_8717,შუქ-კრთომით,სხივოსნიბით. იგულისხმება: თავისი ცისკროვანი მშვენიერებით.,47,1194,False
ganm_8718,ჯდეს,"იჯდეს, იყოს.",47,1194,False
ganm_8719,გითხრობ,გეტყვი.,47,1195,False
ganm_8720,ყმასა,"აქ: მეომარს, მოყმეს.",47,1195,False
ganm_8721,გულოვანსა,მამაცს.,47,1195,False
ganm_8722,უებროსა,სწორუპოვარს.,47,1195,False
ganm_8723,ზნედ,ზნით. იგულისხმება: სავაჟკაცო საქმეთა ცოდნით.,47,1195,False
ganm_8724,დასაგვანსა,მსგავსს.,47,1195,False
ganm_8725,მოიღეს,მოიტანეს.,47,1196,False
ganm_8726,ჩნდა,ჩანდა.,47,1196,False
ganm_8727,ერთობილი,მთლიანი.,47,1196,False
ganm_8728,ვარდსა ფერი აშვენებს ბროლისა,"ვარდი ნესტანის აღმნიშვნელი მეტაფორაა, ბროლი გამჭვირვალი - მისი მწუხარებისაგან გალეული პირისახისა.",47,1196,True
ganm_8729,საწოლი,საძინებელი ოთახი.,47,1197,False
ganm_8731,მაღრიბული,“დასავლური” (იგულისხმება: ალჟირული).,47,1197,False
ganm_8733,სრული,"ზედსართავი, ნაწარმოები არსებითი სახელისაგან “სრა”, სასახლე; ან: მთელი.",47,1197,False
ganm_8735,მსგავსად,შესაფერისად.,47,1198,False
ganm_8736,მათისა,"მისისა (მრ. რიცხვი მეფისადმი პატივისცემას გამოხატავს). ტაეპის აზრია: მეფე კვლავ ნადიმს შეუდგა, როგორც მის გვარს სჩვეოდა. რუსთველი აქ ირონიას მიჰმართავს.",47,1198,False
ganm_8737,უზომო,. იგულისხმება: უზომო სიმდიდრე.,47,1198,False
ganm_8738,მუქფად,"სანაცვლოდ, სამაგიერიდ.",47,1198,False
ganm_8739,მის მზისა დარისად,იმ მზის შესადარისად (ნესტანისა).,47,1198,True
ganm_8741,სცემენ,აქ: უკრავენ.,47,1198,False
ganm_8743,ზარი,"ზეიმი, ხმაური.",47,1198,False
ganm_8744,ეტყვის,—ეუბნება.,47,1199,False
ganm_8745,მიც,მაქვს.,47,1199,False
ganm_8746,მოსრულვარ,მოვსულვარ.,47,1199,False
ganm_8747,ვის მივჰხვდები,"ვის ვერგები (აწმყოა), ვის ხელში ვარ!",47,1199,True
ganm_8748,ხელი,"გახელებული, გონებადაკარგული.",47,1199,False
ganm_8749,რა ვყო,"რა ვქნა, რა მოვახერხო?",47,1199,True
ganm_8750,მერგების,მეშველება.,47,1199,False
ganm_8751,კვლაცა,"კიდევ, შემდეგ.",47,1200,False
ganm_8752,იტყვის,ამბობს.,47,1200,False
ganm_8753,ფერსა,მსგავსს.,47,1200,False
ganm_8754,ვეცადო რას,"მოდი, რამეს ვეცდები!",47,1200,True
ganm_8755,ნუთუ,"ეგებ, იქნებ.",47,1200,False
ganm_8756,მეცნიერსა,მცოდნეს.,47,1200,False
ganm_8757,რა მისჭირდეს,რომ გაუჭირდება.,47,1200,True
ganm_8758,უნდან,უნდა (ისინი).,47,1200,False
ganm_8759,გონებანი,"ფიქრი, აწონ-დაწონა.",47,1200,False
ganm_8760,ხადუმნი,მსახურნი. ან: საჭურისნი.,47,1201,False
ganm_8761,ც ნობა სა,"გონებაზე, ჭკუაზე.",47,1201,True
ganm_8771,ნობა,საყვირი. ტაეპის აზრია: მეფეს ზეიმი ტყუილად გაუმართავს.,47,1201,False
ganm_8762,მოღორებულხართ,მოტყუებულხართ.,47,1201,False
ganm_8763,პატრო ნობა,აქ: დედოფლობა.,47,1201,True
ganm_8771,ნობა,საყვირი. ტაეპის აზრია: მეფეს ზეიმი ტყუილად გაუმართავს.,47,1201,False
ganm_8765,პატრონი,მეფე.,47,1201,False
ganm_8766,ჰლამის,"ლამობს, ისწრაფის.",47,1201,False
ganm_8769,ცუდად,"ამაოდ, ტყუილ–უბრალოდ.",47,1201,False
ganm_8770,იცემს,უკრავს.,47,1201,False
ganm_8771,ნობა,საყვირი. ტაეპის აზრია: მეფეს ზეიმი ტყუილად გაუმართავს.,47,1201,False
ganm_8772,კიდეგანი,აქ: სხვა.,47,1202,False
ganm_8773,მამაცი,მამაკაცი.,47,1202,False
ganm_8775,მნუკევთ,მთხოვთ.,47,1202,False
ganm_8776,შესაგვანი,შესაფერი.,47,1202,False
ganm_8777,უცილოდ,აუცილებლად.,47,1203,False
ganm_8778,სოფელს,ამ ქვეყნად.,47,1203,False
ganm_8779,ხანასა,ხანს.,47,1203,False
ganm_8780,ესე,ეს.,47,1203,False
ganm_8782,საჭურჭლე,სიმდიდრე.,47,1203,False
ganm_8783,ტანასა,ტანზე.,47,1203,False
ganm_8784,თვარა,თორემ.,47,1203,False
ganm_8785,ნანასა,სინანულს.,47,1203,False
ganm_8786,ერთობ,"მთლიანად, ერთიანად.",47,1204,False
ganm_8787,გამომიღეთ,გამომართვით.,47,1204,False
ganm_8788,გეაჯები,გევედრებით.,47,1204,False
ganm_8790,მიჰხვდა,აქ: დაეუფლა.,47,1205,False
ganm_8791,მის საჭურჭლისა,იმ სიმდიდრისა.,47,1205,True
ganm_8792,დაჰვიწყდა,დაავიწყდათ.,47,1205,False
ganm_8793,ვითა,როგორც.,47,1205,False
ganm_8794,გზირი,ყველაზე დაბალი ადმინისტრაციული თანამდებობა სოფლად.,47,1205,False
ganm_8795,დაასკვნეს,გადაწყვიტეს.,47,1205,False
ganm_8796,მის უებროსა პირისა,იმ სწორუპოვარი პირისახის (ნესტანის).,47,1205,True
ganm_8797,იქმს,"შვრება, აკეთებს.",47,1205,False
ganm_8798,კვერთხი,ჯოხი. ტაეპის აზრია: ოქრო ეშმაკის ძირიდან ამოზრდილი ხის კვერთხია.,47,1205,False
ganm_8799,მოყვასთა,მოყვარულებს.,47,1206,False
ganm_8800,აროდეს,არასდროს.,47,1206,False
ganm_8801,ლხენა,"დაამება, შვება. აქ: დაწყნარება, სიმშვიდე.",47,1206,False
ganm_8802,დღედ სიკვდილამდის,სიკვდილის დღემდე.,47,1206,True
ganm_8803,შეაქმნევს,"აქნევინებს, დააწყებინებს.",47,1206,False
ganm_8804,შესდის და გასდის,აქ: შემოსდის და ეხარჯება.,47,1206,True
ganm_8805,ეტლთა რბენასა,"თანავარსკვლავედთა მოძრაობა-ცვალებადობას, რაც ადამიანის ბედის განმსაზღვრელად ითვლებოდა.",47,1206,True
ganm_8806,კვლა,აგრეთვე.,47,1206,False
ganm_8807,აქა,"სააქაოში, მატერიალურ სამყაროში.",47,1206,False
ganm_8808,აღმაფრენა,ამაღლება; ზეცისკენ სწრაფვა სიცოცხლეში ან ზეცაში ასვლა სიკვდილის შემდეგ.,47,1206,False
ganm_8810,ხადუმთა,მსახურებმა. ან: საჭურისებმა.,47,1207,False
ganm_8811,მისი,თავისი.,47,1207,False
ganm_8811,მისი,თავისი.,47,1207,False
ganm_8812,გამოარნეს,გამოატარეს.,47,1207,False
ganm_8813,იჯარვოდა,"მრავლად იყო, ჯარივით იდგა.",47,1207,False
ganm_8814,დარბაზს,"მეფესთან, სამეფო დარბაზში.",47,1207,False
ganm_8816,გარდიხვეწნეს,გადაიხვეწნენ.,47,1208,False
ganm_8817,გაიპარნეს,გაიპარნენ.,47,1208,False
ganm_8818,მასვე თანა,მასთანვე.,47,1208,True
ganm_8819,დამირეკა,დამიკაკუნა.,47,1208,False
ganm_8820,ფატმანობა ჩემი ბრძანა,დამიძახა “ფატმანო”.,47,1208,True
ganm_8822,ყოლა,– სრულებით.,47,1208,False
ganm_8823,მაწვევო,"მიძახიო, მეპატიჟებიო.",47,1208,False
ganm_8824,შემანანა,მისაყვედურა.,47,1208,False
ganm_8825,მუქაფა,სამაგიერო.,47,1209,False
ganm_8826,შემოგზღოს,გადაგიხადოს.,47,1209,False
ganm_8827,ზენითა,ზეციურით.,47,1209,False
ganm_8828,ფიცხლა,სწრაფად.,47,1209,False
ganm_8829,სადამდის,ვიდრე.,47,1209,False
ganm_8830,სცნობდეს,შეიტყობდეს.,47,1209,False
ganm_8831,მომწევდეს,მომადევნებდეს.,47,1209,False
ganm_8832,ფიცხლა,სწრაფად.,47,1210,False
ganm_8837,უკეთესი,"აქ: უმშვენიერესი, ულამაზესი.",47,1210,False
ganm_8833,ზედა,ზედ.,47,1210,False
ganm_8834,ჰგვანდა,ჰგავდა.,47,1210,False
ganm_8835,ოდეს,როდესაც.,47,1210,False
ganm_8836,ლომსა შეჯდეს,. იგულისხმება “ლომის” თანავარსკვავედი. მზის დგომას ამა თუ იმ თანავარსკვლავედში მზის ამ თანავარსკვლავედზე შეჯდომა ჰქვია.,47,1210,True
ganm_8837,უკეთესი,"აქ: უმშვენიერესი, ულამაზესი.",47,1210,False
ganm_8838,წახდა,"წავიდა, დაიკარგა, გაფუჭდა.",47,1210,False
ganm_8840,მიიყარა,მიიწურა.,47,1211,False
ganm_8841,ხმა გახდა,"(ამბავი) გახმაურდა, გამოაშკარავდა.",47,1211,True
ganm_8847,ვარი,ვარ.,47,1211,False
ganm_8842,მოიცვეს,"შეკრეს, გასასვლელ-გამოსასვლელი ჩაკეტეს.",47,1211,False
ganm_8843,შიგან,შიგნით.,47,1211,False
ganm_8844,მოსაწე ვარი,"განგაში, უბედურებასა და ხიფათთან დაკავშირებული აყალ-მაყალი.",47,1211,True
ganm_8847,ვარი,ვარ.,47,1211,False
ganm_8848,ვარქვი,ვუთხარი.,47,1211,False
ganm_8849,ჰპოვოთ,იპოვოთ.,47,1211,False
ganm_8845,მუნ სახლსა,—აქ: იმ სახლში,47,1211,True
ganm_8846,სადა,სადაც.,47,1211,False
ganm_8847,ვარი,ვარ.,47,1211,False
ganm_8847,ვარი,ვარ.,47,1211,False
ganm_8853,ვერა შეიგნეს,ვერაფერს მიხვდნენ.,47,1212,True
ganm_8854,შეიქცეს,გაბრუნდნენ.,47,1212,False
ganm_8856,აქათ,აქეთ.,47,1212,False
ganm_8857,იგლოვს,გლოვობს.,47,1212,False
ganm_8858,ხლებულნი,ახლოს მყოფნი.,47,1212,False
ganm_8859,დაჰხედენ,შეხედე!,47,1212,False
ganm_8860,დარბაზის ერთა,კარისკაცებს.,47,1212,True
ganm_8861,შევლენ,შედიან.,47,1212,False
ganm_8862,ისფრითა,იისფერად. სამგლოვიარო ფერად ითვლებოდა.,47,1212,False
ganm_8863,ღებულნი,შეღებილნი.,47,1212,False
ganm_8856,აქათ,აქეთ.,47,1212,False
ganm_8864,მის მთვარისა,იმ მთვარის (ნესტანის).,47,1213,True
ganm_8865,სადაობა,". იგულისხმება: შემდგომი თავგადასავალი, ის, თუ სად წავიდა და რა მოუვიდა.",47,1213,False
ganm_8866,კვლა,კიდევ.,47,1213,False
ganm_8867,გიამბო,გიამბობ.,47,1213,False
ganm_8866,კვლა,კიდევ.,47,1213,False
ganm_8869,აწ,ახლა.,47,1213,False
ganm_8870,ესე,ეს.,47,1213,False
ganm_8871,გითხრა,გეტყვი.,47,1213,False
ganm_8872,დასვრის,სვრის;,47,1213,False
ganm_8874,უგულობა,სილაჩრე.,47,1213,False
ganm_8875,მით,ამიტომ.,47,1214,False
ganm_8876,ჯერ ვარ,ვჯერდები.,47,1214,True
ganm_8877,ნასი,"უშნო, შეუხედავი.",47,1214,False
ganm_8878,ისი,ის.,47,1214,False
ganm_8879,ჭაშნაგირი,მეჭაშნიკე. ერთ-ერთი თანამდებობაა მეფის კარზე.,47,1214,False
ganm_8880,დარბაზს,"—მეფის კარზე, სასახლეში.",47,1214,False
ganm_8881,ხასი,"მიღებული, (კარისკაცობაში) გამოსული.",47,1214,False
ganm_8882,თუცა,თუმცა.,47,1214,False
ganm_8883,ფლასი,"ძაძა, თალხი.",47,1214,False
ganm_8884,ნეტარძი,ნეტავ.,47,1214,False
ganm_8885,ვინ,ვინმემ.,47,1214,False
ganm_8878,ისი,ის.,47,1214,False
ganm_8886,შემახვრიტა,"შემახვრიპა, შემასვა. აქ: შემასვას.",47,1214,False
ganm_8887,ესე,ეს.,47,1215,False
ganm_8888,დიაცურად,ქალურად.,47,1215,False
ganm_8889,ხელურად,"გიჟურად, უჭკუოდ.",47,1215,False
ganm_8890,მის მზისა,იმ მზისა (ნესტანის).,47,1215,True
ganm_8891,მექადდა,მემუქრებოდა.,47,1215,False
ganm_8896,რულად,როგორ.,47,1215,False
ganm_8896,რულად,როგორ.,47,1215,False
ganm_8892,აწ,ახლა.,47,1215,False
ganm_8893,ისრე,ისე.,47,1215,False
ganm_8894,მკვდარსა,აქ: მოკლულს.,47,1215,False
ganm_8895,ვიგონებ,"ვფიქრობ. საერთო აზრია: ახლა ვფიქრობ, მახსენდება, ისე (უსახელოდ, საზარლად) რომ მოკვდა!",47,1215,False
ganm_8896,რულად,როგორ.,47,1215,False
ganm_8897,დამექადის,მემუქრებოდა ხოლმე.,47,1216,False
ganm_8898,წავიკიდნით,წავიჩხუბებოდით ხოლმე.,47,1216,False
ganm_8899,თავის წინა,მარტონი.,47,1216,True
ganm_8900,ოდეს,როცა.,47,1216,False
ganm_8901,ყოფა,ყოფნა.,47,1216,False
ganm_8902,შემეშინა,შემეშინდა.,47,1216,False
ganm_8903,ამად,ამიტომ.,47,1216,False
ganm_8904,გკადრე,მოგახსენე. აქ: შემოგითვალე.,47,1216,False
ganm_8905,თქვენ,ლაპარაკია ავთანდილზე.,47,1217,False
ganm_8906,არენით,ატარეთ.,47,1217,False
ganm_8906,არენით,ატარეთ.,47,1217,False
ganm_8906,არენით,ატარეთ.,47,1217,False
ganm_8908,ამად,ამიტომ.,47,1217,False
ganm_8906,არენით,ატარეთ.,47,1217,False
ganm_8910,"თუმცა ისი არ მოგეკლა, მისრულიყო დარბაზს ვითა","ის რომ არ მოგეკლა, როგორმე მეფის კარზე რომ მოსულიყო.",47,1218,True
ganm_8911,შემასმენდა,დამაბეზღებდა.,47,1218,False
ganm_8912,ედვა,ჰქონდა.,47,1218,False
ganm_8914,სახლსა,ოჯახს. ტაეპის აზრია: მეფე ჩემ ოჯახს მიწის პირიდან აღგვიდა.,47,1218,False
ganm_8915,დამქოლვიდა,დამქოლავდა.,47,1218,False
ganm_8916,მუქაფა,"სამაგიერო, სანაცვლო.",47,1219,False
ganm_8917,შემოგზღოს,"გადაგიხადოს, გადაგიხდის. მ",47,1219,False
ganm_8919,გკადრებდე,"გეტყვი, მოგახსენებ.",47,1219,False
ganm_8920,რომელმან,"რომელმაც, ვინც.",47,1219,False
ganm_8921,დამხსენ,გადამარჩინე.,47,1219,False
ganm_8922,მზერა,ცქერა.,47,1219,False
ganm_8923,ვნატრიდე,შევნატრებ ხოლმე.,47,1219,False
ganm_8925,წერა,ბედი.,47,1219,False
ganm_8926,ვიშიშვი სიკვდილსა,მეშინია სიკვდილის.,47,1219,True
ganm_8927,ჩავიჭერ ქვე რასა,. იგულისხმება: რა საქმეში ვიყავი ჩავარდნილი! ან: რა საქმეში ვარ ჩავარდნილი.,47,1219,True
ganm_8928,ნუ გეშის,ნუ გეშინია!,47,1220,True
ganm_8929,წიგნსაცა,წიგნშიც.,47,1220,False
ganm_8930,ყოვლისა მტრისაგან უფრო,ყველა მტერზე უფრო.,47,1220,True
ganm_8931,მეცნიერი,მცოდნე.,47,1220,False
ganm_8932,იშიშვი იმისგან,გეშინია მისი.,47,1220,True
ganm_8933,ფერია,მსგავსია.,47,1220,False
ganm_8934,აქათ,აქეთ.,47,1221,False
ganm_8935,ოდეს,როცა.,47,1221,False
ganm_8936,რა ცაღა,რაც.,47,1221,True
ganm_8938,რა,– რაც.,47,1221,False
ganm_8937,გეცნას,"გაგეგოს, შეგეტყოს.",47,1221,False
ganm_8938,რა,– რაც.,47,1221,False
ganm_8935,ოდეს,როცა.,47,1221,False
ganm_8939,კვლა,"ისევ, კიდევ.",47,1221,False
ganm_8940,იტყვის,ამბობს.,47,1221,False
ganm_8939,კვლა,"ისევ, კიდევ.",47,1221,False
ganm_8935,ოდეს,როცა.,47,1221,False
ganm_8943,რომელნი,რომელნიც.,47,1221,False
ganm_8935,ოდეს,როცა.,47,1221,False
ganm_8945,საწუთრო,"ეს ქვეყანა, ეს ცხოვრება.",48,1222,False
ganm_8949,არე,"ატარე,წაიყვანე.",48,1222,False
ganm_8946,შენი ვერავინ ვერა ცნას,შენსას ვერავინ ვერაფერს გაიგებს.,48,1222,True
ganm_8947,სად ა-რე,"სადმე. აქ: როგორმე, რამე მხრივ. საერთო აზრია: შენს სიმუხთლეს, საწუთროვ, ვერაფრით, ვერცერთი მხრივ ვერ გავუგებთ რაიმეს.",48,1222,True
ganm_8952,სად,"სადაც. ტაეპის აზრია: ამიტომ, საბოლოოდ, წუთისოფელს ისეთად ვხედავ, სადაც ყოველივე (ყოველი არე) ოხერია, ადამიანისთვის უხმარია.",48,1222,False
ganm_8948,მზისაებრ საჩინო,"შესახედად მზის მსგავსი, მზესავით მჩინარი (ლაპარაკია ნესტანზე).",48,1222,True
ganm_8952,სად,"სადაც. ტაეპის აზრია: ამიტომ, საბოლოოდ, წუთისოფელს ისეთად ვხედავ, სადაც ყოველივე (ყოველი არე) ოხერია, ადამიანისთვის უხმარია.",48,1222,False
ganm_8952,სად,"სადაც. ტაეპის აზრია: ამიტომ, საბოლოოდ, წუთისოფელს ისეთად ვხედავ, სადაც ყოველივე (ყოველი არე) ოხერია, ადამიანისთვის უხმარია.",48,1222,False
ganm_8949,არე,"ატარე,წაიყვანე.",48,1222,False
ganm_8950,მით,ამიტომ.,48,1222,False
ganm_8951,ბოლოდ,"ბოლოს, საბოლოოდ.",48,1222,False
ganm_8952,სად,"სადაც. ტაეპის აზრია: ამიტომ, საბოლოოდ, წუთისოფელს ისეთად ვხედავ, სადაც ყოველივე (ყოველი არე) ოხერია, ადამიანისთვის უხმარია.",48,1222,False
ganm_8949,არე,"ატარე,წაიყვანე.",48,1222,False
ganm_8953,იტყვის,ამბობს.,48,1223,False
ganm_8954,სრულად ხმელთა,მთელი ხმელეთისა.,48,1223,True
ganm_8955,მონაგები,"ქონება, სიმდიდრე. აქ: მოპოვებული, გადარჩენილი.",48,1223,False
ganm_8956,მას უკანით,მას აქეთ.,48,1223,True
ganm_8957,დება მჭირდის,მედებოდა (ტანჯვის ცეცხლი).,48,1223,True
ganm_8958,გავახმი,"ვახმობდი, ვაშრობდი.",48,1223,False
ganm_8960,მომძულდეს,მომძულდნენ.,48,1224,False
ganm_8961,ვჯდი,ვიჯექი ხოლმე.,48,1224,False
ganm_8962,უგულოთა გულითა,"წამხდარი, მძიმე გულით; დაღონებული.",48,1224,True
ganm_8963,რა მიმეძინის,რომ მიმეძინებოდა.,48,1224,True
ganm_8964,ლული,ძილი. ტაეპის აზრია: ღვიძილშიც და ძილშიც ნესტანი მედგა თვალწინ.,48,1224,False
ganm_8965,მიჩს უსჯულოთა სჯულითა,ურჯულოდ მესახება.,48,1224,True
ganm_8967,კრული,წყეული. ტაეპის აზრია: უსენს ახლოს არ ვეკარები.,48,1224,False
ganm_8968,ჩასლვა იყო ოდენ მზისა,"ის იყო, მზე ჩადიოდა.",48,1225,True
ganm_8969,წავდეგ წინა დარიჯაგთა,"სარკმელთან, ფანჯარასთან მივედი.",48,1225,True
ganm_8970,მიჩნდა,"ჩანდა, ვხედავდი.",48,1225,False
ganm_8972,მკლვიდა,მკლავდა.,48,1225,False
ganm_8973,მისისავე გონებისა,მასზევე ფიქრის.,48,1225,True
ganm_8974,ზენაარი,ფიცი.,48,1225,False
ganm_8977,ღარიბი,"არააქაური, უცხო მხრისა.",48,1226,False
ganm_8978,მოყვსითა,ამხანაგით.,48,1226,False
ganm_8979,მოსილი,ჩაცმული.,48,1226,False
ganm_8980,ხამი,ტლანქი ქსოვილი.,48,1226,False
ganm_8981,მოიღეს,მოიტანეს.,48,1226,False
ganm_8982,ნასყიდი,ნაყიდი. დრამა ფულის წვრილი ერთეულია.,48,1226,False
ganm_8983,სმიდეს,სვამდნენ.,48,1226,False
ganm_8984,ჭამდეს,ჭამდნენ.,48,1226,False
ganm_8985,უბნობდეს,ლაპარაკობდნენ.,48,1226,False
ganm_8986,სხდეს,ისხდნენ.,48,1226,False
ganm_8987,ამოდ,"საამოდ, ტკბილად.",48,1227,False
ganm_8988,მაგ რა,მაგრამ.,48,1227,True
ganm_8990,რა,რამე.,48,1227,False
ganm_8989,მოყვასნი,ამხანაგნი; თანამგზავრნი და თანამეინახენი.,48,1227,False
ganm_8990,რა,რამე.,48,1227,False
ganm_8991,ანუ,ან.,48,1227,False
ganm_8992,სით,საიდან.,48,1227,False
ganm_8993,მოვიარენით,მოვედით.,48,1227,False
ganm_8994,ხამს,"საჭიროა, ჯერ-არს.",48,1227,False
ganm_8990,რა,რამე.,48,1227,False
ganm_8995,ბარ,ბარემ.,48,1227,False
ganm_8996,მათ სხვათა,იმ სხვებმა.,48,1228,True
ganm_8997,განგება,მოვლენათა ღვთიური წინასწარგანსაზღვრულობა და ღვთის ნება.,48,1228,False
ganm_8999,მოგიმკი,გიმკით.,48,1228,False
ganm_9000,ქვრიმი,ფეტვი.,48,1228,False
ganm_9001,დაგითესია,დაგითესიათ.,48,1228,False
ganm_9002,ამბავთა თქვენთაგან,თქვენს ამბავზე.,48,1228,True
ganm_9003,მათ,მას (მრ. რიცხვი მეფისადმი მოწიწებას გამოხატავს).,48,1229,False
ganm_9004,მიჰხვდა ცემა სენისა,დაემართა სენი.,48,1229,True
ganm_9003,მათ,მას (მრ. რიცხვი მეფისადმი მოწიწებას გამოხატავს).,48,1229,False
ganm_9005,დამამხობლისა,"აქ: მკვლელის, ბოლოს მომღების.",48,1229,False
ganm_9006,შემწყნარებელი,"შემტკბობი, მწყალობელი.",48,1229,False
ganm_9007,დიაცი,ქალი.,48,1230,False
ganm_9008,მაგრა,მაგრამ.,48,1230,False
ganm_9009,ვითა,როგორც.,48,1230,False
ganm_9010,დაჰკოდს,დასჭრის.,48,1230,False
ganm_9011,ყმა,"ქვეშევრდომი, მის სამსახურში მყოფი მებრძოლი. ტაეპის აზრია: თვითონ თუ არ დაუშავა რამე თავის ქვეშევრდომს, სხვა ვერავინ დაუშავებს რასმე, ვერავინ მოერევა.",48,1230,False
ganm_9012,უსხენ,ჰყვანან.,48,1230,False
ganm_9013,წვრილნი,მცირეასაკოვანნი.,48,1230,False
ganm_9014,აწ,ახლა.,48,1230,False
ganm_9015,მორჭმული,"ძლევამოსილი, წარმატებული.",48,1230,False
ganm_9016,სწოდია,"ეწოდება, ჰქვია.",48,1230,False
ganm_9017,გვესმა,გავიგეთ.,48,1231,False
ganm_9018,შეიჭირვებდეს,"მწუხარებაში იყვნენ, გლოვობდნენ.",48,1231,False
ganm_9019,ხალვათი,"აქ: შვება, მხიარულება.",48,1231,False
ganm_9020,დავსება,ჩაქრობა. აქ: სიკვდილი.,48,1231,False
ganm_9021,ხმელთა,ხმელეთის. ტაეპის აზრია: დულარდუხტს როგორ ვუთხრათ მისი დის სიკვდილი?,48,1231,False
ganm_9022,მონა,აქ: ქვეშევრდომი.,48,1231,False
ganm_9023,თავადი,მეთაური.,48,1231,False
ganm_9024,ბევრი,ათიათასი.,48,1231,False
ganm_9025,მო-ცა-ვინ-მკლას,თუნდ მომკლას ვინმემ.,48,1232,False
ganm_9026,დავჰხვდები,დავესწრები.,48,1232,False
ganm_9027,ვიმეკობრებ,ვიყაჩაღებ.,48,1232,False
ganm_9028,ალაფითა,ნადავლით.,48,1232,False
ganm_9029,შოებული,"გამდიდრებული, ბევრის მშოვნელი.",48,1232,False
ganm_9030,ადრე,მალე.,48,1232,False
ganm_9031,ზედა მოვესწრები,ჩამოვუსწრებ.,48,1232,True
ganm_9032,დატირებად,დასატირებლად.,48,1232,False
ganm_9033,წავიდოდეს,"რომ წავა, წასვლას რომ დააპირებს. წა-ცა-ვჰყვები. ნაწილაკი “ცა” ჩართულია ზმნასა და ზმნისწინს შორის.",48,1232,False
ganm_9034,მისთა ხელისათა,თავის ხელქვეითებს.,48,1233,True
ganm_9035,წავალ,მივდივარ.,48,1233,False
ganm_9036,წაგვიტანა,"თან წაგვიყვანა, წაგვიყოლა.",48,1233,False
ganm_9037,ყველაკაი მისგან რჩევით,ყველანი მისი არჩეულები.,48,1233,True
ganm_9038,ვმეკობრობდით,ვყაჩაღობდით.,48,1233,False
ganm_9039,ღამეთაცა ვიყვნით თევით,ღამეებსაც ვტეხდით ხოლმე (ყაჩაღობაში).,48,1233,True
ganm_9040,დია,ბევრი.,48,1233,False
ganm_9041,ვლეწეთ,"აქ: ვაოხრეთ, ვძარცვეთ.",48,1233,False
ganm_9042,ლარი,"სიმდიდრე, ძვირფასი საქონელი.",48,1233,False
ganm_9043,მოვიდოდით,მოვდიოდით.,48,1234,False
ganm_9044,დია,ძალიან.,48,1234,False
ganm_9045,დიდნი რამე სინათლენი,რაღაც დიდი სინათლე.,48,1234,True
ganm_9046,გამოგვიჩნდეს,"გამოგვიჩნდა, დავინახეთ.",48,1234,False
ganm_9047,მზეა ნუთუ,მზე ხომ არაა?,48,1234,True
ganm_9048,ზეცით,ზეციდან.,48,1234,False
ganm_9049,ზედა ხმელსა,ხმელეთზე.,48,1234,True
ganm_9050,გონებასა,ფიქრს.,48,1234,False
ganm_9051,მსჯელსა,გამტანჯველს.,48,1234,False
ganm_9052,მას დარაზმულთა მივჰმართეთ,მისკენ დარაზმულები წავედით.,48,1235,True
ganm_9053,ახლოსმცა ვნახეთ ბარეო,"ბარემ, ახლოს ვნახოთო.",48,1235,True
ganm_9054,მით ნათლიდაღმა,იმ სინათლიდან.,48,1235,True
ganm_9055,გამოხდა,გამოვიდა.,48,1235,False
ganm_9056,ჩვენი მოუბარე,ჩვენთან მოსაუბრე.,48,1235,True
ganm_9057,თქვენით,თქვით!,48,1236,False
ganm_9058,გულანშაროთ,გულანშაროდან.,48,1236,False
ganm_9059,მივალ,მივდივარ.,48,1236,False
ganm_9060,ესე,ეს.,48,1236,False
ganm_9061,გვესმა,გავიგონეთ.,48,1236,False
ganm_9062,გარე,გარშემო.,48,1236,False
ganm_9063,პირ-მზე რამე,ვიღაც პირ-მზე.,48,1236,True
ganm_9064,გავიცადეთ,დავინახეთ.,48,1236,False
ganm_9065,ვუჭვრიტეთ,ვუყურეთ.,48,1237,False
ganm_9066,პირსა მნათობსა,მანათობელ პირისახეში.,48,1237,True
ganm_9067,ელვა,"1. სხივი, 2. ელვა.",48,1237,False
ganm_9067,ელვა,"1. სხივი, 2. ელვა.",48,1237,False
ganm_9069,არებსა,არე-მარეს.,48,1237,False
ganm_9070,ძვირ-ძვირად,"იშვიათად, მძიმე-მძიმედ.",48,1237,False
ganm_9069,არებსა,არე-მარეს.,48,1237,False
ganm_9071,შეადგის,ადგებოდა ხოლმე.,48,1237,False
ganm_9072,ზედან,ზედ. გიშრისა სარებსა წამწამების აღმნიშვნელი მეტაფორაა,48,1237,False
ganm_9069,არებსა,არე-მარეს.,48,1237,False
ganm_9073,კვლა,კიდევ.,48,1238,False
ganm_9074,ვეუბენით,ველაპარაკეთ.,48,1238,False
ganm_9075,ესე,ეს.,48,1238,False
ganm_9076,შევიგენით,მივხვდით.,48,1238,False
ganm_9077,დაჭირვა,დაჭერა.,48,1238,False
ganm_9078,ვჰკადრეთ,"გავუბედეთ, შევჰკადრეთ.",48,1238,False
ganm_9079,კვლა,"ისევ, კიდევ.",48,1239,False
ganm_9080,შენ,აქ: შენი.,48,1239,False
ganm_9081,სით მოხვალ,საიდან მოდიხარ.,48,1239,True
ganm_9082,არა,არაფერი.,48,1239,False
ganm_9083,არა,არაფერი.,48,1240,False
ganm_9084,ნამუხთალავი,"სიმუხთლენაწვნევი, მუხთლობით გაუბე¬დურებული.",48,1240,False
ganm_9085,ქუშ-ქუშად,"უღიმღამოდ, პირქუშად.",48,1240,False
ganm_9086,გვეუბნებოდა,გველაპარაკებოდა.,48,1240,False
ganm_9087,კუშტი,"მკაცრი, მწყრალი.",48,1240,False
ganm_9088,თავისა მკრძალავი,"ამპარტავანი და უკარებელი, ფრთხილი, თავდაჭერილი.",48,1240,True
ganm_9089,ვითა,როგორც.,48,1240,False
ganm_9090,ასპიტი,გველი.,48,1240,False
ganm_9091,მჭვრეტელთა,შემხედველთა.,48,1240,False
ganm_9092,მლალავი,"შემაშინებელი, მომნუსხველი, მმტრობი, დამღუპველი. აქ: დამაბნეველი, რიდის აღმძვრელი.",48,1240,False
ganm_9093,აწ,ახლა.,48,1241,False
ganm_9094,თურე,"აქ: როგორც ჩანს, ეტყობა, ალბათ.",48,1241,False
ganm_9095,არსთაგან,ყოველივე არსებულისაგან.,48,1241,False
ganm_9096,სანატრელია,შესანატრია.,48,1241,False
ganm_9098,მისცემს,აძლევს.,48,1241,False
ganm_9099,საკვირველი,"გამორჩეული, განსაკუთრებული.",48,1241,False
ganm_9100,ესე,ეს.,48,1242,False
ganm_9101,მისაგვრელად მათად,"მისთვის (მეფისთვის) მისაგვრელად, მისართმევად.",48,1242,True
ganm_9102,მივუტანოთ,მივუყვანოთ.,48,1242,False
ganm_9103,არმაღანად,საჩუქრად.,48,1242,False
ganm_9104,დია,ძალიან.,48,1242,False
ganm_9105,პირველ,ჯერ ერთი.,48,1242,False
ganm_9106,მათი შეცოდება,მის (მეფის) წინაშე დანაშაული. მეფეზე მოწიწების ნიშნად მრ. რიცხვში ლაპარაკობენ.,48,1242,True
ganm_9107,მერმე,მეორეც.,48,1242,False
ganm_9108,აუგი,"სირცხვილი, უსინდისობა.",48,1242,False
ganm_9109,თათბირნი,"რჩევა, წინადადება.",48,1243,False
ganm_9110,არ კიდე გავაკიდენით,"არ უკუვაგდეთ, შორს არ დავიჭირეთ.",48,1243,True
ganm_9111,მას წინა მოვეკიდენით,(დატყვევებულ ნესტანს) წამოვუძეღით.,48,1243,True
ganm_9112,რა,რაიმე.,48,1243,False
ganm_9113,ვჰკადრეთ,"ვუთხარით, შევბედეთ.",48,1243,False
ganm_9114,ხელდახელ,"მოუფიქრებლად, ნაუცბათევად. შესაძლოა ასეც გავიგოთ: (ხელით) არ შევეხეთ.",48,1243,False
ganm_9112,რა,რაიმე.,48,1243,False
ganm_9116,ჩარცხის,რეცხს.,48,1243,False
ganm_9117,გამიშვი კვლა ადრე თქვენი მხლებელი,გამიშვი და ისევ მალე გეახლებით.,48,1244,True
ganm_9118,აწ,ახლა.,48,1244,False
ganm_9120,ვარ საქმის რასმე მდებელი,რაღაც საქმე მაქვს.,48,1244,True
ganm_9121,აქ სადმე,"აქ სადღაც, აქ ახლო–მახლო.",48,1244,True
ganm_9122,მიც,"მიდევს, მაქვს.",48,1244,False
ganm_9123,წავიტან,წავიღებ.,48,1244,False
ganm_9124,წა-ცა-ვალ,წავალ: ნაწილაკი “ცა” ჩართულია ზმნასა და ზმნისწინს შორის. მათი (როშაქის და მისი ლაშქრის).,48,1244,False
ganm_9125,ზედა-მსწრებელი,ჩამსწრობი.,48,1244,False
ganm_9126,მათ კაცთა,იმ კაცებს.,48,1245,True
ganm_9127,დია,ძალიან.,48,1245,False
ganm_9128,ეამა,ეამათ.,48,1245,False
ganm_9129,ესე,– ეს.,48,1245,False
ganm_9130,შე-რე-მშრა,შემაშრა.,48,1245,False
ganm_9131,ფონისა,აქ: ღვარისა.,48,1245,False
ganm_9132,ღონისა,"შველისა, ხსნისა. ტაეპის აზრია: ყველაფრით მივხვდი, რომ მეშველა (იგულისხმება: ნესტანის ხსნის იმედი დავინახე).",48,1245,False
ganm_9134,იტყოდი,ამბობდი.,48,1246,False
ganm_9135,მინა,მინდა.,48,1246,False
ganm_9136,მუნით,იქიდან.,48,1246,False
ganm_9135,მინა,მინდა.,48,1246,False
ganm_9137,მან ამბავმან,იმ ამბავმა.,48,1246,True
ganm_9138,სულ-მობრძავი,მომაკვდავი.,48,1246,False
ganm_9139,დამარჩინა,გადამარჩინა.,48,1246,False
ganm_9141,უჩინოდ,უჩინრად.,48,1247,False
ganm_9142,მოვასხენ,მოვიყვანე.,48,1247,False
ganm_9143,ვარქვი,ვუთხარი.,48,1247,False
ganm_9144,დასდგებით,"გაჩერდებით, დაყოვნდებით.",48,1247,False
ganm_9145,სამ დღე,სამ დღეში.,48,1248,True
ganm_9146,მოვიდეს,მოვიდნენ.,48,1248,False
ganm_9147,ფიცხლა,სწრაფად.,48,1248,False
ganm_9148,ებიჯა გზისადა,"ებიჯათ გზაზე, ევლოთ.",48,1248,True
ganm_9149,მიუგვრიაო,მიუგვრიათო.,48,1248,False
ganm_9150,მეფისა,მეფისათვის.,48,1248,False
ganm_9151,წამავლისადა,წამსვლელისთვის.,48,1248,False
ganm_9153,ქვე დაუწინდავს,"დაუწინდავთ, დაუნიშნავთ.",48,1248,True
ganm_9154,ცოტა,პატარა. აქ: უმცროსი.,48,1248,False
ganm_9155,ყრმისადა,ბავშვისთვის. აქ: ვაჟისთვის.,48,1248,False
ganm_9156,ჯერთ,ჯერ.,48,1249,False
ganm_9157,ქორწილობად,ქორწილის გადასახდელათ.,48,1249,False
ganm_9158,არა მცალს,"არა მცალია, თავი არ მაქვს.",48,1249,True
ganm_9159,შემოვიქცევი,დავბრუნდები.,48,1249,False
ganm_9160,შევისძლობ,რძლად დავისვამ.,48,1249,False
ganm_9161,ვინ,ვინც (ლაპარაკია ნესტანზე).,48,1249,False
ganm_9162,ხადუმი,მსახური; მსახური საჭურისი.,48,1249,False
ganm_9163,უახლებია,მიუჩენია.,48,1249,False
ganm_9164,ყოვლი,ყველა.,48,1250,False
ganm_9165,გრძნებისა,ჯადოსნობისა.,48,1250,False
ganm_9166,წაუტანია,წაუყვანია.,48,1250,False
ganm_9167,მით რომე,"იმიტომ, რომ.",48,1250,True
ganm_9168,საჭირო,"საძნელო, სახიფათო.",48,1250,False
ganm_9169,ქვე დაუყრია,(იმ ადგილზე) დაუტოვებია.,48,1250,True
ganm_9170,მოყმენი,"რაინდები, მეომრები.",48,1250,False
ganm_9171,გულოვანი,"გულადი, მამაცი.",48,1250,False
ganm_9172,დაეყოვნების,დააგვიანდება.,48,1250,False
ganm_9173,უბრძოლველი,"აქ: უძლეველი, აუღებელი.",48,1251,False
ganm_9174,შიგან,შიგნით.,48,1251,False
ganm_9175,მას კლდესა შუა,იმ კლდეში.,48,1251,True
ganm_9176,მუნ,იქ:,48,1251,False
ganm_9177,მნათობი,(ნესტანი).,48,1251,False
ganm_9178,შემყრელთა,"შემხვედრთა, შემხედველთა.",48,1251,False
ganm_9179,ნიადაგ,მუდამ.,48,1252,False
ganm_9180,სცავს,დარაჯობს.,48,1252,False
ganm_9182,ჭაბუკი,რაინდი.,48,1252,False
ganm_9183,ყველაკაი,ყვალანი.,48,1252,False
ganm_9184,ხასები,წარჩინებულნი.,48,1252,False
ganm_9185,კართა სამთავე,სამსავე კარში.,48,1252,True
ganm_9186,გაგსაჯა,"გაგტანჯა, გაგაწვალა.",48,1252,False
ganm_9187,სოფელმან,"წუთისოფელმა, ცხოვრებამ.",48,1252,False
ganm_9188,და-გლახ-რას-ები,"რას დაები? იგულისხმება: რას მიები ამ ცხოვრებას, რას შეგიყვარდა ეს წუთისოფელი?!",48,1252,False
ganm_9189,ესე,ეს.,48,1253,False
ganm_9190,მაგარ-ვადამან,"ხმალმაგარმა, მაგარვადიანი ხმლის მქონემ.",48,1253,False
ganm_9191,რა,რომ.,48,1253,False
ganm_9192,სხვად,სხვა მხრივ.,48,1253,False
ganm_9191,რა,რომ.,48,1253,False
ganm_9194,გაუცხადა,გაუმხილა.,48,1253,False
ganm_9191,რა,რომ.,48,1253,False
ganm_9195,დანაბადამან,(ღვთის) გაჩენილმა.,48,1253,False
ganm_9191,რა,რომ.,48,1253,False
ganm_9197,კმა ხარ,კმარიხარ.,48,1254,True
ganm_9199,მომასმინე,მომასმენინე!,48,1254,False
ganm_9200,არ პირ-ბნელად,"პირნათლად, გულწრფელად. ან: გასაგებად, არაორაზროვნად. (პირი- აზრი).",48,1254,True
ganm_9201,მაგრა,მაგრამ.,48,1254,False
ganm_9202,გამაგონე,გამაგებინე.,48,1254,False
ganm_9203,მრთელად,"აქ: დაწვრილებით, სრულად.",48,1254,False
ganm_9204,რამან შექმნა,რამ გახადა.,48,1254,True
ganm_9206,მის ქალისა,იმ ქალის.,48,1255,True
ganm_9207,ამანთებს,მანთებს.,48,1255,False
ganm_9208,მაგრა,მაგრამ.,48,1255,False
ganm_9209,უხორცონი,"უსხეულონი, არამატერიალურნი.",48,1255,False
ganm_9210,რას აქმნევენ,რაში გამოიყენებენ? რად უნდათ?,48,1255,True
ganm_9211,მართლად,სამართლიანად.,48,1255,False
ganm_9212,მკრთალსა,"აქ: გაკვირვებულს, მოულოდ¬ნელობისაგან შემცბარს. ტაეპის აზრია: მართალი ხარ, რომ ქაჯთა ხორციელობა გაგიკვირდა.",48,1255,False
ganm_9213,მით,იმიტომ.,48,1256,False
ganm_9214,ერთგან,ერთად.,48,1256,False
ganm_9215,კრებულნი,შეკრებილნი.,48,1256,False
ganm_9217,ზედა,ზედ (ჯადოსნობაზე).,48,1256,False
ganm_9218,მავნენი,"ზიანის მომტანნი: დამღუპველნი, დამჭრელნი და ა.შ. ტაეპის აზრია: ქაჯნი ჩვეულებრივ ადამიანს ავნებენ, ჩვეულებრივი ადამიანი მათ- ვერა.",48,1256,False
ganm_9219,დამბრმალნი,დაბრმავებულნი.,48,1256,False
ganm_9220,იქმან,"აკეთებენ, შვრებიან.",48,1257,False
ganm_9221,დაუბრმობენ,დაუბრმავებენ.,48,1257,False
ganm_9222,აღსძრვენ,"აღძრავენ, ააყენებენ.",48,1257,False
ganm_9223,ნავსა,ხომალდს.,48,1257,False
ganm_9224,დაამხობენ,გადააბრუნებენ.,48,1257,False
ganm_9225,ვითა ხმელსა,როგორც ხმელეთს.,48,1257,True
ganm_9220,იქმან,"აკეთებენ, შვრებიან.",48,1257,False
ganm_9227,ამისთვის,ამიტომ.,48,1258,False
ganm_9228,გარეშემონი,"გარს მყოფნი, მეზობლად მცხოვრებნი.",48,1258,False
ganm_9229,იგიცა,იგინიც.,48,1258,False
ganm_9230,მადლი,მადლობა.,48,1258,False
ganm_9231,დამივსენ,ჩამიქრე.,48,1258,False
ganm_9232,მეამნეს,"მეამნენ, მესიამოვნენ.",48,1258,False
ganm_9233,რომელი,რომელიც.,48,1259,False
ganm_9234,ჭირთა,"უბედურების, მწუხარების, გასაჭირის.",48,1259,False
ganm_9235,მომალხენელი,"დამაამებელი, შემამსუბუქებელი.",48,1259,False
ganm_9236,ყოფილი,"მარად მყოფი, დაუსაბამო.",48,1259,False
ganm_9237,უთქმელი,სიტყვით გამოუთქმელი.,48,1259,False
ganm_9238,იჩქითად,"უეცრად, მოულოდნელად.",48,1259,False
ganm_9239,არს ჩვენი გარდმომფენელი,"გვეფინება, გვეძლევა.",48,1259,True
ganm_9240,მის ამბისა,იმ ამბის.,48,1260,True
ganm_9241,ცნობისათვის,შეტყობისათვის.,48,1260,False
ganm_9242,ეჭვდა თავისათვის,"თავისთვის განკუთვნილი ეგონა (ავთანდილის ცრემლი, გრძნობის გამამჟღავნებელი).",48,1260,True
ganm_9243,ამად,ამიტომ.,48,1260,False
ganm_9244,კვლა,"აქ: ისევ და ისევ. ცეცხლსა. იგულისხმება: გრძნობის, ვნების ცეცხლს.",48,1260,False
ganm_9245,ინახვიდა,ინახავდა.,48,1260,False
ganm_9246,აკოცებდა,ჰკოცნიდა.,48,1260,False
ganm_9247,იამა,ისიამოვნა.,48,1261,False
ganm_9248,უნდო-გვარად,"უნდომლად, უხალისოდ.",48,1261,False
ganm_9249,თინათინის გონება,თინათინზე ფიქრი.,48,1261,True
ganm_9250,მხეც-ქმნილი,გამხეცებული.,48,1261,False
ganm_9251,გასჭრია,"გაჰველურებია, ველად გავარდნა მოუნდომებია.",48,1261,False
ganm_9252,რბოლითა,სირბილით. აზრია: ავთანდილის გული ტყე-ღრეში ხეტიალს და მხეცებთან ყოფნას ნატრობს.,48,1261,False
ganm_9253,ზღვათა შესართავი,ოკეანე.,48,1262,True
ganm_9256,სად,სადაც.,48,1262,False
ganm_9257,შიგან მელნისა მორევსა,აქ: მელნის მორევიდან.,48,1262,True
ganm_9255,გიშრისა ნავი,შავი გუგების.,48,1262,True
ganm_9256,სად,სადაც.,48,1262,False
ganm_9258,იტყვის,ამბობს.,48,1262,False
ganm_9256,სად,სადაც.,48,1262,False
ganm_9256,სად,სადაც.,48,1262,False
ganm_9256,სად,სადაც.,48,1262,False
ganm_9260,მუნ,იქ.,48,1263,False
ganm_9261,დასალბო,დასალბობი.,48,1263,False
ganm_9262,გიშრისა ტევრი,"შავი წამწამების აღმნიშვნელი მეტაფორაა, ვარდისა ველი ლოყებისა. ტაეპის აზრია: წამწამებში ნაგუბარი ცრემლი გაშლილ ნაკადად როგორც მდინარე ფონის ადგილას ესხმევა ავთანდილის ლოყებს.",48,1263,True
ganm_9263,იხარებს,ხარობს.,48,1263,False
ganm_9264,ვითა,როგორც.,48,1263,False
ganm_9265,იადონი,ბულბული.,48,1263,False
ganm_9266,იშოვებს,იშოვის.,48,1263,False
ganm_9267,ბანად,საბანლად.,48,1264,False
ganm_9268,"მზე, სოფელს შუქ-ნაკიდები","მზე, რომელიც თავისი სხივებით მოეკიდა ქვეყანას, არ ჩასულა (ავთანდილი).",48,1264,True
ganm_9269,დიაცმან,ქალმა.,48,1264,False
ganm_9271,მრავალი ფერი,მრავალნაირი.,48,1264,True
ganm_9272,ნურას,"ნურაფრად, ნურაფერში.",48,1264,False
ganm_9273,გავაცხადო,"გავაცხადებ, გავამჟღავნებ.",48,1265,False
ganm_9274,ცმა,ჩაცმა.,48,1265,False
ganm_9275,მას დღე,იმ დღეს.,48,1265,True
ganm_9276,ყოვლი,ყოველივე.,48,1265,False
ganm_9277,საჭაბუკო,ჭაბუკის ანუ რაინდის ჩასაცმელი.,48,1265,False
ganm_9278,მხნე,ძლიერი.,48,1265,False
ganm_9281,ფატმან,ფატმანმა.,48,1266,False
ganm_9279,პური შეეკაზმა,სუფრა გაეწყო.,48,1266,True
ganm_9280,პირ-ბნელად,მოღუშულად.,48,1266,False
ganm_9281,ფატმან,ფატმანმა.,48,1266,False
ganm_9282,ვაჭრულისა უმოსელად,არავაჭრულად ჩაცმული.,48,1266,True
ganm_9283,შენთვის ხელთა სასურველად,შენთვის გახელებულ ქალთა ნდომა-მოწონების გასამძაფრებლად.,48,1266,True
ganm_9285,მან,(ავთანდილმა).,48,1267,False
ganm_9285,მან,(ავთანდილმა).,48,1267,False
ganm_9286,თავის წინა,აქ: თავისთვის.,48,1267,True
ganm_9287,შეეტყვების,ეტყობა.,48,1267,False
ganm_9288,ვითა,როგორ.,48,1267,False
ganm_9289,ყივნდებოდა,ტყუვდებოდა.,48,1267,False
ganm_9291,თუმცა რასმე იფერებდა,"(ისე), რომ რამდენადმე შეეფერებინა კიდევ (ფატმანის მოარშიყის მდგომარეობა). ტაეპის აზრია: ავთანდილს ფატმანის იმდენი ხათრი არ ჰქონდა, რომ თავისი როლის თამაში კიდევ განეგრძო.",48,1267,True
ganm_9290,არა გაჰვიდოდა,არ ეხათრებოდა (ფატმანისა).,48,1267,True
ganm_9292,ყმა,(ავთანდილი).,48,1268,False
ganm_9293,მისსა,თავისთან.,48,1268,False
ganm_9294,ამოდ,"ტკბილად, მშვიდად.",48,1268,False
ganm_9295,ფატმან,ფატმანი.,48,1268,False
ganm_9296,თავის წინა,მარტო.,48,1268,True
ganm_9298,იტყოდა,ამბობდა.,48,1269,False
ganm_9300,მო,"ზმნისწინი ზმნისა “მომკლავს”, განმეორებული აზრის გასაძლიერებლად.",48,1269,False
ganm_9299,უცილოდ,"უეჭველად, უთუოდ.",48,1269,False
ganm_9300,მო,"ზმნისწინი ზმნისა “მომკლავს”, განმეორებული აზრის გასაძლიერებლად.",48,1269,False
ganm_9303,დაჰკრთები,"შეკრთები, შეცბები",48,1270,False
ganm_9304,მაგრა,მაგრამ,48,1270,False
ganm_9305,გიშრისა ხენი,(თინათინის წამწამები),48,1270,True
ganm_9306,პატრონი,"უფროსი, მფლობელი",48,1271,False
ganm_9307,სპასპეტი,"სარდალი, მხედართმთავარი.",48,1271,False
ganm_9308,თავადი,მეთაური.,48,1271,False
ganm_9309,სპისა,ჯარის. მათისა. ლაპარაკია როსტევანზე. მრ. რიცხვი მეფისადმი მოწიწების გამომხატველია.,48,1271,False
ganm_9310,შესაგვანისა,შესაფერისისა.,48,1271,False
ganm_9311,საჭურჭლე,სიმდიდრეთა საცავი.,48,1271,False
ganm_9313,გიცი,ზმნა „ვიცი” ობიექტის მეორე პირში.,48,1272,False
ganm_9314,მოყვარე,მეგობარი.,48,1272,False
ganm_9315,მათ,ლაპარაკია როსტევანზე.,48,1272,False
ganm_9316,უვის,ჰყავთ.,48,1272,False
ganm_9317,დავაგდე,დავტოვე.,48,1272,False
ganm_9318,პატრონი,აქ: მეფე. მათი. იგულისხმება: თინათინის. მრ. რიცხვი თინათინისადმი მოწიწების გამომხატველია.,48,1272,False
ganm_9315,მათ,ლაპარაკია როსტევანზე.,48,1272,False
ganm_9319,რომე,რომ.,48,1273,False
ganm_9320,ძებნად,საძებრად.,48,1273,False
ganm_9321,მისვე ქალი სად,იმავე ქალისა.,48,1273,True
ganm_9325,სად,სადაც.,48,1273,False
ganm_9322,ყოვლი,მთელი.,48,1273,False
ganm_9323,მის მზისა მონაცვალი სად,"იმ მზის მაგივრობის გამწევის, მზეებრ მშვენიერის.",48,1273,True
ganm_9325,სად,სადაც.,48,1273,False
ganm_9324,ლომი,ლაპარაკია ტარიელზე.,48,1273,False
ganm_9325,სად,სადაც.,48,1273,False
ganm_9325,სად,სადაც.,48,1273,False
ganm_9325,სად,სადაც.,48,1273,False
ganm_9328,ჯერთ,—ჯერ.,48,1274,False
ganm_9329,ღონე,"ხსნა, საშველი.",48,1274,False
ganm_9330,ფრთებრ,ფრთასავით.,48,1274,False
ganm_9331,ნაფუშავი,გაშლილი (?) (ალ. ჭინჭარაული).,48,1274,False
ganm_9332,მეწიე,დამეხმარე!,48,1275,False
ganm_9333,ვეცადნეთ,შევეცადოთ!,48,1275,False
ganm_9334,მნათობნი,(ნესტანი და ტარიელი).,48,1275,False
ganm_9335,ნუთუ,"ეგებ, იქნებ.",48,1275,False
ganm_9336,სცნობს,გაიგებს.,48,1275,False
ganm_9335,ნუთუ,"ეგებ, იქნებ.",48,1275,False
ganm_9338,ხლებასა,ახლოს ყოფნასა და ახლოს ყოლას.,48,1275,False
ganm_9339,მომგვარე,მომიყვანე.,48,1276,False
ganm_9340,გრძნეული,ჯადოსანი.,48,1276,False
ganm_9341,ცნეული,"გაგებული, ნაცოდნი. ტაეპის აზრია: ნესტანს ვაცნობოთ ყველაფერი, რაც ჩვენ ვიცით.",48,1276,False
ganm_9342,გამორჩეული,"ნარჩევი, ნათათბირები. ტაეპის აზრია: ნესტანმა მოგვწეროს, რაც იცის ციხის შესახებ, და ამის მიხედვით დავგეგმოთ ბრძოლა.",48,1276,False
ganm_9345,მომხვდეს,"მერგნენ, წილად მხვდნენ.",48,1277,False
ganm_9346,მო-,"ზმნისწინი ზმნისა “მომხვდეს”, განმეორებული აზრის გასაძლიერებლად.",48,1277,False
ganm_9347,რომე,რომ.,48,1277,False
ganm_9348,მესმნეს,გავიგე.,48,1277,False
ganm_9349,სწორანი,"თანასწორნი, ტოლფასნი.",48,1277,False
ganm_9350,გრძნეული,ჯადოსანი.,48,1277,False
ganm_9351,გისხენ,"წინ გიდევს, გაქვს.",48,1277,False
ganm_9352,აწ,ახლა.,48,1278,False
ganm_9353,სახმრობა,გამოსადეგობა.,48,1278,False
ganm_9354,გრძ ნებისა,ჯადოსნობისა.,48,1278,True
ganm_9362,ნებისა,"თქვენი ნებისა, თქვენი სასიამოვნო.",48,1278,False
ganm_9355,ფიცხლა,"სწრაფად, მალე.",48,1278,False
ganm_9356,დამივსე,ჩამიქრე.,48,1278,False
ganm_9357,სახმილი,"ალი, ცეცხლი.",48,1278,False
ganm_9358,გზ ნებისა,წვისა. ლაპარაკია ნესტანისადმი სიბრალულის ცეცხლზე.,48,1278,True
ganm_9362,ნებისა,"თქვენი ნებისა, თქვენი სასიამოვნო.",48,1278,False
ganm_9359,მას მზესა,იმ მზეს (ნესტანს).,48,1278,True
ganm_9360,ჰკადრე,"მოახსენე. მიზეზი მისისა განკურნებისა. იგულისხმება: ის, თუ ხსნას რა გზით უნდა მოელოდეს.",48,1278,False
ganm_9362,ნებისა,"თქვენი ნებისა, თქვენი სასიამოვნო.",48,1278,False
ganm_9361,მოგართვა,მოგართმევ.,48,1278,False
ganm_9362,ნებისა,"თქვენი ნებისა, თქვენი სასიამოვნო.",48,1278,False
ganm_9363,სოფლისა,ქვეყნის.,49,1279,False
ganm_9364,ზენაო,ზეციერო.,49,1279,False
ganm_9364,ზენაო,ზეციერო.,49,1279,False
ganm_9366,წყლიანო,აქ: ენაწყლიანო.,49,1279,False
ganm_9369,კვლა,აგრეთვე.,49,1279,False
ganm_9370,ერთგან,"ერთად. ტაეპის აზრია: აგრეთვე, ერთად შეზავებულო ბროლო და ლალო!",49,1279,False
ganm_9364,ზენაო,ზეციერო.,49,1279,False
ganm_9371,თუცა თუ,"თუმცაღა, თუმც კი.",49,1280,True
ganm_9376,მო,მოდი.,49,1280,False
ganm_9372,ეგრეცა,მაინც.,49,1280,False
ganm_9373,ვცან,შევიტყე.,49,1280,False
ganm_9374,მით,ამით; ამიტომ.,49,1280,False
ganm_9376,მო,მოდი.,49,1280,False
ganm_9375,ხელ-ქმნილსა,"გახელებულს, გაგიჟებულს.",49,1280,False
ganm_9376,მო,მოდი.,49,1280,False
ganm_9377,მიჰხვდეთ,"—ეწევით, ეღირსებით. წადილსა. იგულისხმება: წადილის შესრულებას.",49,1280,False
ganm_9378,იე,იად იყავ!,49,1280,False
ganm_9379,მოსრულა,მოსულა.,49,1281,False
ganm_9380,მოყმე,რაინდი.,49,1281,False
ganm_9381,არაბეთს შიგან,არაბეთში.,49,1281,True
ganm_9382,სპასპეტი,"სარდალი, მხედართმთავარი.",49,1281,False
ganm_9383,სწერდი,სწერე! აქ: მოსწერე!,49,1281,False
ganm_9384,ბრძნად გაგონებული,"შესაძლოა ორგვარი გაგება: 1. ბრძნულად მოაზრე, 2. ბრძნად მიჩნეული, ბრძნად აღიარებული.",49,1281,True
ganm_9385,ესე,ეს.,49,1282,False
ganm_9386,ვცნათ,"გავიგოთ, შევიტყოთ.",49,1282,False
ganm_9387,მოსრულანცა,მოსულან თუ არა?,49,1282,False
ganm_9388,წვრილად,დაწვრილებით.,49,1282,False
ganm_9389,გვინა,გვინდა.,49,1282,False
ganm_9390,თავადი,მეთაური.,49,1282,False
ganm_9391,ვინ-ა,ვინაა.,49,1282,False
ganm_9393,რა,რამე.,49,1283,False
ganm_9392,მერმე,"შემდეგ, აგრეთვე.",49,1283,False
ganm_9393,რა,რამე.,49,1283,False
ganm_9394,აქამდისი,აქამდე განცდილი.,49,1283,False
ganm_9395,გაათავნე,გაუთანაბრე.,49,1283,False
ganm_9396,უნდეს,თუ უნდა.,49,1283,False
ganm_9397,მოყვარენი,შეყვარებულნი.,49,1283,False
ganm_9398,შეგაზავნე,შეგაერთებთ.,49,1283,False
ganm_9399,უსტარო,წერილო.,49,1284,False
ganm_9402,ლალები,წითელი ბაგისა.,49,1284,False
ganm_9399,უსტარო,წერილო.,49,1284,False
ganm_9403,დამწველის,იგულისხმება: ნესტანის.,49,1284,False
ganm_9404,შენს უკან,"შენ შემდეგ, შენი დაწერის შემდეგ.",49,1284,True
ganm_9405,მას გრძნეულსა ხელოვანსა,იმ დახელოვნებულ ჯადოსანს.,49,1285,True
ganm_9406,ესე,ეს.,49,1285,False
ganm_9407,წიგნი,წერილი.,49,1285,False
ganm_9408,მოლი,მოსასხამი.,49,1285,False
ganm_9409,მასვე წამსა,იმ წამსვე.,49,1285,True
ganm_9410,გარდაჰფრინდა,"გადაევლო, გადააფრინდა.",49,1285,False
ganm_9411,მშვილდ-ფიცხელი,"კარგი მშვილდოსანი, მაგარი მშვილდის პატრონი.",49,1286,False
ganm_9413,ქმნილ იყო ოდენ ბინდ-ბანდი,"ის იყო, ბინდ-ბუნდი დამდგარიყო.",49,1286,True
ganm_9414,უჩინოდ,უხილავად.,49,1286,False
ganm_9415,შევლო,გაიარა.,49,1286,False
ganm_9416,მოყმისა,"მეომრებისა, რაინდებისა.",49,1286,False
ganm_9417,მას მზესა,იმ მზეს (ნესტანს).,49,1286,True
ganm_9418,ჰკადრა,მიართვა.,49,1286,False
ganm_9419,სასურველისა,საყვარელისა.,49,1286,False
ganm_9420,დახშულნი,ჩაკეტილნი.,49,1287,False
ganm_9421,შევლნა,გაიარა.,49,1287,False
ganm_9422,ვითა,როგორც.,49,1287,False
ganm_9423,იგი მზე,(ნესტანი).,49,1287,True
ganm_9424,დაჰკრთა,შეუშინდა; შეკრთა.,49,1287,False
ganm_9425,სამისო რამე ზიანი,თავისი საზიანო რამ.,49,1287,True
ganm_9426,ვარდი,აქ ლოყების აღმნიშვნელი მეტაფორაა. აზრია: წითელი ლოყები გაუყვითლდა.,49,1287,False
ganm_9427,ანუ,ან.,49,1288,False
ganm_9428,დაჰბნდები,"ბნდები, კრთები, გული მიგდის.",49,1288,False
ganm_9429,თქვენს წინაშე,თქვენთან.,49,1288,True
ganm_9430,შუქნი მოიცადენ,შუქს დაელოდე.,49,1288,True
ganm_9431,ნუშნი გააპნა,"ქუთუთოები ასწია, თვალები ფართოდ გაახილა.",49,1289,True
ganm_9432,შეიძრნეს,შეიძრნენ.,49,1289,False
ganm_9434,გიშრისა წნელი,წამწამი.,49,1289,True
ganm_9435,სულთქვამს,ოხრავს.,49,1289,False
ganm_9436,იკითხავს,კითხულობს.,49,1289,False
ganm_9437,ალტობს,ასველებს.,49,1289,False
ganm_9438,ანუ,ან.,49,1290,False
ganm_9439,მიცის ცოცხალი,"იცის, რომ ცოცხალი ვარ.",49,1290,True
ganm_9440,ვიკადრებ,"გავბედავ (იგულისხმება: თქმას, მოხსენებას).",49,1290,False
ganm_9441,რასცა ოდენ ვარ მცებნელი,"რისი მცოდნეც კი ვარ, რაც კი ვიცი. (“მცებნელი” ლიცენციაა).",49,1290,True
ganm_9443,აქათ,აქეთ.,49,1290,False
ganm_9444,შენგან,შენს გამო.,49,1290,False
ganm_9445,აქათ,აქეთ.,49,1291,False
ganm_9446,რომე,რომ.,49,1291,False
ganm_9447,შენართევი,"შენართავი, შერთული.",49,1291,False
ganm_9448,კვლა,"სხვა დროსაც, ადრეც.",49,1291,False
ganm_9445,აქათ,აქეთ.,49,1291,False
ganm_9449,ვინმე,ვიღაც.,49,1292,False
ganm_9450,მოყმე,"მეომარი, რაინდი.",49,1292,False
ganm_9451,წვრილად,დაწვრილებით.,49,1292,False
ganm_9452,ყველაი,ყველაფერი.,49,1292,False
ganm_9453,ხართ რათაცა ჭირითა,"რა ჭირითაც ხართ, რა უბედურებაცაა თქვენს თავს.",49,1292,True
ganm_9454,დამვედრეს,დამავალეს.,49,1292,False
ganm_9455,სწრაფა სწრაფითა ხშირითა,"დიდი სისწრაფით სვლა, დიდი აჩქარება.",49,1292,True
ganm_9456,მემართლების,"მართლად მეჩვენება, მართალი მგონია.",49,1293,False
ganm_9457,ვისი წანაგვარი,ვისთვის წართმეული.,49,1293,True
ganm_9458,უღონიოდ,"ნამდვილად, უეჭველად.",49,1293,False
ganm_9459,ჰკადრე,მოახსენე;,49,1293,False
ganm_9460,ვარ ვითაცა გულ-მდუღარი,"რა გულმდუღარიც, რა დამწუხრებულიც ვარ.",49,1293,True
ganm_9461,პირ-მზე,(ნესტანი).,50,1294,False
ganm_9462,ხათუნო,ქალბატონო. ვაჭრის ცოლისთვის განკუთვნილი მიმართვის ფორმაა.,50,1294,False
ganm_9463,სოფელმან,"წუთისოფელმა, ცხოვრებამ.",50,1294,False
ganm_9464,მათ ჩემთა პატიჟთა,იმ ჩემს მრავალ ტანჯვაზე.,50,1294,True
ganm_9466,აწ,ახლა.,50,1295,False
ganm_9467,სრულთა ქაჯთაგან,ყველა ქაჯისგან.,50,1295,True
ganm_9469,დანამჭირები,დაჭერილი.,50,1295,False
ganm_9470,მცავს,მდარაჯობს.,50,1295,False
ganm_9471,ავად მომიხდა,ცუდად ამიხდა.,50,1295,True
ganm_9472,თათბირი,"გეგმა, გადაწყვეტილება. ნესტანს მხედველობაში აქვს თავისი განზრახვა, რომ ფატმანის ცხენით სამშვიდობოს გაეღწია.",50,1295,False
ganm_9473,სხვად,"სხვა მხრივ,",50,1296,False
ganm_9474,რამცა მოგიწერე,რა მოგწერო?,50,1296,True
ganm_9475,მოსრულა,მოსულა.,50,1296,False
ganm_9476,ჯერე,ჯერ.,50,1296,False
ganm_9477,სპანი,ჯარისკაცები.,50,1296,False
ganm_9478,მცვენ,მდარაჯობენ.,50,1296,False
ganm_9479,სიალფე,"სიყოჩაღე, ვაჟკაცობა. რე ნაწილაკია. აქ არ ითარგმნება.",50,1296,False
ganm_9480,ძებნა,"აქ: ცდა, გამოხსნისათვის ზრუნვა.",50,1296,False
ganm_9481,არ ეგების,"არ გამოვა, შეუძლებელია.",50,1296,True
ganm_9482,ვინცაღა,"ვინც, ვიღაცა (რომ მოსულა).",50,1297,False
ganm_9483,ცუდ-მაშვრალი,ამაოდ გარჯილი.,50,1297,False
ganm_9484,იჭირვის,წუხს.,50,1297,False
ganm_9485,ვჰნატრი,შევნატრი.,50,1297,False
ganm_9486,მზე,(ტარიელი).,50,1297,False
ganm_9487,ამად,ამიტომ.,50,1297,False
ganm_9488,დამზრალი,გაყინული.,50,1297,False
ganm_9489,ბრალია,"შესაბრალია, ცოდვაა.",50,1297,False
ganm_9490,ამად,ამიტომ.,50,1298,False
ganm_9491,გავაკრძალე,"მოვარიდე. ტაეპის აზრია: ვერ გავუძლებდი გულისტკივილს, ჩემი ამბავი რომ მომეთხრო.",50,1298,False
ganm_9492,გეაჯები,გევედრები.,50,1298,False
ganm_9493,შემახვეწე,შემავედრე.,50,1298,False
ganm_9494,შე-ცა-სთვალე,შეუთვალე კიდეც. ნაწილაკი “ცა” ჩართულია ზმნასა და ზმნისწინს შორის.,50,1298,False
ganm_9495,მჭირს,"გასაჭირი მაქვს, მიჭირს.",50,1299,False
ganm_9496,კმარის,კმარა.,50,1299,False
ganm_9497,სწორითა,თანასწორით.,50,1299,False
ganm_9498,ვერას,ვერაფერს.,50,1299,False
ganm_9499,ვინ,აქ: ვინმე.,50,1299,False
ganm_9500,მარგებს,მიშველის.,50,1299,False
ganm_9501,დასტურად,ნამდვილად.,50,1299,False
ganm_9502,ესე,ეს.,50,1300,False
ganm_9503,რიდე,"მოსასხამი, თავსაბურავი.",50,1300,False
ganm_9504,ნაკვეთი,ნაჭერი.,50,1300,False
ganm_9505,ესენი,"იგულისხმება: რიდენი, რიდე. მის გამო (იგულისხმება: ტარიელის გამო).",50,1300,False
ganm_9506,თუცა თუ,"თუმცაღა, თუმც კი.",50,1300,True
ganm_9507,მსგავსად,შესაფერისად.,50,1300,False
ganm_9508,დაუვსის,უქრობდა.,51,1301,False
ganm_9509,ვის,"ვისაც, რომელსაც. ეს სიტყვა განმეორებულია აზრის გაძლიერების მიზნით. ტაეპის აზრია: ვისაც (ტანჯვის) ალი ედებოდა (იგულისხმება: ნესტანს), მას ამ ალს მისივე ცრემლი უქრობდა. იგულისხმება: ნესტანი ტანჯვას ცრემლით იოხებდა.",51,1301,False
ganm_9509,ვის,"ვისაც, რომელსაც. ეს სიტყვა განმეორებულია აზრის გაძლიერების მიზნით. ტაეპის აზრია: ვისაც (ტანჯვის) ალი ედებოდა (იგულისხმება: ნესტანს), მას ამ ალს მისივე ცრემლი უქრობდა. იგულისხმება: ნესტანი ტანჯვას ცრემლით იოხებდა.",51,1301,False
ganm_9510,მუნ,"იქ. ტაეპის აზრია: ნესტანს წერილის წერამ ღიმილი მოჰგვარა, მისი ვარდივით ბაგეები გაიპო და ბროლივით კბილებმა გამოანათა.",51,1301,False
ganm_9511,ესე უსტარი,ეს წერილი.,51,1302,True
ganm_9512,მონაღ ვაწები,აქ: გამოგზავნილი.,51,1302,True
ganm_9514,ვაწები,აქ: ვაწებებ (ხოლმე).,51,1302,False
ganm_9514,ვაწები,აქ: ვაწებებ (ხოლმე).,51,1302,False
ganm_9515,ჰხედავცა,ჰხედავ თუ არა?,51,1303,False
ganm_9516,სოფელი,"წუთისოფელი, საწუთრო.",51,1303,False
ganm_9517,რათა საქმეთა,რა საქმეების.,51,1303,True
ganm_9518,მქმნელი,"გამკეთებელი, ჩამდენი.",51,1303,False
ganm_9519,რაზომცა ნათობს,თუმცა ნათობს; ან: რაც უნდა ნათობდეს.,51,1303,True
ganm_9520,ეგრეცა,მაინც.,51,1303,False
ganm_9521,სწუნობენ,"იწუნებენ, არაფრად აგდებენ, უარყოფენ.",51,1303,False
ganm_9522,მით,"იმიტომ (რომ). ტაეპის აზრია: ბრძენნი იმიტომ გმობენ და უარყოფენ ამ საწუთროს, რომ ის მართლაც ასეთი დამოკიდებულების ღირსია.",51,1303,False
ganm_9523,დიდი,აქ: ძალიან.,51,1303,False
ganm_9524,ვით,როგორ.,51,1304,False
ganm_9525,ჟამმან,დრომ.,51,1304,False
ganm_9526,კრულმან,წყეულმა.,51,1304,False
ganm_9527,ნეტარ,ნეტავი.,51,1304,False
ganm_9528,გაგიცხადა,"გაგიმჟღავნა. დამალული. იგულისხმება: იდუმალი, ღრმა გრძნობა, გულის ზრახვა.",51,1304,False
ganm_9529,გონებამან,ფიქრმა.,51,1304,False
ganm_9531,შენმან მზემან,"შენს მზეს, შენს სიცოცხლეს ვფიცავ!",51,1305,True
ganm_9532,აქანამდის,აქამდის.,51,1305,False
ganm_9533,მეთქვა გარდასრულად,"გათავებული, ამოწურული მეგონა.",51,1305,True
ganm_9534,ყოვლი,"ყოველი, ყოველგვარი.",51,1305,False
ganm_9535,ღონე,"1. ღონე, ძალა, 2. საშუალება, ხსნის გზა. ამ ტაეპში ამ სიტყვის ორივე მნიშვნელობაა ნაგულისხმები.",51,1305,False
ganm_9536,აწ,ახლა.,51,1305,False
ganm_9537,რა მესმა,"რომ გავიგე, შევიტყე (იგულისხმება: შენი ამბავი).",51,1305,True
ganm_9538,შემოქმედი,შემქმნელი (იგულისხმება ღმერთი).,51,1305,False
ganm_9539,ვჰმონე,"დავემონე. იგულისხმება: მისი სამართალი ვცანი, მის ნებას თანხმობა გამოვუცხადე, მადლი შევწირე.",51,1305,False
ganm_9540,აქამდისი,"აქამდე ნახული, აქამდე განცდილი.",51,1305,False
ganm_9536,აწ,ახლა.,51,1305,False
ganm_9542,მეყოფის,"1. მეყოფა, 2. მყოფნის.",51,1306,False
ganm_9547,სად,"სადაც. ან: სად, რა შორეულ მხარეს.",51,1306,False
ganm_9543,ერთობ წყლულისა,"მთლად დაწყლულებულისა, მთლად დაჭრილისა.",51,1306,True
ganm_9544,ასრე,ასე.,51,1306,False
ganm_9545,დადაგული სად,დამწვარისა.,51,1306,True
ganm_9547,სად,"სადაც. ან: სად, რა შორეულ მხარეს.",51,1306,False
ganm_9546,მომიგონებდი,მომიგონე ხოლმე!,51,1306,False
ganm_9547,სად,"სადაც. ან: სად, რა შორეულ მხარეს.",51,1306,False
ganm_9548,ვზი,ვზივარ.,51,1306,False
ganm_9547,სად,"სადაც. ან: სად, რა შორეულ მხარეს.",51,1306,False
ganm_9551,სხვად,სხვა მხრივ.,51,1307,False
ganm_9552,ჩემგან არ მოგეწერების,ვერ მოგწერ.,51,1307,True
ganm_9553,დაშვრების,დაიღლება.,51,1307,False
ganm_9554,წამგვარა,ჩემი თავი წაართვა.,51,1307,False
ganm_9555,გრძნეულთა,ჯადოსნებს.,51,1307,False
ganm_9557,ღმერთიმცა მას ეტერების,"დაე, ღმერთი ეპატრონოს, ღმერთმა უშველოს.",51,1307,True
ganm_9559,კვლა,"კვლავ, ისევ.",51,1307,False
ganm_9560,სოფელმან,"წუთისოფელმა, ამ ცხოვრებამ. აზრია: წუთისოფელმა მისებურად მიმუხთლა.",51,1307,False
ganm_9561,მომისართა,"მომიმატა, დამირთო.",51,1308,False
ganm_9562,მათ პატიჟთა მრავალ-გვართა,იმ მრავალნაირ ტანჯვას (ქაჯთაგან შეპყრობამდე რომ განვიცადე).,51,1308,True
ganm_9563,კვლაცა,ახლა კიდევ.,51,1308,False
ganm_9564,შესაპყრობლად,დასაჭერად.,51,1308,False
ganm_9565,ძნელად საომართა,"ძნელად შესაბრძოლებლებს, ძლიერებს.",51,1308,True
ganm_9566,ყველაკაი,"ყველაფერი, ყოველივე.",51,1308,False
ganm_9567,ვზი,ვზივარ.,51,1309,False
ganm_9568,ეზომ,ისე.,51,1309,False
ganm_9569,შემოვა,შემოდის.,51,1309,False
ganm_9570,მუნ,იქ.,51,1309,False
ganm_9571,დგებიან,აქ: დგანან.,51,1309,False
ganm_9572,მოყმენი,"მეომრები, რაინდები.",51,1309,False
ganm_9574,არ დასცდებიან,"არ სტოვებენ, თავს არ ანებებენ. ტაეპის აზრია: საგუშაგოზე მუდამ მეომრები დგანან.",51,1309,True
ganm_9575,შემბმელთა,"შემბრძოლებლებს, მოწინააღმდეგეებს.",51,1309,False
ganm_9577,ნუცა,ნურც.,51,1310,False
ganm_9578,ამისგან,აქ: ამაზე.,51,1310,False
ganm_9579,ვითა,როგორც.,51,1310,False
ganm_9580,სჭმუნავ,"დარდობ, ნაღვლობ.",51,1311,False
ganm_9582,არამ,არამია; არამი იყოს!,51,1311,False
ganm_9583,ნანითა,"სინანულით (იგულისხმება: რომ, ამ დღეში მყოფი, ცოცხალი ვარ).",51,1311,False
ganm_9585,ჩავიქცევ,გადავიგდებ.,51,1311,False
ganm_9584,ანუ,ან.,51,1311,False
ganm_9586,შენმან მზემან,"შენს მზეს, შენს სიცოცხლეს ვფიცავ.",51,1312,True
ganm_9587,უშენოსა,"სხვას, თუ არ შენ.",51,1312,False
ganm_9588,მიჰხვდეს,"შეჰხვდება, ერგება.",51,1312,False
ganm_9586,შენმან მზემან,"შენს მზეს, შენს სიცოცხლეს ვფიცავ.",51,1312,True
ganm_9588,მიჰხვდეს,"შეჰხვდება, ერგება.",51,1312,False
ganm_9589,მო-ცა-ვიდენ,"თუნდ მოვიდნენ, რომც მოვიდნენ. ტაეპის აზრია: მე არავისზე გაგცვლი, თუნდა მზეზე სამჯერ ულამაზესი კაციც მოვიდეს ჩემთან.",51,1312,False
ganm_9590,აქათ,აქედან.,51,1312,False
ganm_9591,გარდავიქცევ,გადავიგდებ.,51,1312,False
ganm_9592,მახლვან,მახლავს.,51,1312,False
ganm_9593,ზეცით,ზეციდან.,51,1312,False
ganm_9594,მომხვდენ,მომეცნენ.,51,1312,False
ganm_9595,ნუთუ,"იქნებ, ეგებ.",51,1312,False
ganm_9596,ფრთენი,"ფრთები. ტაეპის აზრია: ევედრე ღმერთს, ეგებ ჩემს სულს ფრთები მისცეს!",51,1312,False
ganm_9597,ნუთუ,"ეგებ, იქნებ.",51,1313,False
ganm_9598,კვლა,"მომავალში. იგულისხმება: ახლო მომავალში, მცირე ხანში.",51,1313,False
ganm_9599,დამხსნას სოფლისა შრომასა,მიხსნას ამქვეყნიური გარჯისაგან.,51,1313,True
ganm_9600,ფრთენი,ფრთები.,51,1313,False
ganm_9601,მივჰხვდე მას ჩემსა ნდომასა,ვეწიო ჩემს წადილს.,51,1313,True
ganm_9602,ვხედვიდე,ვხედავდე.,51,1313,False
ganm_9603,ელვათა,სხივთა.,51,1313,False
ganm_9604,იქნების,"იქნება. წილი. შესაძლოა ორგვარი გაგება: 1. ნაწილი, 2. ხვედრი. (იხ. კომენტარი).",51,1314,False
ganm_9605,განაღამცა მას ეახელ,"მაშ, მასთან მიდი! მასთან იყავ! ან: რა თქმა უნდა, მასთან იქნები (ალ. ჭინჭარაული).",51,1314,True
ganm_9606,ეტლი,"ზოდიაკო, თანავარსკვლავედი.",51,1314,False
ganm_9607,წბილი,"ხელმოცარული, შერცხვენილი, უღირსი. ამისი საპირისპიროა: ღირსეული, ბრწყინვალე, დიდებული. ტაეპის აზრია: შენ, მზის ბრწყინვალე ეტლი, მასთან უნდა იყო! (“ლომი” ერთ-ერთი ზოდიაკოს სახელია, ტარიელი კი ლომია).",51,1314,False
ganm_9608,მუნ,იქ.,51,1314,False
ganm_9609,გნახო,"გნახავ. მადვე გსახო. შესაძლოა ორგვარი გაგება: 1. მზედვე დაგსახავ, მზედვე მიგიჩნევ. 2. იმადვე დაგსახავ, რაც ხარ: გიცნობ ტარიელად, ჩემ მიჯნურად.",51,1314,False
ganm_9610,განმინათლო,გამინათლებ.,51,1314,False
ganm_9611,სიკვდილიმცა მქონდა,სიკვდილი მქონდეს!,51,1314,True
ganm_9612,მაგრა,მაგრამ.,51,1315,False
ganm_9613,მომეგონოს,(რომ) მომაგონდება.,51,1315,False
ganm_9614,ნუცა,ნურც.,51,1315,False
ganm_9614,ნუცა,ნურც.,51,1315,False
ganm_9615,ჩემსა სიყვარულსა,ჩემს სიყვარულს გაფიცებ!,51,1315,True
ganm_9616,არგე რა,უშველე რამე.,51,1316,True
ganm_9617,შეიწრებულსა,შევიწროებულს.,51,1316,False
ganm_9618,ყოვლგნით,ყოველმხრივ.,51,1316,False
ganm_9619,ხელ-აუპყრობელსა,"უმწეოს, მშველელის არმყოლს.",51,1316,False
ganm_9620,გულსა ალხინე,"გულს მოუფონე, შვება მიეცი.",51,1316,True
ganm_9621,მთმობელსა,მთმენელს.,51,1316,False
ganm_9622,მომიგონებდი,მომიგონე ხოლმე!,51,1316,False
ganm_9623,ბედისა ჩემისა,აქ: ჩემი ბედის მიმართ.,51,1317,True
ganm_9624,კმა,კმარა.,51,1317,False
ganm_9627,რად,"აქ: როგორც. ტაეპის აზრია: ნახე, ჩემი გულის სამართლიანი და ალალი სამდურავი ბედისადმი რა გასაგებია შენი გულისთვისაც!",51,1317,False
ganm_9625,ცან,"გაიგე, მიხვდი, იცოდე!",51,1317,False
ganm_9626,მივა,მიდის.,51,1317,False
ganm_9627,რად,"აქ: როგორც. ტაეპის აზრია: ნახე, ჩემი გულის სამართლიანი და ალალი სამდურავი ბედისადმი რა გასაგებია შენი გულისთვისაც!",51,1317,False
ganm_9627,რად,"აქ: როგორც. ტაეპის აზრია: ნახე, ჩემი გულის სამართლიანი და ალალი სამდურავი ბედისადმი რა გასაგებია შენი გულისთვისაც!",51,1317,False
ganm_9627,რად,"აქ: როგორც. ტაეპის აზრია: ნახე, ჩემი გულის სამართლიანი და ალალი სამდურავი ბედისადმი რა გასაგებია შენი გულისთვისაც!",51,1317,False
ganm_9629,ალამი,"(რიდის) წვერი, კუთხე.",51,1318,False
ganm_9630,ესეღა,ესღა.,51,1318,False
ganm_9631,სანაცვლოდ,სამაგიეროდ.,51,1318,False
ganm_9632,მის იმედისა,იმ იმედისა.,51,1318,True
ganm_9633,ესე,ეს.,51,1319,False
ganm_9635,რა,რომ.,51,1319,False
ganm_9635,რა,რომ.,51,1319,False
ganm_9636,გარდაჰკვეთა,გადასჭრა.,51,1319,False
ganm_9639,სული,"სუნი, სულნელება.",51,1319,False
ganm_9638,ყორნის ფრთა,შავი თმისა.,51,1319,True
ganm_9641,წამ-ერთ,ერთ წამში.,51,1320,False
ganm_9642,მიხდა,მივიდა.,51,1320,False
ganm_9644,ცნობა-სრული,გონება-სრული. იგულისხმება: დაწყნარებული.,51,1320,False
ganm_9645,გამისრულდა,ამისრულდა.,51,1321,False
ganm_9646,ჟამად,"დროულად, კარგ დროს.",51,1321,False
ganm_9647,მოჭირვება,"გარჯა, გასაჭირი.",51,1321,False
ganm_9648,დგომად,დასარჩენად.,51,1321,False
ganm_9649,მცალს,მცალია.,51,1321,False
ganm_9650,მოსრულა,მოსულა.,51,1321,False
ganm_9651,ფიცხლა,"მალე, სასწრაფოდ.",51,1321,False
ganm_9652,მოვიყვანო,მოვიყვან.,51,1321,False
ganm_9653,ამწყვედელი,გამწყვეტი.,51,1321,False
ganm_9654,ხათუნმან,ქალბატონმა (ფატმანმა).,51,1322,False
ganm_9655,მოეშორვების,ჰშორდება.,51,1322,False
ganm_9656,ამისთვის,"ამიტომ, ამის გამო.",51,1322,False
ganm_9657,ნუ გაგვა,"ნუ გედარდება, ნუ გეხათრება.",51,1322,True
ganm_9658,ხელი,"შმაგი, გახელებული.",51,1322,False
ganm_9659,ეგრეცა,მაინც.,51,1322,False
ganm_9660,მოგესწრებიან,ჩამოგისწრებენ.,51,1322,False
ganm_9661,მუნ,აქ.,51,1322,False
ganm_9662,გაგიძნელდების,გაგიძნელდებათ.,51,1322,False
ganm_9663,ყმამან,(ავთანდილმა).,51,1323,False
ganm_9664,ხლებულნი,(მასთან) მყოფნი.,51,1323,False
ganm_9665,აწყა,ახლაღა.,51,1323,False
ganm_9664,ხლებულნი,(მასთან) მყოფნი.,51,1323,False
ganm_9666,მისითა სმენითა,"იმის მოსმენით. გაახლებულნი. იგულისხმება: სიცოცხლე¬გაახლებულნი, გახალისებულნი.",51,1323,True
ganm_9664,ხლებულნი,(მასთან) მყოფნი.,51,1323,False
ganm_9667,გიჩვენნე,გიჩვენებ.,51,1323,False
ganm_9668,მით,"ამიტომ, ამ გზით.",51,1323,False
ganm_9669,ვაგლახ-ვებულნი,სავაგლახო და “ვა”–ს სათქმელი.,51,1323,False
ganm_9670,ნაცქაფავი,"ბაქიობით, ტყუილი კვეხნით ნათქვამი.",51,1324,False
ganm_9671,ნასწრაფავი,სასწრაფო.,51,1324,False
ganm_9672,ხაფი,"რიხიანი, მძლავრი.",51,1324,False
ganm_9674,მოგცე,მოგცემთ.,51,1324,False
ganm_9675,ლარი,მდიდრული საქონელი.,51,1324,False
ganm_9676,ნაალაფავი,"ნადავლი. ავთანდილი სჩუქნის ფრიდონის მონებს მეკობრეთა სიმდიდრეს, რომელიც ერთხელ უკვე ვაჭრებს აჩუქა. იგულისხმება, რომ ვაჭრებმა ის სიმდიდრე არ გამოართვეს (სტრ. 1060).",51,1324,False
ganm_9677,ჩემსა ზედა,ჩემზე.,51,1325,True
ganm_9678,მადლსა,მადლობას.,51,1325,False
ganm_9679,სხვაებრ,სხვაგვარად.,51,1325,False
ganm_9680,თუღა,თუკი.,51,1325,False
ganm_9681,შევეყრები,შევხვდები.,51,1325,False
ganm_9682,ყველაკაი,ყველაფერი.,51,1325,False
ganm_9683,მეკობრეთა წანაღები,მეკობრეებისათვის წართმეული.,51,1325,True
ganm_9684,ვერას,ვერაფერს.,51,1325,False
ganm_9685,მოგცემ,მოგცემთ.,51,1325,False
ganm_9686,ამად,ამიტომ.,51,1325,False
ganm_9687,გეძუნწები,ძუნწად გეჩვენებით.,51,1325,False
ganm_9688,მახლავს,ახლოს მაქვს.,51,1326,False
ganm_9689,ძალ-მაქვს,შემიძლია.,51,1326,False
ganm_9690,რიცხვი,დიდი რაოდენობა.,51,1326,False
ganm_9691,ტურფა,აქ: საიუველირო ნივთი.,51,1326,False
ganm_9694,წავლეთ,გაიარეთ.,51,1326,False
ganm_9695,მისვე არისა,იმავე მიდამოსი (იგულისხმება: საიდანაც მოვედით).,51,1326,True
ganm_9696,უსტარი,წერილი.,51,1326,False
ganm_9697,სვე-სრულო,ბედნიერებითა და ძლევამოსილებით სავსევ.,52,1327,False
ganm_9698,ძალ-გულად,ძალითა და გულადობით.,52,1327,False
ganm_9699,შუქ-მოიეფეო,შუქუხვო.,52,1327,False
ganm_9700,მოვლენილო,"გამარჯვებულო, განდიდებულო.",52,1327,False
ganm_9701,მორჭმულო,"ძალაუფლების მქონევ, წარმატებულო.",52,1327,False
ganm_9702,მჩქეფეო,"აღმომჩქეფო, დამდენო.",52,1327,False
ganm_9703,შორი-შორ,შორიდან.,52,1327,False
ganm_9704,მო-ცა-მხვდა,"შემხვდა, მერგო კიდეც. ნაწილაკი “ცა” ჩართულია ზმნასა და ზმნისწინს შორის.",52,1328,False
ganm_9705,ნაცვალი,სამაგიერო.,52,1328,False
ganm_9706,ჭირ-ნახულისა,"გასაჭირისა, გარჯისა.",52,1328,False
ganm_9707,მოხდომა,"მოგვარება, წარმართვა.",52,1328,False
ganm_9708,მიცნია,შემიტყვია.,52,1328,False
ganm_9709,მართლად,სწორად.,52,1328,False
ganm_9710,სახულისა,მიჩნეულის.,52,1328,False
ganm_9711,დამარჩენელი,"მაცოცხლებელი, გადამრჩენელი.",52,1328,False
ganm_9713,მუნ,იქ.,52,1329,False
ganm_9714,მიჩანს,მიმაჩნია.,52,1329,False
ganm_9715,თუცა,თუმცა.,52,1329,False
ganm_9716,ნარგისთათ,ნარგიზებიდან (ქუთუთოების აღმნიშვნელი მეტაფორაა).,52,1329,False
ganm_9717,ვარდი,პირისახეა.,52,1329,False
ganm_9718,ჯერთ,ჯერ.,52,1329,False
ganm_9719,ახლვან,მრ. რიცხვი ზმნისა “ახლავს”.,52,1329,False
ganm_9720,მაგრა,მაგრამ.,52,1329,False
ganm_9721,სპა,"ჯარი, ჯარისკაცები.",52,1329,False
ganm_9722,უამარი,ურიცხვი.,52,1329,False
ganm_9723,ვიხარებ,ვხარობ.,52,1330,False
ganm_9724,ამად,ამიტომ.,52,1330,False
ganm_9725,მმილდების,მილიდან ნადენივით მდის.,52,1330,False
ganm_9726,მოგინდეს,მოგინდებათ.,52,1330,False
ganm_9727,უცილოდ,"უსათუოდ, უეჭველად.",52,1330,False
ganm_9728,აგცილდების,"აგცილდებათ, არ გამოგივათ.",52,1330,False
ganm_9729,არ თურე,აქ: არა თუ.,52,1330,True
ganm_9730,დაგიდგნეს,გაგიძლოთ.,52,1330,False
ganm_9731,ვეჭვ,მგონი.,52,1330,False
ganm_9732,გაგილბილდების,გაგირბილდებათ.,52,1330,False
ganm_9733,აწ,ახლა.,52,1331,False
ganm_9734,შემინდევ,მაპატიე.,52,1331,False
ganm_9736,ყოვნად,"დასადგომად, დროის დასაკარგავად.",52,1331,False
ganm_9737,მცალს,მცალია.,52,1331,False
ganm_9738,პატიმრად-ა,პატიმრადაა.,52,1331,False
ganm_9739,ადრე,მალე.,52,1331,False
ganm_9741,ამოდ,საამოდ.,52,1332,False
ganm_9742,თქვენიმცა გული ამათთვის სრულია,"თქვენი გული ამათთვის უხინჯო, კმაყოფილი იყოს, ამათგან გულნაკლული ნუ იქნებით.",52,1332,True
ganm_9743,ხან-დაზმულია,ნამყოფია.,52,1332,False
ganm_9744,ყველაი,"ყოველი, ყველაფერი.",52,1332,False
ganm_9745,შობს,წარმოშობს.,52,1332,False
ganm_9746,ესე,ეს.,52,1332,False
ganm_9747,უსტარი,წერილი.,52,1333,False
ganm_9748,წა-ცა-ხვია,დაახვია. ნაწილაკი “ცა” ჩართულია ზმნასა და ზმნისწინს შორის.,52,1333,False
ganm_9749,ვითა,როგორც.,52,1333,False
ganm_9753,ვითა,როგორც.,52,1333,False
ganm_9751,ზეპირ,ზეპირად.,52,1333,False
ganm_9752,ხმდა,საჭირო იყო.,52,1333,False
ganm_9749,ვითა,როგორც.,52,1333,False
ganm_9753,ვითა,როგორც.,52,1333,False
ganm_9754,ჰგია,"არის. აქ: მიღებულია, წესად დადგენილია. ტაეპის აზრია: მონებს ფრიდონთან ყოველგვარი მოკითხვა და ბოდიში დააბარა, რასაც წესი მოითხოვდა.",52,1333,False
ganm_9755,უჩვენის,უჩვენებდა.,52,1333,False
ganm_9756,ძოწი,წითელი მარჯანი. ტაეპის აზრია: ავთანდილმა გაიღიმა; მისი ძოწისფერი ბაგეები გაიხსნა და მარგალიტივით კბილები გამოაჩინა.,52,1333,False
ganm_9757,პოვა,იპოვა.,52,1334,False
ganm_9758,მაგრა,მაგრამ.,52,1334,False
ganm_9759,დაგდება,დატოვება.,52,1334,False
ganm_9760,მისთა გამყრელთა,მისი განშორების მომლოდინეებს;,52,1334,True
ganm_9761,ჩასდის,ჩასდით.,52,1334,False
ganm_9762,იტყვიან,ამბობენ.,52,1335,False
ganm_9763,და-ცა-გვმარხენ,დაგვმარხე კიდეც. იგულისხმება: დაგვხოცე.,52,1335,False
ganm_9764,დამმარხველითა,იგულისხმება: ახლობელივით საყვარელით.,52,1335,False
ganm_9767,გამოვლნა,გამოიარა.,53,1336,False
ganm_9768,მგზავრითა რათმე,მის გზაზე მიმავლით.,53,1336,True
ganm_9769,ნავითა,ხომალდით.,53,1336,False
ganm_9770,აცორვებს,ჩორთით ან ტარებით მიჰყავს (ცხენი).,53,1336,False
ganm_9771,ოდენ მარტო თავითა,"მარტო, თავისი თავის ამარა.",53,1336,True
ganm_9766,შეყრა,შეხვედრა.,53,1336,False
ganm_9772,უხარის,უხარია.,53,1336,False
ganm_9773,მით ამბავითა,იმ ამბის გამო.,53,1336,True
ganm_9774,ხელ-განპყრობილი,"(სალოცავად) ხელაპყრობილი, (ან: ხელებგაშლილი). აქ ეს გამოთქმა აღნიშნავს არა ავთანდილის ფიზიკურ მდგომარეობას, არამედ მის სულიერ განწყობილებას.",53,1336,False
ganm_9775,საესავი,მოიმედე.,53,1336,False
ganm_9776,მოწურვილ იყო,"მოტანებული, მოახლოებული იყო.",53,1337,True
ganm_9777,ქვეყნით,მიწიდან.,53,1337,False
ganm_9778,მათის,(ავთანდილის და ტარიელის).,53,1337,False
ganm_9779,ეტლის,"ზოდიაკოს, თანავარსკვლავედის.",53,1337,False
ganm_9780,ცვალება,შეცვლა.,53,1337,False
ganm_9782,სარატანისა,"სარატანზე ანუ კირჩხიბზე (“ეტლის” სახელია, რომელზედაც მზე ზაფხულში “ჯდება”).",53,1337,False
ganm_9783,სულთქვნა,"ამოისუნთქა, ამოიოხრა.",53,1337,False
ganm_9784,რა,რომ.,53,1337,False
ganm_9785,უნახავმან ხანისა,დიდი ხნის უნახავმა.,53,1337,True
ganm_9786,ცროდეს,ცრიდნენ.,53,1338,False
ganm_9787,მის ვარდისავე,იმ ვარდისავე.,53,1338,True
ganm_9788,დარითა,მსგავსით.,53,1338,False
ganm_9789,მისად,(იგულისხმება: თინათინის).,53,1338,False
ganm_9790,სანაცვლოდ,მაგიერ.,53,1338,False
ganm_9791,მოვილხენ,ვილხენ.,53,1338,False
ganm_9792,რა მოეგონის,რომ მოაგონდებოდა.,53,1339,True
ganm_9793,მოყვარე,აქ: მეგობარი.,53,1339,False
ganm_9794,სდინდიან,სდიოდნენ.,53,1339,False
ganm_9797,არენი,მიდამოები.,53,1339,False
ganm_9795,საწყინ არენი,"საჯაფო, ძნელი (ალ. ჭინჭარაული).",53,1339,True
ganm_9797,არენი,მიდამოები.,53,1339,False
ganm_9797,არენი,მიდამოები.,53,1339,False
ganm_9798,ნახნის,ნახავდა ხოლმე.,53,1339,False
ganm_9799,დახოცნის,დახოცავდა ხოლმე.,53,1339,False
ganm_9797,არენი,მიდამოები.,53,1339,False
ganm_9801,ქვაბნი,გამოქვაბულნი.,53,1340,False
ganm_9802,გამოჩნდეს,გამოჩნდნენ.,53,1340,False
ganm_9803,იცნა,იცნო.,53,1340,False
ganm_9804,მოყვარე,მეგობარი.,53,1340,False
ganm_9805,ვისთვის,ვისთვისაც.,53,1340,False
ganm_9806,ღირს ვარცა,ღირსი ვარ; ან: ღირსი ვარ?,53,1340,True
ganm_9807,არ მოსრულ იყოს,(თუ) არ იყოს მოსული.,53,1340,True
ganm_9809,ცუდ ჩემი განავლენია,"ამაო, უსარგებლო (ყოფილა, დარჩენილა) ჩემი შრომა მის დასახმარებლად!",53,1340,True
ganm_9810,უღონიოდ,უსათუოდ.,53,1341,False
ganm_9811,დაზმიდა,"დაჰყოფდა, გაატარებდა.",53,1341,False
ganm_9812,ვლიდა,ივლიდა.,53,1341,False
ganm_9813,შამბ-შამბ,ბუჩქნარში. ან: მაღალ ბალახებში.,53,1341,False
ganm_9814,წავიარო,გავიარო.,53,1341,False
ganm_9815,იგონებდა,"ისაზრებდა, ფიქრობდა.",53,1341,False
ganm_9816,იხედვიდა,(გარშემო) იყურებოდა.,53,1341,False
ganm_9817,ესე,ეს.,53,1341,False
ganm_9818,მიუქცივა,მიუბრუნა (ცხენს თავი); მიუხვია.,53,1341,False
ganm_9819,მიაცორვებს,მიჰყავს ჩორთით ან ტარებით (ცხენი).,53,1342,False
ganm_9820,სახელ-დებით უყივის,სახელს უძახის.,53,1342,True
ganm_9821,სახარული,სასიხარულო. აქ: გახარებული.,53,1342,False
ganm_9822,წავლო,გაიარა.,53,1342,False
ganm_9823,დგა,იდგა.,53,1342,False
ganm_9824,მომახულითა,გალესილით.,53,1342,False
ganm_9825,მით,ამიტომ.,53,1343,False
ganm_9826,სცხებოდა,ეცხო.,53,1343,False
ganm_9827,შამბი,ბუჩქნარი. ან: მაღალი უხეში ბალახი.,53,1343,False
ganm_9828,ჰხლებოდა,თან ჰყავდა.,53,1343,False
ganm_9829,ყივილი,ყვირილი.,53,1343,False
ganm_9830,ეოცებოდა,"ეჩვენებოდა. აქ: ესმოდა, მაგრამ დარწმუნებული არ იყო, რომ ესმის; შორიდან ესმოდა.",53,1343,False
ganm_9831,იცნა,იცნო.,53,1343,False
ganm_9832,ხლტებოდა,ხტებოდა.,53,1343,False
ganm_9833,ეტლი,"ზოდიაკო, თანავარსკვლავედი. ეტლისა სწრობილსა - ეტლის მომსწრობს, ციურ სხეულებზე უფრო სწრაფად მავალს.",53,1344,False
ganm_9834,გარდაჭდობილსა,"აქ: დამაგრებულს, უძრავად შეკავშირებულს.",53,1344,False
ganm_9836,მოთქვა,მოთქმით წარმოთქვა.,53,1345,False
ganm_9837,ნატიფი,"აქ: რჩეული, დახვეწილი.",53,1345,False
ganm_9838,მჭევრები,"მოხდენილი, ლამაზი.",53,1345,False
ganm_9839,სისხლისა,იგულისხმება: სისხლიანი ცრემლის.,53,1345,False
ganm_9840,გიშრისა ტევრები,წამწამების ან ულვაშის აღმნიშვნელი მეტაფორაა.,53,1345,True
ganm_9842,მორწყავს,რწყავს. ტაეპის აზრია: ცრემლმა ტარიელი თავიდან ფეხებამდე დაასველა.,53,1345,False
ganm_9843,რა მგამა,რა მენაღვლება.,53,1345,True
ganm_9844,პატიჟი,ტანჯვა.,53,1345,False
ganm_9845,მევ,"მევე. შესაძლოა, აგრეთვე: მეო (“მე” წოდებით ბრუნვაში) (ალ. ჭინჭარაული).",53,1345,False
ganm_9846,ეუბნებოდა,ელაპარაკებოდა.,53,1346,False
ganm_9847,ძოწი,წითელი მარჯანი. მეტაფორულად აღნიშნავს ბაგეს.,53,1346,False
ganm_9848,ელვა,1. სხივი. 2. ელვა.,53,1346,False
ganm_9849,ჰკრთებოდა,"უკრთოდა, უბრწყინავდა.",53,1346,False
ganm_9850,ეტყოდა,ეუბნებოდა.,53,1346,False
ganm_9851,ვცან,გავიგე.,53,1346,False
ganm_9852,რომე,რომ.,53,1346,False
ganm_9853,ყვავილი,ვარდი აქ ტარიელის სიცოცხლისა და ხალისის აღმნიშვნელი მეტაფორებია.,53,1346,False
ganm_9858,რა,რამე.,53,1347,False
ganm_9858,რა,რამე.,53,1347,False
ganm_9854,მლხენია,"შვება მინახავს, გამიხარია.",53,1347,False
ganm_9855,ყოველი,მთელი.,53,1347,False
ganm_9857,სხვად,სხვა მხრივ;,53,1347,False
ganm_9858,რა,რამე.,53,1347,False
ganm_9861,სოფელს,ქვეყნად.,53,1347,False
ganm_9858,რა,რამე.,53,1347,False
ganm_9862,ზენი,"ზეციური. ტაეპის აზრია: კაცი ვერ ნახავს ქვეყნად არაამქვეყნიურს, ზეციურ რასმე (იგულისხმება, რომ ნესტანის პოვნა სწორედ ასეთი რამ იქნებოდა). (ალ. ჭინჭარაული).",53,1347,False
ganm_9864,მის ამბისა,იმ ამბის.,53,1348,True
ganm_9865,ვინ,ვინც.,53,1348,False
ganm_9866,ბაგეთათ,ბაგეებიდან.,53,1348,False
ganm_9867,ვარდი ვარდა,"იგულისხმება: ვარდები ყარა. ნესტანი რომ დაილაპარაკებს ან გაიღიმებს, მისი ბაგეებიდან, თითქოს, ვარდები იფრქვევა.",53,1348,True
ganm_9868,რა ტარიელ ნახა,ტარიელმა რომ დაინახა.,53,1348,True
ganm_9869,იცნა,იცნო.,53,1348,False
ganm_9870,გამოუღო,გამოართვა.,53,1348,False
ganm_9871,შემოჰვარდა,"ეცა, მიჰვარდა (რიდეს).",53,1348,False
ganm_9872,გა-ცა-შალა,"გაშალა. ნაწილაკი “ცა” ჩართულია ზმნასა და ზმნისწინს შორის,",53,1349,False
ganm_9874,დაეცა,წინადადების პროზული წყობისას ეს სიტყვა ბოლოში იქნებოდა.,53,1349,False
ganm_9875,გაექცეს,გაექცნენ.,53,1349,False
ganm_9877,ტალა,გუშაგი (კაცი ან რაზმი).,53,1349,False
ganm_9879,გასძლნეს,გაძლოს. აქ: გაძლებს.,53,1349,False
ganm_9881,უჭვრეტს,უყურებს.,53,1350,False
ganm_9882,ქვე-მდებარესა,მწოლარეს.,53,1350,False
ganm_9883,შეჰფრინდა,მიჰვარდა.,53,1350,False
ganm_9884,ვერა,ვერაფერი.,53,1350,False
ganm_9885,არგო,უშველა.,53,1350,False
ganm_9886,სრულად,"სულ, მთლად.",53,1350,False
ganm_9889,დაჯდა ტირილად,იწყო ტირილი.,53,1351,True
ganm_9891,ჭერი,აქ: ძელი. გიშრისა ჭერი წამწამების აღმნიშვნელი მეტაფორაა. ავთანდილი წამწამებს აფა¬ხულებს და ამით ყორანს (წვერ-ულვაშს) აფრთხობს (ალ. ჭინჭარაული). შესაძლოა სხვა გაგებაც: ავთანდილი შავ წვერ-ულვაშს (“ყორანს”) იგლეჯს და ტარიელისკენ დახრილი ბროლისებრი პირისახიდან ძირს ყრის.,53,1351,False
ganm_9893,ანდამატი,ალმასი.,53,1351,False
ganm_9894,კვერი,ურო ან ჩაქუჩი.,53,1351,False
ganm_9895,მუნით,იქიდან.,53,1351,False
ganm_9896,გამოხდეს,"გადმოდინდნენ, გადმოდიოდნენ.",53,1351,False
ganm_9899,რეტსა,"გარეტებულს, არაშერაცხადს.",53,1352,False
ganm_9898,შმაგსა,გიჟს.,53,1352,False
ganm_9899,რეტსა,"გარეტებულს, არაშერაცხადს.",53,1352,False
ganm_9900,სწრაფით,"სწრაფად, უცბად.",53,1352,False
ganm_9899,რეტსა,"გარეტებულს, არაშერაცხადს.",53,1352,False
ganm_9902,ეცეს,"მიეცეს. აქ: თუ მიეცა. ან: ეცეს, ეტაკოს; აზრია: თუ მიეცა, თუ ეტაკა.",53,1352,False
ganm_9903,მოყვარე,მეგობარი.,53,1353,False
ganm_9904,რა მმართებს,რა მეკუთვნის? რა უნდა ვქნა?,53,1353,True
ganm_9905,ვაბრალობ,ბრალად ვდებ.,53,1353,False
ganm_9906,დაზმით,"დაყოვნებით, დინჯად.",53,1353,False
ganm_9907,გაგონებულსა,"მოფიქრებულს, გააზრებულს.",53,1353,False
ganm_9908,ცრუ,"აქ უნდა ნიშნავდეს “არასანდოს”, “მოუხერხებელს”.",53,1353,False
ganm_9909,უცნობო-ქმნილი,ცნობიერებადაკარგული.,53,1354,False
ganm_9910,ძეს,დევს. აქ: წევს.,53,1354,False
ganm_9911,ნატუსალი,"ნატრუსი, ცეცხლით გარუჯული.",53,1354,False
ganm_9912,გამოვლნა,გამოიარა.,53,1354,False
ganm_9913,შამბნი,ბუჩქნარი; ან: მაღალი ბალახი.,53,1354,False
ganm_9914,მუნ,იქ.,53,1354,False
ganm_9915,პოვა,იპოვა.,53,1354,False
ganm_9916,სავსებლად,საქრობად.,53,1354,False
ganm_9917,გა-ვე-ხდა,ისევ გახდა. ნაწილაკი “ვე” ჩართულია ზმნასა და ზმნისწინს შორის. ლაჟვარდი გალურჯებული პირისახის აღმნიშვნელი მეტაფორაა. ტაეპის აზრია: ტარიელს ფერი დაუბრუნდა.,53,1354,False
ganm_9918,მას ლომსა,იმ ლომს (ტარიელს).,53,1355,True
ganm_9919,რაზმი ინდოთა ტომისა,წამწამებია.,53,1355,True
ganm_9920,აახვნა,აახილა.,53,1355,False
ganm_9921,ძალი,ძალა.,53,1355,False
ganm_9923,ზაფხულის,ზაფხულში.,53,1356,False
ganm_9924,სიახლე,სიახლოვე.,53,1356,False
ganm_9925,მაგრა,მაგრამ.,53,1356,False
ganm_9926,ყივიან,იძახიან. აქ: მღერიან.,53,1356,False
ganm_9927,ხელი,"გახელებული, შმაგი, გიჟი.",53,1357,False
ganm_9928,მიწყივ,მუდამ.,53,1357,False
ganm_9930,საწუთრო,"წუთისოფელი, ეს ქვეყანა. ტაეპის აზრია: ადამიანის გულისთვის, მისი გრძნობისათვის ეს საწუთრო მუდამ წყლულიანია, ჭრილობიანია, ტკივილიანია. იგი არასდროს უხინჯო, საღი არ არის. შესაძლოა ასეთი გაგებაც: კაცის გული მუდამ წყლულდება. (ალ. ჭინჭარაული).",53,1357,False
ganm_9929,მრთელი,საღი.,53,1357,False
ganm_9931,კვლაცა,"ისევ, კიდევ ერთხელ.",53,1358,False
ganm_9932,იკითხავს,კითხულობს.,53,1358,False
ganm_9933,თუცა,თუმცა.,53,1358,False
ganm_9934,აშეთებს,"აგიჟებს, არეტიანებს.",53,1358,False
ganm_9935,წიგნისა,წერილისა.,53,1358,False
ganm_9936,დაუყვის,"უფარავს, უჩინარს ხდის.",53,1358,False
ganm_9937,თხრობა,თქმა.,53,1358,False
ganm_9938,მქისისა,მკაცრისა.,53,1358,False
ganm_9939,იტყვის,ამბობს.,53,1359,False
ganm_9940,ნაქმრად,"ქმნილად, საქმედ.",53,1359,False
ganm_9941,გასწავლილი,"სწავლული. ამავე დროს, ეს სიტყვა “გაწვალებულსაც” ნიშნავს. ტაეპის აზრია: შენ, ამდენი წვალების მნახველს, ასეთი უგუნურება (იგულისხმება: გულყრა რიდის დანახვაზე) აღარ შეგეფერება.",53,1359,False
ganm_9949,სად,სადაც.,53,1359,False
ganm_9942,რადღა,რაღად.,53,1359,False
ganm_9943,გვმართებს,"გვეკუთვნის, შეგვეფერება.",53,1359,False
ganm_9944,ხამს,"საჭიროა, ჯერ-არს.",53,1359,False
ganm_9945,დავსხდეთ ქმნად ღიმილი სად,ღიმილი დავიწყოთ.,53,1359,True
ganm_9949,სად,სადაც.,53,1359,False
ganm_9946,მის მზისა,იმ მზისა.,53,1359,True
ganm_9947,წახდომილი,"დაკარგული, წასული.",53,1359,False
ganm_9949,სად,სადაც.,53,1359,False
ganm_9948,ადრე,მალე.,53,1359,False
ganm_9949,სად,სადაც.,53,1359,False
ganm_9950,ვითა,როგორც.,53,1360,False
ganm_9951,გვმართებს,"გვეკუთვნის, შეგვეფერება.",53,1360,False
ganm_9952,პირველ,ჯერ.,53,1360,False
ganm_9953,აგრე,ასე.,53,1360,False
ganm_9954,გავიხარნეთ,გავიხაროთ.,53,1360,False
ganm_9955,შევსხდეთ,(ცხენებზე).,53,1360,False
ganm_9956,გავემართნეთ,"გავემართოთ, წავიდეთ.",53,1360,False
ganm_9957,თავნი ვარნეთ,ვიაროთ.,53,1360,True
ganm_9958,ვიწინამძღვრნეთ,გავიწინამძღვროთ.,53,1360,False
ganm_9959,ზურგით,ზურგს უკან.,53,1360,False
ganm_9960,დავიყარნეთ,"დავიყაროთ. იგულისხმება: ისინი დავხოცოთ, წინ წავიდეთ და მათი დაყრილი ხმლები ზურგს უკან მოვიტოვოთ.",53,1360,False
ganm_9961,უჭირველნი,"საღნი, დაუჭრელნი.",53,1360,False
ganm_9962,შემოვიქცეთ,დავბრუნდეთ. იგი. იგულისხმება: იგინი.,53,1360,False
ganm_9963,დავადარნეთ,დავამსგავსოთ. იგულისხმება: (მძორად) ვაქციოთ.,53,1360,False
ganm_9964,ბნდებოდა,გული მისდიოდა.,53,1361,False
ganm_9966,ელვა,აქ: სხივი.,53,1361,False
ganm_9967,ჰკრთებოდა,"უკრთოდა, უბრწყინავდა. ტაეპის აზრია: ტარიელის თეთრი პირისახე და შავი თვალები (სიხარულით) ელვარებდა.",53,1361,False
ganm_9968,ვინ ღირს-ა,ვინაა ღირსი?,53,1361,True
ganm_9970,მიწყივ,მუდამ.,53,1361,False
ganm_9971,მადლი,მადლობა.,53,1362,False
ganm_9972,ქმნა უყო საუბარისა,"ესაუბრა, დაელაპარაკა.",53,1362,True
ganm_9973,ვითა,როგორ.,53,1362,False
ganm_9973,ვითა,როგორ.,53,1362,False
ganm_9974,დამწყვიდე,დამიწყვიტე.,53,1362,False
ganm_9975,ნარგისთა,ნარგიზებში.  ქუთუთოების აღმნიშვნელი მეტაფორაა.,53,1362,False
ganm_9976,ვერა გიყო,ვერაფერს გაგიკეთებ.,53,1363,True
ganm_9977,ნაცვალსა,სამაგიეროს.,53,1363,False
ganm_9978,ზეგარდმო,ზემოდან (იგულისხმება: ციდან).,53,1363,False
ganm_9979,მისი,იმის (იგულისხმება: შენი სიკეთის).,53,1363,False
ganm_9980,შემოგზღოს,"გადაგიხდის, მოგცემს.",53,1363,False
ganm_9981,მუქაფა,"სანაცვლო, ჯილდო.",53,1363,False
ganm_9982,შესხდეს,ამხედრდნენ.,53,1363,False
ganm_9983,წავიდეს,წავიდნენ.,53,1363,False
ganm_9984,ჰქონდა,ჰქონდათ.,53,1363,False
ganm_9985,გა-ვე-აძღო,გააძღო. ნაწილაკი “ვე” ჩართულია ზმნასა და ზმნისწინს შორის.,53,1363,False
ganm_9987,იცნა,იცნო.,53,1364,False
ganm_9988,თანა,მასთან ერთად.,53,1364,False
ganm_9989,ჭარმაგოსანი,თეთრცხენოსანი (ავთანდილი).,53,1364,False
ganm_9990,იმღერდეს,მღეროდნენ.,53,1364,False
ganm_9991,იადონი,ბულბული.,53,1364,False
ganm_9987,იცნა,იცნო.,53,1364,False
ganm_9992,მოშლილი,დაუვარცხნელ-ჩაუცმელი.,53,1364,False
ganm_9993,მიწყივ,მუდამ.,53,1365,False
ganm_9994,ზარ-აღებული,"ზარისგან (დიდი შთაბეჭდილებისგან) ატანილი, სულიერად შეძრული.",53,1365,False
ganm_9995,ცნობა,გონება.,53,1365,False
ganm_9996,უც,აქვს.,53,1365,False
ganm_9997,სმენა,"გაგება. აზრია: არ იცის, რომ მოსმენა ელის.",53,1365,False
ganm_9998,ჯერთ,ჯერ.,53,1365,False
ganm_9999,შემოჰყივლეს,დაუძახეს.,53,1366,False
ganm_10000,ზენით,ზეციდან.,53,1366,False
ganm_10001,გავხედით,გავხდით.,53,1366,False
ganm_10004,მან,(ავთანდილმა).,53,1367,False
ganm_10005,მიჰყო,"მოჰკიდა. ალვა ასმათის ტანის აღმნიშვნელი მეტაფორაა. ტაეპის აზრია: ასმათის ტანი, რომელსაც ავთანდილმა ხელი მოჰხვია, მას წვრილ შტოსავით დაემორჩილა, სიხარულისგან დასუსტებული.",53,1367,False
ganm_10006,აკოცებს,ჰკოცნის (ავთანდილი ასმათს).,53,1367,False
ganm_10008,სცანო,გაიგეო.,53,1367,False
ganm_10009,მოაჯე,"მავედრებელი, მთხოვნელი. ტაეპი “დ” ასმათის სიტყვებია",53,1367,False
ganm_10010,უსტარი,წერილი.,53,1368,False
ganm_10011,მის პატიჟ-გარდახდილისა,ამ ნატანჯისა (ნესტანის).,53,1368,True
ganm_10012,მოგვეახლა,მოგვიახლოვდა.,53,1368,False
ganm_10013,რა,რომ.,53,1369,False
ganm_10014,უსტარი,წერილი.,53,1369,False
ganm_10015,ცნა,შეიტყო;,53,1369,False
ganm_10016,დანაწერობა,აქ: ხელი (ნესტანისა).,53,1369,False
ganm_10017,ზარმან,აქ: დიდმა მღელვარებამ.,53,1369,False
ganm_10018,აიღო,აიტანა.,53,1369,False
ganm_10019,ვითა,როგორც.,53,1369,False
ganm_10020,ხელობა,სიშმაგე.,53,1369,False
ganm_10021,ტერფით თხემამდის,თავიდან ფეხებამდე.,53,1369,True
ganm_10023,გაუხდა მას მეტი საკვირველობა,"შეიპყრო, დაეუფლა მეტისმეტი გაკვირვება, თავიდან ფეხებამდე გაუარა.",53,1369,True
ganm_10024,იტყვის,ამბობს.,53,1369,False
ganm_10013,რა,რომ.,53,1369,False
ganm_10013,რა,რომ.,53,1369,False
ganm_10025,არსმცა,იქნება? შესაძლებელია?,53,1369,False
ganm_10026,მრთელობა,ნამდვილობა.,53,1369,False
ganm_10027,ნუ გეშის,ნუ გეშინია.,53,1370,True
ganm_10028,ეგე,ეგ.,53,1370,False
ganm_10029,მრთელია,"ნამდვილია, დასტურია.",53,1370,False
ganm_10030,მოგვეახლა,მოგვიახლოვდა.,53,1370,False
ganm_10031,არსება,"შესაძლოა ორგვარი გაგება: 1. არსებობა. 2. არსი, არსება, ბუნება. მაშინ ტაეპის აზრი იქნება: კეთილის არსება დღეგრძელია, გამძლეა, ხოლო ბოროტისა დღემოკლე, არამდგრადი (იხ. კომენტარი).",53,1370,False
ganm_10032,ინდოთ მეფე,(ტარიელი).,53,1371,True
ganm_10033,რასმე,რაღაცას.,53,1371,False
ganm_10034,ეხვეოდეს,ეხვეოდნენ.,53,1371,False
ganm_10035,ატირებდა,ატირებდათ.,53,1371,False
ganm_10037,ყორნის ბოლო,"წამწამებისა,",53,1371,True
ganm_10039,თუმცა კაცი შეიგებდა,"თუკი კაცი (ამას) მიხვდება, თუ კაცს ესმის.",53,1371,True
ganm_10041,აწყა,ახლაღა.,53,1372,False
ganm_10042,ვცანით,"გავიგეთ, მივხვდით. თქვენი. იგულისხმება: ავთანდილისა.",53,1372,False
ganm_10043,გაბრჭობდა,"არჩევდა, გადაწყვეტდა, გვირჩევდა.",53,1372,False
ganm_10044,ინდოთ მეფე,(ტარიელი).,53,1372,True
ganm_10045,ხელ-განპყრობით,"ხელგაშლით, სალოცავად ხელ-აღმართული.",53,1372,False
ganm_10046,ხმობდა,"იძახდა, ამბობდა.",53,1372,False
ganm_10047,ქვაბს,გამოქვაბულში.,53,1372,False
ganm_10048,შევიდეს,შევიდნენ.,53,1372,False
ganm_10049,ეტყვის,ეუბნება.,53,1373,False
ganm_10050,ასები,"ასობით გამოთქმული, გამეორებული. ან: ეს, ასეთი სიტყვები (ალ. ჭინჭარაული).",53,1373,False
ganm_10051,რასმე ამბავსა,"რაღაც ამბავს, ერთ ამბავს.",53,1373,True
ganm_10050,ასები,"ასობით გამოთქმული, გამეორებული. ან: ეს, ასეთი სიტყვები (ალ. ჭინჭარაული).",53,1373,False
ganm_10053,ოდეს,როცა.,53,1373,False
ganm_10054,ქვაბნი,გამოქვაბული.,53,1373,False
ganm_10055,წავუხვენ,წავართვი.,53,1373,False
ganm_10050,ასები,"ასობით გამოთქმული, გამეორებული. ან: ეს, ასეთი სიტყვები (ალ. ჭინჭარაული).",53,1373,False
ganm_10057,აქათ,აქეთ.,53,1373,False
ganm_10058,ძეს,დევს.,53,1373,False
ganm_10059,საჭურჭლე,"სიმდიდრე, განძეულობა.",53,1373,False
ganm_10050,ასები,"ასობით გამოთქმული, გამეორებული. ან: ეს, ასეთი სიტყვები (ალ. ჭინჭარაული).",53,1373,False
ganm_10060,აგრე,აქ: აქამდე. ან: მაინც.,53,1374,False
ganm_10061,ვითა,რადგანაც.,53,1374,False
ganm_10062,შევიგნეთ,შევიტყოთ.,53,1374,False
ganm_10063,რაზომია,რამდენია.,53,1374,False
ganm_10064,ადგეს,ადგნენ.,53,1374,False
ganm_10065,მათგან არ ზედა ომია,აზრია: ომი არ დასჭირდათ (კარების გასახსნელად).,53,1374,True
ganm_10066,საჭურჭლე,"სიმდიდრე, განძეულობა.",53,1375,False
ganm_10067,უსახო,"შეუდარებელი, სწორუპოვარი.",53,1375,False
ganm_10068,კვლა,სხვა დროს.,53,1375,False
ganm_10069,მუნ,იქ.,53,1375,False
ganm_10070,ჩნდის,ჩანდა.,53,1375,False
ganm_10071,ვინმცა ქმნა რიცხვი,ვინ დათვლიდა? ვინ დათვლის?,53,1375,True
ganm_10072,სახლი,აქ: ოთახი. იგულისხმება კლდეში გაჭრილი ოთახები.,53,1376,False
ganm_10073,შიგან,შიგ.,53,1376,False
ganm_10076,შიგან,შიგ.,53,1376,False
ganm_10074,ზარადხანა,იარაღის და საჭურვლის საწყობი.,53,1376,False
ganm_10075,მუნ,იქ.,53,1376,False
ganm_10073,შიგან,შიგ.,53,1376,False
ganm_10076,შიგან,შიგ.,53,1376,False
ganm_10077,ზედა,ზედ.,53,1377,False
ganm_10078,ძეს,ძევს.,53,1377,False
ganm_10081,ბასრისა მჭრელი,კარგი ფოლადის გამკვეთი.,53,1377,True
ganm_10083,იყოს,იქნება.,53,1377,False
ganm_10084,უმისჟამისოდ,იმ დრომდე.,53,1377,False
ganm_10085,მეფეთა მკლველი,იგულისხმება: ყველაზე დიდი დამნაშავე.,53,1377,True
ganm_10086,მუნ,იქ.,53,1378,False
ganm_10087,სამი ტანი,"სამი ხელი, კომპლექტი.",53,1378,True
ganm_10088,რასაცა ვით შეიმოსენ,"რასაც კი ჩაიცვამენ, რაც კი სჭირდებათ.",53,1378,True
ganm_10089,ყმანი,რაინდები.,53,1378,False
ganm_10090,საბარკული,ბარძაყის დამცველი ჯავშანი.,53,1378,False
ganm_10091,გვანი,შესაფერი.,53,1378,False
ganm_10092,ლუსკუმა,სკივრი.,53,1378,False
ganm_10094,ვერა,ვერაფერი.,53,1379,False
ganm_10096,მოჰკრიან,ჰკრავდნენ ხოლმე.,53,1379,False
ganm_10097,მკედსა,მსხვილ ძაფს.,53,1379,False
ganm_10098,სჭრიდიან,ჭრიდნენ.,53,1379,False
ganm_10099,უღირს,უღირთ.,53,1379,False
ganm_10100,ყოვლად ქვეყანად,მთელ ქვეყნად.,53,1379,True
ganm_10101,ესე,ეს.,53,1380,False
ganm_10102,ზეგარდმო,"ზემოდან, ზეციდან.",53,1380,False
ganm_10103,თავის-თავისა,"თავ-თავისი, ყოველი მათგანის.",53,1380,False
ganm_10104,ქედი,"კისერი. ტაეპის აზრი, როგორც ჩანს, შემდეგია: აბჯრები მოიზომეს და ვისაც რომელი კარგად მოადგა, ის აიღეს.",53,1380,False
ganm_10105,საძღვნობლად,მისართმევად.,53,1380,False
ganm_10106,რამე,აქ: გარკვეული რაოდენობა.,53,1381,False
ganm_10107,წაიტანეს,თან წაიღეს.,53,1381,False
ganm_10108,ღარიბები,"იშვიათი ღირსებისა, უნიკალური.",53,1381,False
ganm_10109,გამოვიდეს,გამოვიდნენ.,53,1381,False
ganm_10110,საჭურჭლები,აქ: სიმდიდრის საცავები.,53,1381,False
ganm_10111,დავამაგრო,დავამაგრებ.,53,1381,False
ganm_10112,ნები,ხელის გული. ტაეპის აზრია: ამიერიდან მხოლოდ ბრძოლა მახსოვს.,53,1381,False
ganm_10113,რა გათენდეს,რომ გათენდება.,53,1381,True
ganm_10114,გაემართნეს,"გაემართნენ, წავიდნენ.",54,1382,False
ganm_10115,წაიტანეს,წაიყვანეს.,54,1382,False
ganm_10116,შეისვიან,ისვამდნენ (ცხენზე).,54,1382,False
ganm_10117,მუნ,იქ.,54,1382,False
ganm_10118,უძღვანა,აჩუქა.,54,1382,False
ganm_10119,კმა,კმარა.,54,1382,False
ganm_10120,ყოლაუზად,მეგზურად.,54,1382,False
ganm_10121,სხვამცა ვინღა წაიტანა,სხვას ვისღა წაიყვანს? სხვა რად უნდა!,54,1382,True
ganm_10122,ზედა შეჰხდეს,ზედ მიადგნენ.,54,1383,True
ganm_10123,მოეწონა,მოეწონათ.,54,1383,False
ganm_10124,ფრიდონისთვის ეაგეთა,თქვეს “ფრიდონს ასეთი შეეფერებაო”.,54,1383,True
ganm_10125,მუნ,იქ. აქ: მაშინ.,54,1383,False
ganm_10126,ინდო,(ტარიელი).,54,1383,False
ganm_10127,ეტყვის,ეუბნება.,54,1383,False
ganm_10128,გაქმნევ,"გაგაკეთებინებთ, გაქმნევინებთ.",54,1383,False
ganm_10129,სიშმაგე,აქ: ხუმრობა.,54,1383,False
ganm_10130,ველაღობნეთ,ვეხუმროთ.,54,1383,False
ganm_10131,წავუღოთ,წავართვათ.,54,1384,False
ganm_10132,წაღება,წართმევა.,54,1384,False
ganm_10134,დაღებად,შესაღებავად.,54,1384,False
ganm_10135,ანაზდად,უცბად.,54,1384,False
ganm_10136,გაკრთების,"შეკრთება, შეცბება.",54,1384,False
ganm_10137,შეჰლამის,"შეცდება, გული გაუწევს.",54,1384,False
ganm_10134,დაღებად,შესაღებავად.,54,1384,False
ganm_10140,ამოა,საამოა.,54,1384,False
ganm_10141,ლაღობა,ხუმრობა.,54,1384,False
ganm_10142,ლაღსა შე-ვე-იქმს ლაღებად,"ლაღსა და მხიარულ კაცს ხუმრობა-მხიარულებასვე მოანდომებს, კიდევ უფრო გაალაღებს.",54,1384,True
ganm_10143,პყრობა,დაჭერა.,54,1385,False
ganm_10144,ტაიჭთა,ცხენებს.,54,1385,False
ganm_10145,მუნ,იქ.,54,1385,False
ganm_10146,ფანოსი,განგაში.,54,1385,False
ganm_10147,შეექმნა,შეექმნათ.,54,1385,False
ganm_10148,ეკრა,"ეკრათ. ტაეპის აზრი, როგორც ჩანს, შემდეგია: მეჯოგეებმა ცეცხლები დაანთეს ხიფათის ნიშნად.",54,1385,False
ganm_10149,უყივლეს,შეუძახეს.,54,1385,False
ganm_10151,ვინ,ვინც.,54,1385,False
ganm_10153,ვინ,ვინც.,54,1385,False
ganm_10150,მოყმენო,"მეომრებო, რაინდებო.",54,1385,False
ganm_10151,ვინ,ვინც.,54,1385,False
ganm_10153,ვინ,ვინც.,54,1385,False
ganm_10152,ზესებსა,"აქ: თქვენს შეძლებაზე და უფლებაზე აღმატებულს, ზედმეტს, თავხედურს.",54,1385,False
ganm_10151,ვინ,ვინც.,54,1385,False
ganm_10153,ვინ,ვინც.,54,1385,False
ganm_10154,დაიწვადეს,გადმოიღეს: ან: მოზიდეს (ალ. ჭინჭარაული).,54,1386,False
ganm_10155,გაეკიდნეს,გაეკიდნენ.,54,1386,False
ganm_10156,მიიზახდეს,ყვირილით გარბოდნენ.,54,1386,False
ganm_10157,მეკობრეთა,ყაჩაღებმა.,54,1386,False
ganm_10158,შეიყარნეს,შეიყარნენ (იგულისხმება: ფრიდონის მსახურნი).,54,1386,False
ganm_10159,ჰკადრეს,მოახსენეს.,54,1386,False
ganm_10160,დაჰრიდნეს,დაერიდნენ.,54,1386,False
ganm_10161,შეიყარნეს,შეიყარნენ (ფრიდონის მეომრები).,54,1387,False
ganm_10162,დაჰფარვიდა,ფარავდა.,54,1387,False
ganm_10163,იგი მზენი,(ტარიელი და ავთანდილი).,54,1387,True
ganm_10164,მოეგებნეს,მოეგებნენ.,54,1387,False
ganm_10165,ვის,ვისაც.,54,1387,False
ganm_10166,ვერ დაზრვიდა,"ვერ დააზრობდა, ვერ გაყინავდა. იგულისხმება: ვერაფერს დააკლებდა მათ მშვენებას.",54,1387,True
ganm_10167,დაეხურა,დაეხურათ.,54,1387,False
ganm_10168,ზარადები,სახის დამფარავი ნაწილი მუზარადისა.,54,1387,False
ganm_10169,უფარვიდა,უფარავდა.,54,1387,False
ganm_10171,ტარიელ,ტარიელმა.,54,1388,False
ganm_10172,მინა,მინდა.,54,1388,False
ganm_10173,ჰლამი,"ლამობ, ცდილობ.",54,1388,False
ganm_10174,მოგვეგებვი,გვეგებები.,54,1388,False
ganm_10175,ომად,საომრად.,54,1388,False
ganm_10176,ფიცხლა,სწრაფად.,54,1389,False
ganm_10177,გარდაიჭრა,"გადაიჭრა ცხენიდან, ჩამოხდა.",54,1389,False
ganm_10179,გარდაუხდეს,ჩამოუხდნენ.,54,1389,False
ganm_10180,აკოცისცა,აკოცა კიდეც (ფრიდონმა ტარიელს და ავთანდილს).,54,1389,False
ganm_10181,უსაზომო,უზომო.,54,1389,False
ganm_10182,მადლი,მადლობა.,54,1389,False
ganm_10183,მისცა,"შესწირა, გადაუხადა.",54,1389,False
ganm_10184,აკოცებდეს,ჰკოცნიდნენ.,54,1389,False
ganm_10185,იცნობდიან,იცნობდნენ.,54,1389,False
ganm_10187,სდეგით,"იდექით, უცდიდით.",54,1390,False
ganm_10188,მოგელოდი,გელოდით.,54,1390,False
ganm_10189,უწინარე,უფრო ადრე.,54,1390,False
ganm_10190,მზა,მომზადებული.,54,1390,False
ganm_10192,თუმცა,აქ: თითქოს!,54,1390,False
ganm_10193,იქცეს გარე,გაბრუნდნენ (იგულისხმება: სასახლეში წასასვლელად).,54,1390,True
ganm_10194,გარდახდეს,"ჩამოქვეითდნენ, ბინად დადგნენ.",54,1391,False
ganm_10195,საჯდომსა,"სკამზე, სავარძელზე.",54,1391,False
ganm_10196,ოქსინო,ძვირფასი ქსოვილია.,54,1391,False
ganm_10197,ჭაბუკად,"რაინდად, მეომრად.",54,1391,False
ganm_10198,ჯერთ ჟამად,"ჯერ, ამ დროისათვის.",54,1392,True
ganm_10199,არმაღანი,საჩუქარი.,54,1392,False
ganm_10200,ტურფანი,"ძვირფასეულობა, საიუველირო ნივთები.",54,1392,False
ganm_10201,ქვე სამე გვისხენ,"გვაქვს; დიაღაც, გვაქვს; სხვა ადგილას გვაქვს.",54,1392,True
ganm_10202,შესაგვანი,შესაფერი.,54,1392,False
ganm_10203,გამოისვენეს,მოისვენეს.,54,1393,False
ganm_10204,მას ღამით,იმ ღამეს.,54,1393,True
ganm_10205,ღარიბი,"იშვიათი ღირსებისა, უნიკალური.",54,1393,False
ganm_10206,ესე,ეს.,54,1394,False
ganm_10207,ავისა,ცუდისა.,54,1394,False
ganm_10208,ვითა,როგორც.,54,1394,False
ganm_10209,ხელისა,"შმაგისა, გახელებულისა.",54,1394,False
ganm_10210,მაგრა,მაგრამ.,54,1394,False
ganm_10211,წავლა,გავლა.,54,1394,False
ganm_10212,მოგვესწრებიან,მოგვისწრებენ.,54,1394,False
ganm_10213,საეჭვი,მოსალოდნელი.,54,1394,False
ganm_10215,რას ვაქმნევთ,რაში მოვიხმართ? რად გვინდა?,54,1395,True
ganm_10216,ცოტა,"პატარა, მცირე.",54,1395,False
ganm_10218,დავაგნეთ,დავაგოთ.,54,1395,False
ganm_10219,კოტა,"ხმლის ნაწილია, ვადაზე მოვლებული ხელის დასაცავი.",54,1395,False
ganm_10220,ადრე,მალე.,54,1395,False
ganm_10222,კვლაც,სხვა დროსაც.,54,1396,False
ganm_10223,ყოფილვარ,ვყოფილვარ.,54,1396,False
ganm_10224,გემაგრების,"გემაგრებათ, მაგრად მიიჩნევთ.",54,1396,False
ganm_10225,ყოვლგნით,ყოველი მხრიდან.,54,1396,False
ganm_10226,ვერსით,ვერსაიდან.,54,1396,False
ganm_10227,არ ეგების,"არ იქნება, არ გამოვა.",54,1396,True
ganm_10228,მით,იმიტომ.,54,1396,False
ganm_10229,არად,არაფრად.,54,1396,False
ganm_10230,დაემოწმნეს,დაემოწმნენ.,54,1397,False
ganm_10231,ნაუბარსა,ნათქვამს.,54,1397,False
ganm_10232,მუნ,იქ.,54,1397,False
ganm_10233,დააგდეს,დატოვეს.,54,1397,False
ganm_10234,მისცემს,აძლევს.,54,1397,False
ganm_10235,დარსა,მსგავსს.,54,1397,False
ganm_10236,ბოლოდ,ბოლოს.,54,1397,False
ganm_10237,პირველ,"ადრე, წინათ.",54,1397,False
ganm_10238,შენაზარსა,აქ: ტანჯულს.,54,1397,False
ganm_10239,ერთგან,ერთად.,54,1398,False
ganm_10245,მით,ამიტომ.,54,1398,False
ganm_10240,რებულთა,მოსიარულეებმა.,54,1398,False
ganm_10241,ვახლავთ არეთა,ვიმყოფებით მიდამოებში.,54,1398,True
ganm_10242,მიახლებულთა,"ახლოს მყოფ, მიახლოებულ (არეებში).",54,1398,False
ganm_10243,აქათგან,აქედან.,54,1398,False
ganm_10245,მით,ამიტომ.,54,1398,False
ganm_10244,ვლა,სიარული.,54,1398,False
ganm_10245,მით,ამიტომ.,54,1398,False
ganm_10246,არას გამჟღავნებულთა,"არაფრით გამჟღავნებულებს. აზრია: ისე უნდა ვიაროთ, რომ არაფერმა გაგვამჟღავნოს.",54,1398,True
ganm_10247,თათბირსა,"რჩევას, წინადადებას.",54,1399,False
ganm_10248,ერთგან,ერთად.,54,1399,False
ganm_10249,ზმიდიან,აქ: ასრულებდნენ.,54,1399,False
ganm_10250,რა გაუთენდის,რომ გაუთენდებოდათ.,54,1399,True
ganm_10251,დადგიან,ჩერდებოდნენ.,54,1399,False
ganm_10252,ფიცხლა,სწრაფად.,54,1399,False
ganm_10253,ვლიდიან,მიდიოდნენ.,54,1399,False
ganm_10254,მივიდეს,მივიდნენ.,54,1399,False
ganm_10255,აჩნდა,გამოჩნდა.,54,1399,False
ganm_10256,დასთვალვიდიან,თვლიდნენ.,54,1399,False
ganm_10257,ჯარვით,ერთიმეორის მიყოლებით.,54,1399,False
ganm_10259,ჭაბუკი,"რაინდი, მეომარი.",54,1400,False
ganm_10260,მათ ლომთა,"იმ ლომებმა (ტარიელმა, ავთანდილმა, ფრიდონმა).",54,1400,True
ganm_10261,ნახეს,"აქ: დაათვალიერეს, დაზვერეს.",54,1400,False
ganm_10262,ვითა,როგორ.,54,1400,False
ganm_10262,ვითა,როგორ.,54,1400,False
ganm_10263,აწ,ახლა.,54,1400,False
ganm_10264,ვეჭვ,მგონი.,55,1401,False
ganm_10265,ჩემი,"იგულისხმება: აზრი, სიტყვა.",55,1401,False
ganm_10266,დამცდარი,"მცდარი, უსწორო.",55,1401,False
ganm_10267,დიდთაგან,"აქ: ბევრისგან, დიდი ლაშქრისგან.",55,1401,False
ganm_10268,ძალ-გვიც,შეგვიძლია.,55,1401,False
ganm_10269,არ ჟამი საკვეხარია,კვეხნის დრო არაა.,55,1401,True
ganm_10270,ვერსით,ვერსაიდან.,55,1401,False
ganm_10271,დაგვიხშან,დაგვიკეტონ; დაგვიკეტავენ.,55,1401,False
ganm_10272,სიმცროსა,ბავშვობაში.,55,1402,False
ganm_10273,სამუშაითოდ,"მუშაითად, ჯამბაზად, თოკზე მოსიარულედ. იგულისხმება: ისე მზრდიდნენ, რომ ჯამბაზის ხელოვნებაც მცოდნოდა.",55,1402,False
ganm_10274,მზრდიდიან,მზრდიდნენ.,55,1402,False
ganm_10275,მახლტუნვებდიან,მახტუნებდნენ.,55,1402,False
ganm_10276,მწვრთიდიან,მწვრთიდნენ.,55,1402,False
ganm_10277,ასრე,ასე.,55,1402,False
ganm_10278,გავიდი,გავიდოდი ხოლმე.,55,1402,False
ganm_10279,საბელსა,თოკზე.,55,1402,False
ganm_10280,ვერ მომკიდიან,ვერ შემასწრებდნენ (თვალს).,55,1402,True
ganm_10281,მჭვრეტდიან,მიყურებდნენ.,55,1402,False
ganm_10282,იგიცა,აქ: ისინიც.,55,1402,False
ganm_10283,ინატრიდიან,აქ: შემომნატროდნენ.,55,1402,False
ganm_10284,უკეთე,უკეთესად.,55,1403,False
ganm_10285,შეტყორცა,შეგდება.,55,1403,False
ganm_10286,საგდებელი,ქამანდი.,55,1403,False
ganm_10287,საბლისა,თოკისა.,55,1403,False
ganm_10288,ასრე მიჩს,ისე მეჩვენება (იგულისხმება: ისე მეადვილება).,55,1403,True
ganm_10289,ვითა,როგორც.,55,1403,False
ganm_10290,ჭირად გიყო,გაგიძნელებთ.,55,1403,True
ganm_10291,შიგანთა,შიგნით მყოფთაგან.,55,1403,False
ganm_10292,მრთელი,"საღი, დაუჭრელი; აქ: ცოცხალი. ტაეპის აზრია: ისე დავხოც მოწინააღმდეგეებს ქალაქის შიგნით, რომ მათში საღი კაცის პოვნა გაგიჭირდებათ.",55,1403,False
ganm_10293,არად მიჩს ჭირად,არავითარ სიძნელედ.,55,1404,True
ganm_10294,მიჩს,მიმაჩნია.,55,1404,False
ganm_10295,ჩავხლტები,ჩავხტები.,55,1404,False
ganm_10296,კისკასად,"სწრაფად, მარდად.",55,1404,False
ganm_10297,გავახვამ,გავაღებ.,55,1404,False
ganm_10298,ნახოთ,ნახავთ.,55,1404,False
ganm_10299,მუნ,იქ.,55,1404,False
ganm_10300,გესმას,გაიგონოთ.,55,1404,False
ganm_10301,ზარისა,"აქ: ალიაქოთის, განგაშის, ბრძოლის.",55,1404,False
ganm_10302,მოყვასნი,მეგობრები.,56,1405,False
ganm_10306,ყივიან,"ყვირიან, იძახიან.",56,1405,False
ganm_10308,ესმის,გაიგონებენ.,56,1406,False
ganm_10309,ჩხერება,ჩხარუნი.,56,1406,False
ganm_10311,ხამს,"საჭიროა, ჯერ-არს.",56,1406,False
ganm_10313,ცუდად,"ამაოდ, ტყუილ-უბრალოდ.",56,1406,False
ganm_10314,დაგრჩეს,აქ: შეგრჩება.,56,1406,False
ganm_10315,ცუდი,"ამაო, უსარგებლო. ფერება. აქ: ქადილი.",56,1406,False
ganm_10317,ტერება,"პატრონობა, რგება.",56,1406,False
ganm_10320,ვიქმ,ვიზამ.,56,1407,False
ganm_10322,სათუები,"სათუო. აქ: მოსალოდნელი. ტაეპის აზრია: შესაძლოა, მიგვიხვდნენ განზრახვას, თუ სამივენი წავალთ.",56,1408,False
ganm_10324,გავეცრუები,"მოვატყუებ, სხვა სახით მოვეჩვენები.",56,1408,False
ganm_10329,სად,სადმე. აზრია: ვერსად ვერავითარი ქვითკირი ვერ გამიძლებს.,56,1409,False
ganm_10329,სად,სადმე. აზრია: ვერსად ვერავითარი ქვითკირი ვერ გამიძლებს.,56,1409,False
ganm_10329,სად,სადმე. აზრია: ვერსად ვერავითარი ქვითკირი ვერ გამიძლებს.,56,1409,False
ganm_10328,დამიდგამს,გამიძლებს.,56,1409,False
ganm_10329,სად,სადმე. აზრია: ვერსად ვერავითარი ქვითკირი ვერ გამიძლებს.,56,1409,False
ganm_10329,სად,სადმე. აზრია: ვერსად ვერავითარი ქვითკირი ვერ გამიძლებს.,56,1409,False
ganm_10342,რა,როცა.,57,1410,False
ganm_10333,თქვენი,გმირთა და ლომგულთა- კიდევ უფრო მეტი გმირობა დავინახე.,57,1410,False
ganm_10332,ვცან,"გავიგე, აქ: დავინახე. ტაეპის აზრია:",57,1410,False
ganm_10334,ძალ-გულსა,ძალასა და გულადობას.,57,1410,False
ganm_10333,თქვენი,გმირთა და ლომგულთა- კიდევ უფრო მეტი გმირობა დავინახე.,57,1410,False
ganm_10335,ჰგავს,"შეეფერება, შეესაბამება.",57,1410,False
ganm_10336,პირობა,"რჩევა, გეგმების აწონ-დაწონა.",57,1410,False
ganm_10337,გწადს,გინდათ.,57,1410,False
ganm_10338,ფიცხელი,ცხარე.,57,1410,False
ganm_10339,ცუდი,"უსარგებლო, ტყუილ-უბრალო.",57,1410,False
ganm_10340,ღირობა,მოღერა.,57,1410,False
ganm_10342,რა,როცა.,57,1410,False
ganm_10343,ქმნას გაჭირობა,"გიჭირდეს, გაძნელდეს. ტაეპის აზრია: თქვენისთანების ყოლა კაცს სწორედ გაჭირვებულ ბრძოლაში გამოადგება.",57,1410,True
ganm_10344,მაგრა,მაგრამ.,57,1411,False
ganm_10352,ვითა,როგორ.,57,1411,False
ganm_10346,ესმას,"მოესმება, გაიგონებს.",57,1411,False
ganm_10347,ხელ-მქმნელსა,გამხელებელს (ლაპარაკია ნესტანზე).,57,1411,False
ganm_10348,ზედა,"აქ: ზევით, ზემოდან.",57,1411,False
ganm_10349,გარდმოდგეს,გადმოდგება.,57,1411,False
ganm_10350,მზე ვითა,მზესავით.,57,1411,True
ganm_10352,ვითა,როგორ.,57,1411,False
ganm_10351,გქონდეს,გქონდეთ.,57,1411,False
ganm_10352,ვითა,როგორ.,57,1411,False
ganm_10353,უბნობთ,ლაპარაკობთ.,57,1411,False
ganm_10352,ვითა,როგორ.,57,1411,False
ganm_10352,ვითა,როგორ.,57,1411,False
ganm_10355,ესე,ეს.,57,1412,False
ganm_10360,ნები,ხელის გული.,57,1412,False
ganm_10356,რა ღამე ჩნდეს ნათე ნები,"თენებას რომ დაიწყებს, რიჟრაჟზე.",57,1412,True
ganm_10360,ნები,ხელის გული.,57,1412,False
ganm_10357,სამთავე,სამივემ.,57,1412,False
ganm_10360,ნები,ხელის გული.,57,1412,False
ganm_10358,მოგვეგებვიან,"მოგვეგებებიან, შეგვხვდებიან.",57,1412,False
ganm_10359,ვემცრობით,მცირე რაზმად ვეჩვენებით.,57,1412,False
ganm_10360,ნები,ხელის გული.,57,1412,False
ganm_10361,ფიცხლა,სწრაფად.,57,1413,False
ganm_10362,შევებნეთ,"შევებათ, შევებრძოლოთ.",57,1413,False
ganm_10363,შევსჯარნეთ,"შევავიწროოთ, მივიმწყვდიოთ.",57,1413,False
ganm_10364,გარეთ,გარედან.,57,1413,False
ganm_10365,ვსცემდეთ,ვურტყათ. აქ: ვებრძოლოთ.,57,1413,False
ganm_10366,გარებსა,გარეთ მყოფს: გალავანზე მდგომებს და კართა მცველებს.,57,1413,False
ganm_10367,მან ერთმან,იმ ერთმა.,57,1413,True
ganm_10368,შიგანნი,შიგნით მყოფნი.,57,1413,False
ganm_10370,აბჯარსა,იარაღს.,57,1413,False
ganm_10371,მძლედ,ძლევამოსილად.,57,1413,False
ganm_10379,რა,რამე.,57,1414,False
ganm_10372,შემიგიან,"მივხვდი, გავიგე.",57,1414,False
ganm_10373,გაგიგია,"გადაგიწყვეტია. ტაეპის აზრია: მივხვდი, ვიცი, შენ გულში რაც გაქვს!",57,1414,False
ganm_10379,რა,რამე.,57,1414,False
ganm_10379,რა,რამე.,57,1414,False
ganm_10375,ოდეს,როცა.,57,1414,False
ganm_10376,მზე რა,"აქ: თვალთვალი, ჩასაფრება, საომრად მიპარვა.",57,1414,True
ganm_10379,რა,რამე.,57,1414,False
ganm_10377,თვა რა,თორემ.,57,1414,True
ganm_10379,რა,რამე.,57,1414,False
ganm_10378,ყოლა,სულაც.,57,1414,False
ganm_10379,რა,რამე.,57,1414,False
ganm_10379,რა,რამე.,57,1414,False
ganm_10381,ამხანაგობს,ხუმრობს.,57,1415,False
ganm_10382,საუბართა ესოდენთა,"აქ: ასეთი საუბრით, ამის თქმით.",57,1415,True
ganm_10383,წყლიანთა,"ენაწყლიანებმა, კარგმა შესახედავებმა, მოხდენილი და ლაღი თავდაჭერის მცოდნეებმა.",57,1415,False
ganm_10384,ლაღობა,ხუმრობა.,57,1415,False
ganm_10385,მშვენთა,შესაფერთა. ტაეპის აზრია: ერთმანეთს მათი შესაფერი ხუმრობით ეხუმრნენ.,57,1415,False
ganm_10386,გარდახდეს,ჩამოქვეითდნენ.,57,1415,False
ganm_10387,დაეკაზმნეს,"აქ: შეიჭურვნენ, აბჯრები ჩაიცვეს. უკეთესთა. იგულისხმება, რომ გზაში სავლად სამ გმირს (და, შესაძლოა, მათ მეომრებსაც) სხვა ცხენები ჰყავთ, ხოლო საბრძოლველად სხვა, ყველაზე უკეთესი.",57,1415,False
ganm_10388,კვლა,კიდევ.,57,1416,False
ganm_10389,მიუგეს,აქ: უთხრეს.,57,1416,False
ganm_10390,დაასკვნეს,გადაწყვიტეს. აქ: მიიღეს.,57,1416,False
ganm_10391,თათბირი,"რჩევა, გეგმა.",57,1416,False
ganm_10392,ტარიას,ტარიელის.,57,1416,False
ganm_10393,განაზრახები,"ნათქვამი, შემოთავაზებული.",57,1416,False
ganm_10394,სახები,მსგავსები.,57,1416,False
ganm_10395,შესხდეს,შესხდნენ.,57,1416,False
ganm_10397,იგი ჭაბუკნი,"ის რაინდები. ტაეპის აზრია: სამ რაინდს გონების თვალით ვხედავ, მზეზე უფრო ბრწყინვალეებს.",57,1417,True
ganm_10398,მათ სამთა,იმ სამს.,57,1417,True
ganm_10399,შვიდნი მნათობნი,"მზე, მთვარე, მერკური, ვენერა, მარსი, სატურნი, იუპიტერი.",57,1417,True
ganm_10400,შავსა,იგულისხმება: შავ ცხენზე.,57,1417,False
ganm_10401,დალივნეს,"დალიეს, დახოცეს.",57,1417,False
ganm_10403,აწ,ახლა.,57,1418,False
ganm_10404,ესე,ეს.,57,1418,False
ganm_10405,სახე,"მსგავსი, მსგავსება.",57,1418,False
ganm_10406,დარი,შესადარი.,57,1418,False
ganm_10407,რა ზედა წვიმდეს,ზევით რომ წვიმდნენ.,57,1418,True
ganm_10413,რა,როცა.,57,1418,False
ganm_10408,ატყდეს,"ატყდებოდეს, თავს დასტეხოდეს;",57,1418,False
ganm_10409,მოვა,მოდის.,57,1418,False
ganm_10410,მოგ რა გნის,"მოანგრევს, ხმაურით რეცხავს და მოაქვს.",57,1418,True
ganm_10413,რა,როცა.,57,1418,False
ganm_10411,ზარი,"აქ: შემაშინებელი, შემზარავი ხმაური.",57,1418,False
ganm_10412,მაგ რა,მაგრამ.,57,1418,True
ganm_10413,რა,როცა.,57,1418,False
ganm_10413,რა,როცა.,57,1418,False
ganm_10414,ეგრეცა,მაინც.,57,1418,False
ganm_10415,თუცა,თუმცა.,57,1419,False
ganm_10416,სიკეთე-მიუწვდომნი,ენითა და გონებით მიუწვდომელი სიყოჩაღისა და ვაჟკაცობის მქონენი.,57,1419,False
ganm_10417,მაგრა,მაგრამ.,57,1419,False
ganm_10418,შებმა,შებრძოლება.,57,1419,False
ganm_10419,მოსანდომნი,"მოსანდომებელი, სასურველი.",57,1419,False
ganm_10420,მნათობთა,"იგულისხმება: პლანეტები, მზე და მთვარე.",57,1419,False
ganm_10421,ხომნი,"ხომლნი, თანავარსკვლავედნი.",57,1419,False
ganm_10422,იყურებდით,ისმინეთ!,57,1419,False
ganm_10423,გესმნენ,"მოგხსენდებათ, გაიგონებთ (ცხარე ომის ამბავს).",57,1419,False
ganm_10424,სამთავე,სამივემ.,57,1420,False
ganm_10425,ჰყვა,ჰყავდათ.,57,1420,False
ganm_10426,დარები,მსგავსნი.,57,1420,False
ganm_10427,მას ღამით,იმ ღამით.,57,1420,True
ganm_10429,სადარნო,დაზვერვა.,57,1420,False
ganm_10430,გაჩნდეს,"გამოჩნდნენ, ღიად გამოვიდნენ.",57,1420,False
ganm_10431,თავის-თავ,"თავთავისთვის. იგულისხმება, როგორც ჩანს: თავისთან ახლოს, მალულად, არა თვალში საცემად.",57,1420,False
ganm_10432,ჰქონდა,ჰქონდათ.,57,1420,False
ganm_10433,პირველ,ჯერ.,57,1421,False
ganm_10434,ამოდ,ნელა.,57,1421,False
ganm_10442,ამოდ,მშვიდად.,57,1421,False
ganm_10435,მიდიოდეს,მიდიოდნენ.,57,1421,False
ganm_10436,მგზავრთა რათმე მაგიერად,ვითომ ვიღაც მგზავრები იყვნენ.,57,1421,True
ganm_10437,მათ შიგანთა,შიგნით მყოფებმა.,57,1421,True
ganm_10438,ვერა,ვერაფერი.,57,1421,False
ganm_10439,უგრძნეს,მიუხვდნენ.,57,1421,False
ganm_10440,გულ-ხმიერად,აქ: ფხიზლად.,57,1421,False
ganm_10441,ჰქონდა,ჰქონდათ.,57,1421,False
ganm_10434,ამოდ,ნელა.,57,1421,False
ganm_10442,ამოდ,მშვიდად.,57,1421,False
ganm_10443,ნებიერად,"დაწყნარებით, აუღელვებლად.",57,1421,False
ganm_10444,მიდგეს გარეთ,მიადგნენ (კარებს) გარედან.,57,1421,True
ganm_10445,ჟამიერად,"დროულად, სწრაფად.",57,1421,False
ganm_10446,ანაზდად,უეცრად.,57,1422,False
ganm_10447,წ რიალი,აქ: სტვენა; ჰაერის სწრაფად გამკვეთი საგნის ხმა.,57,1422,True
ganm_10454,რიალი,ზიანი. ტაეპის აზრია: სამივემ ცალ-ცალკე დაუწყო მეციხოვნეებს ბრძოლა თავის უბანზე (ალ. ჭინჭარაული).,57,1422,False
ganm_10448,"რა ნახნეს, კარნი გაახვნეს","(მცველებმა) რაკი დაინახნეს, რომ მტრებს კარები გაეღოთ და ქალაქში შემოდიოდნენ.",57,1422,True
ganm_10449,ქალაქით გახდა ზ რიალი,"ქალაქიდან ზრიალი, პანიკის ხმა გამოვიდა. ან: მთელი ქალაქიდან ზრიალით გამოემართა ჯარი.",57,1422,True
ganm_10454,რიალი,ზიანი. ტაეპის აზრია: სამივემ ცალ-ცალკე დაუწყო მეციხოვნეებს ბრძოლა თავის უბანზე (ალ. ჭინჭარაული).,57,1422,False
ganm_10450,სამთავე,სამივემ.,57,1422,False
ganm_10451,სამგნით,სამი მხრიდან. მ,57,1422,False
ganm_10452,იჰმართეს,"მისცვივდნენ, ეცნენ, მიუვარდნენ.",57,1422,False
ganm_10453,თავის-თავ,ცალ-ცალკე.,57,1422,False
ganm_10454,რიალი,ზიანი. ტაეპის აზრია: სამივემ ცალ-ცალკე დაუწყო მეციხოვნეებს ბრძოლა თავის უბანზე (ალ. ჭინჭარაული).,57,1422,False
ganm_10455,იკრეს,ჰკრეს.,57,1422,False
ganm_10458,მოიწია,აქ: დაატყდა.,57,1423,False
ganm_10459,უსაზომო,უზომო.,57,1423,False
ganm_10460,კრონოს,აქ: პლანეტა სატურნი (იხ. კომენტარი).,57,1423,False
ganm_10461,სიმგრგვლე,"სიმრგვალე, გუმბათი.",57,1423,False
ganm_10462,იტევდეს,იტევდნენ.,57,1423,False
ganm_10463,გადიადდა,"გაიზარდა, გამრავლდა.",57,1423,False
ganm_10464,უკრავად,(ხმლის) დაურტყმელად.,57,1424,False
ganm_10465,დაბნედდის,"ბნედდა, არეტიანებდა.",57,1424,False
ganm_10466,ხაფი,"ძლიერი, მკვახე ხმა.",57,1424,False
ganm_10467,ფრეწდის,ფხრეწდა.,57,1424,False
ganm_10468,გაცუდდა,გაუქმდა. აქ: უსარგებლო აღმოჩნდა.,57,1424,False
ganm_10469,ქაფი,მხარ-იღლიის დასაცავი ჯაჭვი.,57,1424,False
ganm_10470,სამგნითვე,სამივე მხრიდან.,57,1424,False
ganm_10471,შესჯარნეს,"აქ: მიეჯარნენ, მოიმწყვდიეს.",57,1424,False
ganm_10472,ჭირი არ ნახეს კაფისა,არ გაუჭირდათ (მტრების) აკაფვა.,57,1424,True
ganm_10474,სიხარკე,სიჩქარე.,57,1424,False
ganm_10477,ერთგან,ერთად.,57,1425,False
ganm_10478,შეიყარნეს,"შეიყარნენ, ერთმანეთს შეჰხვდნენ.",57,1425,False
ganm_10479,სრულად,სულ.,57,1425,False
ganm_10480,აეწყვიდნეს,ამოეწყვიტათ.,57,1425,False
ganm_10481,უყივლეს,"დაუყვირეს, დაუძახეს (ერთმანეთს).",57,1425,False
ganm_10482,გაეხარნეს,გაუხარდათ.,57,1425,False
ganm_10483,მისად ჭვრეტად თვალნი არნეს,"მის სანახავად თვალი აქეთ-იქით მოატარეს, თვალით მოძებნეს.",57,1425,True
ganm_10484,არა,არაფერი.,57,1426,False
ganm_10485,ვერა,ვერაფერი.,57,1426,False
ganm_10486,ცნეს,"გაიგეს, შეიტყეს.",57,1426,False
ganm_10487,ჰქონდა,ჰქონდათ.,57,1426,False
ganm_10488,მუნ,იქ.,57,1426,False
ganm_10489,ნობათი,აქ: გუშაგი.,57,1426,False
ganm_10490,ვითა,როგორც.,57,1427,False
ganm_10491,თავით ფერხამდის,თავიდან ფეხებამდე.,57,1427,True
ganm_10492,მუნ,იქ.,57,1427,False
ganm_10493,განხმულნი,გაღებულნი.,57,1427,False
ganm_10494,სრეული,"გადასროლილი, გატყორცნილი.",57,1427,False
ganm_10495,ნაქმრად,"საქმედ, ნაღვაწად.",57,1427,False
ganm_10496,დაჰხვდეს,"დაჰხვდნენ. შეკაფულნი. იგულისხმება: დაცლილნი მტრებისგან, რომელნიც ტარიელმა აკაფა.",57,1428,False
ganm_10497,შევიდეს,შევიდნენ.,57,1428,False
ganm_10498,გაძვრეს,გაძვრნენ.,57,1428,False
ganm_10499,ხვრელსა,გვირაბში.,57,1428,False
ganm_10500,შესაყრელად,შესახვედრად.,57,1428,False
ganm_10503,ეხვეოდეს,ეხვეოდნენ.,57,1429,False
ganm_10510,არნეს,"ატაროს. აქ: გამოასხივებს. ტაეპის აზრია: ვარდს მზე რომ მიადგება, ბრწყინვალება მოემატება.",57,1429,False
ganm_10504,ჰგვანდეს,ჰგავდნენ.,57,1429,False
ganm_10505,მუშთარ,იუპიტერი.,57,1429,False
ganm_10506,ზუალ,სატურნი.,57,1429,False
ganm_10507,შეიყ არნეს,"შეიყარნენ, ერთმანეთს შეჰხვდნენ.",57,1429,True
ganm_10510,არნეს,"ატაროს. აქ: გამოასხივებს. ტაეპის აზრია: ვარდს მზე რომ მიადგება, ბრწყინვალება მოემატება.",57,1429,False
ganm_10509,დაშვენდეს,დამშვენდება.,57,1429,False
ganm_10510,არნეს,"ატაროს. აქ: გამოასხივებს. ტაეპის აზრია: ვარდს მზე რომ მიადგება, ბრწყინვალება მოემატება.",57,1429,False
ganm_10510,არნეს,"ატაროს. აქ: გამოასხივებს. ტაეპის აზრია: ვარდს მზე რომ მიადგება, ბრწყინვალება მოემატება.",57,1429,False
ganm_10513,ბაგეთათ,ბაგეებიდან. ტაეპის აზრია: ვარდივით წითელი ბაგეები ერთმანეთს შეეწებნენ.,57,1430,False
ganm_10514,აწ,ახლა.,57,1430,False
ganm_10516,გავიდეს,გავიდნენ.,57,1430,False
ganm_10517,შეკრბეს,შეიკრიბნენ.,57,1430,False
ganm_10518,მას მზესა,იმ მზეს (ნესტანს).,57,1430,True
ganm_10519,წადგეს,წადგნენ.,57,1430,False
ganm_10520,მზე,(ნესტანი).,57,1431,False
ganm_10521,ცნობითა წყნარითა,"გონებადაწყნარებულმა, მშვიდმა.",57,1431,True
ganm_10522,ორნივე,(ავთანდილი და ფრიდონი).,57,1431,False
ganm_10523,ერთგან,ერთად.,57,1431,False
ganm_10524,უბნობდეს,ლაპარაკობდნენ.,57,1431,False
ganm_10525,ამო,"საამო, მშვიდი.",57,1431,False
ganm_10526,უსალამეს,მიესალმნენ.,57,1432,False
ganm_10527,მას ალვისა მორჩსა ვით ხეს,"მას, ალვის მორჩის, ალვის შტოს მსგავსს. ალვა წერწეტი ტანის აღმნიშვნელი მეტაფორაა.",57,1432,True
ganm_10528,არა სჭირდა,დაჭრილნი არ იყვნენ.,57,1432,True
ganm_10529,გაითხეს,"გაითხელეს. აზრია: არ ინანეს, რომ თხელი აბჯარი არ ჩაიცვეს.",57,1432,False
ganm_10530,მბრძოლი,"შემბრძოლებელი, მოწინააღმდეგე.",57,1432,False
ganm_10531,"იშვლეს, ითხეს",შვლად და თხად გაიხადეს.,57,1432,True
ganm_10532,შეჰყოლოდა,შეჰყოლოდათ.,57,1433,False
ganm_10533,უმძიმს სპათა მისთა,"ემძიმება, აწუხებს თავისი მეომრების ბედი.",57,1433,True
ganm_10534,მაგრა,მაგრამ.,57,1433,False
ganm_10535,ერთ-კერძ,ერთის მხრივ.,57,1433,False
ganm_10537,დაჰრჩომოდა,"დაჰრჩენოდათ, გადაჰრჩენოდათ.",57,1433,False
ganm_10538,რომე,რომ.,57,1433,False
ganm_10539,საჭურჭლენი,სიმდიდრე.,57,1433,False
ganm_10540,აწმცა თვალვით ვით ითქმოდა,ახლა იმათი რიცხვი როგორ ითქმის!,57,1433,True
ganm_10541,რაცა ვით,"აქ: რაც კი, რაც როგორმე...",57,1434,True
ganm_10542,მზე,(ნესტანი).,57,1434,False
ganm_10543,კუბო,ტახტრევანი.,57,1434,False
ganm_10544,განაკრძალები,"ფრთხილად შენახული, ნაპატრონები.",57,1434,False
ganm_10545,დააგდეს,დატოვეს.,57,1435,False
ganm_10546,მათიღა წაგვრა ძნელია,მათთვის (ნესტანის) წართმევა ახლა ძნელია! შესაძლოა ასეთი გაგებაც: მათიღა ნესტანის: მრავლ. რიცხვი პატივისცემას გამოხატავს (ალ. ჭინჭარაული).,57,1435,True
ganm_10547,მუქაფა,"ნაცვალი, სამაგიერო.",57,1435,False
ganm_10548,გვაც,გვადევს (იგულისხმება: ვალად).,57,1435,False
ganm_10549,მოვალ,მოვდივარ.,58,1436,False
ganm_10550,მძლე,"მძლევი, დამმარცხებელი.",58,1436,False
ganm_10552,ქაჯეთით,ქაჯეთიდან.,58,1436,False
ganm_10553,გნახნე,გნახოთ.,58,1436,False
ganm_10554,ვითა,როგორც.,58,1436,False
ganm_10555,აწ,ახლა.,58,1437,False
ganm_10556,დანადები,"იგულისხმება: საუნჯე, შენახული სიმდიდრე.",58,1437,False
ganm_10557,ყველაი,ყოველივე.,58,1437,False
ganm_10558,თქვენგან,თქვენი გამოისობით.,58,1437,False
ganm_10559,წამკიდებია,"შემხვედრია, მომსვლია, წილად მრგებია.",58,1437,False
ganm_10560,მუქფად,"სანაცვლოდ, სამაგიეროდ.",58,1437,False
ganm_10561,ცუდი,"უსარგებლო, ტყუილ–უბრალო.",58,1437,False
ganm_10562,გავიარდე,გავივლიდე.,58,1438,False
ganm_10563,ვ ირე,ვიდრე.,58,1438,True
ganm_10566,ირე,იარე.,58,1438,False
ganm_10564,სრულად,მთლად.,58,1438,False
ganm_10566,ირე,იარე.,58,1438,False
ganm_10565,შეაყენენ,"იგულისხმება: მცველად, მეციხოვნედ დააყენე.",58,1438,False
ganm_10566,ირე,იარე.,58,1438,False
ganm_10566,ირე,იარე.,58,1438,False
ganm_10567,მისგან კიდე,მის გარდა.,58,1439,True
ganm_10568,სხვადღა,"სხვა მხრივ, კიდევ.",58,1439,False
ganm_10570,ვინ,ვინც.,58,1439,False
ganm_10571,მზესაცა უნათლეა,მზეზედაც უფრო ნათელია.,58,1439,True
ganm_10573,გაჰკრთების,შეუშინდება. აქ: აუღელდება.,58,1440,False
ganm_10574,მისცა მადლი და დიდება,მადლობა შესწირა და ადიდა.,58,1440,True
ganm_10577,შეჯდა,ამხედრდა.,58,1440,False
ganm_10578,გააგო,"გადაწყვიტა, ბრძანა.",58,1441,False
ganm_10579,რიცხვი,"აქ: დიდი რიცხვი, სიმრავლე.",58,1441,False
ganm_10580,ტურფათა,საიუველირო ნივთთა.,58,1441,False
ganm_10581,სიდიადე,სიმრავლე.,58,1441,False
ganm_10582,სათი,"გიშერი. როგორც ჩანს, ნახსენებია როგორც იაფი რამ იმ “ტურფებთან” შედარებით, რაც ზღვათა მეფეს ტარიელთან მიაქვს.",58,1441,False
ganm_10584,მზისა,(ნესტანის).,58,1441,False
ganm_10585,ხმელთა,(მთელი) ხმელეთის.,58,1441,False
ganm_10586,გაეგებნეს,გაეგებნენ.,58,1442,False
ganm_10587,გარდახდეს,ჩამოქვეითდნენ.,58,1442,False
ganm_10588,გა-რე-სწყდეს,"მოსწყდნენ. იგულისხმება: გამოეყვნენ, წინ გაუსწრეს.",58,1442,False
ganm_10589,სპა,"აქ: მეომარი, ჯარისკაცი.",58,1442,False
ganm_10590,მადლი,მადლობა.,58,1442,False
ganm_10591,რა,რომ.,58,1442,False
ganm_10592,სტრფიალობს,"ეტრფიალება. იგულისხმება: მოსწონს, შეჰხარის (მეფე ნესტანს).",58,1442,False
ganm_10594,იტყვის,ამბობს.,58,1443,False
ganm_10595,ვცან,"შევიტყე, გავიგე. აქ: დავინახე.",58,1443,False
ganm_10596,მისი გრძელი,"მასზე გრძელი. იგულისხმება: ხანგრძლივი, გამძლე, მდგრადი.",58,1443,True
ganm_10597,იტყვის,ამბობს.,58,1444,False
ganm_10598,გა-ცა-მწკრალი,"გაბზარული. მეტაფორის აზრია: დამწუხრებული, ნატკენი, შეურვებული. ნაწილაკი “ცა” ჩართულია ზმნასა და ზმნისწინს შორის.",58,1444,False
ganm_10599,აწ,ახლა.,58,1444,False
ganm_10600,წინას,წინათ.,58,1444,False
ganm_10601,ვითა,"როგორც. გავსებული, მცხრალი მთვარის სხვადასხვა ფაზების აღმნიშვნელი ტერმინებია. აქ პირველი მეტაფორულად აღნიშნავს “გახარებულს”, მეორე - “მგლოვიარეს”, “მწუხარეს”.",58,1444,False
ganm_10602,მით,ამიტომ.,58,1444,False
ganm_10603,ვჩან,ვჩანვარ. აქ: ვარ.,58,1444,False
ganm_10604,გარდაიხდის,იხდის.,58,1445,False
ganm_10605,მუნ,იქ.,58,1445,False
ganm_10606,საჭურჭლე,სიმდიდრე.,58,1445,False
ganm_10607,ანაკიდსა,"ბევრს, საპალნედ ასაკიდს.",58,1445,False
ganm_10609,ზედა სცვეთენ,ზედ დადიან.,58,1445,True
ganm_10610,ვითა,როგორც.,58,1445,False
ganm_10611,მუნ,იქ.,58,1446,False
ganm_10612,იდვის,იდო.,58,1446,False
ganm_10613,გორი,გორა.,58,1446,False
ganm_10614,ლარისა,მდიდრული საქონლისა.,58,1446,False
ganm_10615,მრთელისა,მთლიანის.,58,1446,False
ganm_10616,ხასისა,"აქ: გამორჩეულის, მაღალხარისხოვანის.",58,1446,False
ganm_10617,კვლა,კიდევ.,58,1446,False
ganm_10618,ყაბაჩა,მოკლე ქათიბი.,58,1447,False
ganm_10619,ბალახში,რჩეული ლალი.,58,1447,False
ganm_10620,დასხდეს,დასხდნენ.,58,1447,False
ganm_10621,ქალ-ყმანი,(ნესტანი და ტარიელი).,58,1447,False
ganm_10622,ელვა-მკრთალითა,სხივთა მკრთომელით.,58,1447,False
ganm_10623,მჭვრეტელნი,შემხედველნი.,58,1447,False
ganm_10624,დაიწვნეს,დაიწვნენ.,58,1447,False
ganm_10625,უსაზომო,უზომო.,58,1448,False
ganm_10626,უკეთესი,საუკეთესო.,58,1448,False
ganm_10627,კაბა,ჩასაცმელია (კაცის).,58,1448,False
ganm_10628,უცხო ფერთა,"იშვიათთა, მრავალფერთა.",58,1448,True
ganm_10630,დავლა,"ბედნიერება, ქვეყნიური სიკეთე.",58,1448,False
ganm_10632,მადლსა,მადლობას.,58,1449,False
ganm_10633,პირველ,აქ: ჯერ ერთი.,58,1449,False
ganm_10635,ქველო,"ძლიერო, გულადო, ყოჩაღო.",58,1450,False
ganm_10636,მოახლეთა,ახლოს მყოფთა.,58,1450,False
ganm_10637,ვერა-მჭვრეტთა,ვერმხედველთა.,58,1450,False
ganm_10638,შორით,შორიდან.,58,1450,False
ganm_10639,მსგავსი,შესაფერი.,58,1450,False
ganm_10640,რამცა მეძღვნა,რა მომერთმია? რას გიძღვნიდით?,58,1450,True
ganm_10641,რა მოგშორდე,რომ მოგშორდები.,58,1450,True
ganm_10642,რა მერგების,რა მეშველება?,58,1450,True
ganm_10643,მიდია,დად მიმიჩნევია.,58,1451,False
ganm_10644,გული,"აქ: გულთბილობა, სიყვარული.",58,1451,False
ganm_10645,აწ,ახლა.,58,1451,False
ganm_10646,საჭურჭლე,"სიმდიდრე: ოქრო–ვერცხლი, თვალმარგალიტი და სხვ.",58,1451,False
ganm_10647,ქაჯეთით ამიკიდია,ქაჯეთიდან წამომიღია აკიდებული.,58,1451,True
ganm_10648,მომიცემია,მომიცია.,58,1451,False
ganm_10649,თაყვანის-სცა,"მდაბლად თავი დაუკრა, მიწამდე მოიხარა.",58,1452,False
ganm_10650,ჰკადრებს,ეუბნება.,58,1452,False
ganm_10651,მადლსა,მადლობას.,58,1452,False
ganm_10652,მეტის-მეტსა,დიდს.,58,1452,False
ganm_10653,დაუშრეტსა,ჩაუქრობელს.,58,1452,False
ganm_10654,რა მოგშორდე,რომ მოგშორდები.,58,1452,True
ganm_10655,დამაგდებ,მტოვებ.,58,1452,False
ganm_10656,ნეტარძი მოახლეთა,ნეტავი (შენს) ახლოს მყოფებს.,58,1452,True
ganm_10657,ვაგლახ,ვაი.,58,1452,False
ganm_10659,ეტყვიან,ეუბნებიან.,58,1453,False
ganm_10660,მაფენი,მფენელნი (იგულისხმება: ნესტანი და ტარიელი).,58,1453,False
ganm_10661,გვინდან,გვინდა.,58,1453,False
ganm_10662,ნიშატნი,სიხარულნი.,58,1453,False
ganm_10663,საჩანგ-დაფენი,ჩანგისა და დაფის (დაირის) დასაკრავნი.,58,1453,False
ganm_10664,მაგრა,მაგრამ.,58,1453,False
ganm_10665,გაგვიშვენ,გაგვიშვი!,58,1453,False
ganm_10666,ვართ მოსწრაფენი,ვჩქარობთ.,58,1453,True
ganm_10667,საესავი,საიმედო.,58,1454,False
ganm_10668,მაგრა,მაგრამ.,58,1454,False
ganm_10669,ვიაჯით,გთხოვთ.,58,1454,False
ganm_10670,თქვენდა,თქვენთვის.,58,1454,False
ganm_10671,ისწრაფით,ჩქარობთ.,58,1454,False
ganm_10672,გკადრო,"გითხრათ, მოგახსენოთ.",58,1454,False
ganm_10673,წა,წადი! ან: წადით!,58,1454,False
ganm_10674,გიწინამძღვრდეს,გიწინამძღვრდეთ.,58,1454,False
ganm_10675,მოკაზმა,"გაამზადა, აღჭურვა.",58,1455,False
ganm_10676,ღვრიდეს,ღვრიდნენ.,58,1455,False
ganm_10677,იცემდეს,იცემდნენ.,58,1455,False
ganm_10678,იგლეჯდეს,იგლეჯდნენ.,58,1455,False
ganm_10679,გაიყრიდეს,ყრიდნენ.,58,1455,False
ganm_10680,გამოვლნეს,გამოიარეს.,58,1456,False
ganm_10681,ერთგან,ერთად.,58,1456,False
ganm_10682,ამტკიცებდეს,აქ: იმეორებდნენ.,58,1456,False
ganm_10683,მათ პირველ დანამტკიცართა,იმ თავიდანვე გადაწყვეტილს. ტაეპის აზრია: ძმობის ფიცი კვლავ განაახლეს.,58,1456,True
ganm_10685,მისთა არ-უიცართა,"(მღერა-სიცილის) მცოდნეებს, ჩვეულებს.",58,1456,True
ganm_10686,ბაგეთათ,ბაგეებიდან.,58,1456,False
ganm_10687,შეადგის,ადგებოდა. ბროლისა ფიცართა თეთრი პირისახის აღმნიშვნელი მეტაფორაა.,58,1456,False
ganm_10688,მუნით,იქიდან.,58,1457,False
ganm_10689,კვლა,აქ: აგრეთვე.,58,1457,False
ganm_10690,თავადთასა,მხედარმთავრებთან.,58,1457,False
ganm_10691,ნაომართა,აქ: ომის ამბავთა.,58,1457,False
ganm_10692,მოვა,მოდის.,58,1457,False
ganm_10693,მოიმაღლებს,"მოდის ამაღლებული, ძლევამოსილი.",58,1457,False
ganm_10694,მზე,ლაპარაკია ტარიელზე.,58,1457,False
ganm_10695,გავხედით,"გავხდით. დაზრობა გაუბედურების, მწუხარების აღმნიშვნელი მეტაფორაა.",58,1457,False
ganm_10696,იგი მზე,(ნესტანი).,58,1458,True
ganm_10697,კუბოსა,ტახტრევანში.,58,1458,False
ganm_10698,მიყმაწვილობდეს,მიდიოდნენ ხუმრობა-სიცილით.,58,1458,False
ganm_10699,უხარის,უხარიათ.,58,1458,False
ganm_10700,გარდახდომა,"გადასვლა, მოშორება.",58,1458,False
ganm_10701,მივიდეს,მივიდნენ.,58,1458,False
ganm_10702,სადა,სადაც.,58,1458,False
ganm_10703,მოეგებნიან,ეგებებოდნენ. აქ: მოეგებნენ.,58,1458,False
ganm_10704,მუნ,იქ.,58,1459,False
ganm_10705,ყოველი,ყველა.,58,1459,False
ganm_10708,ყოველი,ყოველივე.,58,1459,False
ganm_10706,ვის,ვისაც. წყლულები სულიერი ტკივილის აღმნიშვნელი მეტაფორაა.,58,1459,False
ganm_10707,გაუსრულა,"შეუსრულა, დააგვირგვინა.",58,1459,False
ganm_10705,ყოველი,ყველა.,58,1459,False
ganm_10708,ყოველი,ყოველივე.,58,1459,False
ganm_10709,ვაგლახ,ვაი.,58,1460,False
ganm_10710,ვცან,"გავიგე, მივხვდი, დავინახე.",58,1460,False
ganm_10712,გულსა,"აქ: გულთბილობას, თანაგრძნობას, სიყვარულს.",58,1460,False
ganm_10713,ვარდნი ვნახენ არ-დაზრულნი,"მეტაფორა შეიძლება ორგვარად გავიგოთ: 1. ნესტანის შვენება არ დაჭკნა, 2. ნესტანი ცოცხალია.",58,1461,True
ganm_10714,ბოლოდ,ბოლოს.,58,1461,False
ganm_10715,ასრე,ასე.,58,1461,False
ganm_10716,გააცხადნა გონებამან დაფარულნი,"აზრი შემდეგია: ღმერთმა ცხადი გახადა ქვეყნიურ მოვლენათა საფუძველი, რომელიც თვალთაგან დაფარულია",58,1461,True
ganm_10718,მიჩს,"მიმაჩნია, მეჩვენება.",58,1461,False
ganm_10719,ოდეს,როცა. აქ: რაკიღა.,58,1461,False
ganm_10720,გნახენ,გნახეთ.,58,1461,False
ganm_10721,დიდებულთა,დიდებულებმა.,58,1462,False
ganm_10722,თაყვანის-სცეს,"მდაბლად მიესალმნენ, მიწამდე თავი დახარეს.",58,1462,False
ganm_10723,რომე,რომ.,58,1462,False
ganm_10724,ღმრთება,"ღმრთეება, ღვთაებრიობა.",58,1462,False
ganm_10726,ძალ-უც,შეუძლია. წ,58,1462,False
ganm_10728,მოვიდეს,მოვიდნენ.,58,1463,False
ganm_10729,მეფე,(ტარიელი).,58,1463,False
ganm_10730,ეტყვის,ეუბნება.,58,1463,False
ganm_10731,იგი შვება,გახარება. აქ: ცხონება.,58,1463,True
ganm_10732,საუკუნოს,აქ: საიქიოს.,58,1463,False
ganm_10733,იოცნეს,"სიზმრად ნახეს, ეჩვენათ.",58,1463,False
ganm_10734,ერთსა,იგულისხმება: ღმერთს.,58,1463,False
ganm_10735,მიჰხვდეს საზიაროდ,ეზიარნენ.,58,1463,True
ganm_10736,იასოცნეს,"გაიასოცეს, უხვად მოიმკეს.",58,1463,False
ganm_10737,თუცა,თუმცა.,58,1464,False
ganm_10738,მტკივის,მტკივა.,58,1464,False
ganm_10739,მაგრა,მაგრამ.,58,1464,False
ganm_10740,მიჰხვდა,"შეჰხვდათ, ერგოთ.",58,1464,False
ganm_10741,მუნ,იქ.,58,1464,False
ganm_10742,სანუკვარი,"საოცნებო, სანატრელი. იგულისხმება: ცხონება, საუკუნო ცხოვრება.",58,1464,False
ganm_10743,ესე,ეს.,58,1464,False
ganm_10744,წვიმა თოვლსა არია,მეტაფორის აზრია: მწარე ცრემლი ღვარა.,58,1464,True
ganm_10746,ბორიო,ჩრდილოეთის ქარი.,58,1464,False
ganm_10748,მუნ,იქ.,58,1465,False
ganm_10750,ატირდეს,ატირდნენ.,58,1465,False
ganm_10751,ყველაკანი,ყველანი.,58,1465,False
ganm_10752,რა ტირილად იგი ნ ახეს,(ტარიელი) მტირალი რომ ნახეს.,58,1465,True
ganm_10755,ახეს,“ახ”–ის ძახილით იგლოვეს.,58,1465,False
ganm_10753,რაცა,აქ: ვინც.,58,1465,False
ganm_10754,სულთქმით,ოხვრით.,58,1465,False
ganm_10755,ახეს,“ახ”–ის ძახილით იგლოვეს.,58,1465,False
ganm_10756,დადუმდეს,დადუმდნენ.,58,1465,False
ganm_10755,ახეს,“ახ”–ის ძახილით იგლოვეს.,58,1465,False
ganm_10758,მჭვრეტთა,შემხედველებს.,58,1465,False
ganm_10759,ჰმართებს,"ეკუთვნის, შეეფერებათ.",58,1465,False
ganm_10755,ახეს,“ახ”–ის ძახილით იგლოვეს.,58,1465,False
ganm_10762,შეჭირვება,მწუხარება.,58,1466,False
ganm_10763,დია,ბევრად.,58,1466,False
ganm_10764,რებასა,სიარულს.,58,1466,False
ganm_10765,კვლა,აქ: შემდეგ.,58,1466,False
ganm_10766,ჰკადრა,მოახსენა.,58,1466,False
ganm_10768,ნურათ,ნურაფრით.,58,1466,False
ganm_10764,რებასა,სიარულს.,58,1466,False
ganm_10769,მუქფად,"ნაცვლად, სამაგიეროდ.",58,1466,False
ganm_10764,რებასა,სიარულს.,58,1466,False
ganm_10771,მიუმტკივნა,მიუსამძიმრა.,58,1467,False
ganm_10772,ეტყვის,ეუბნება.,58,1467,False
ganm_10773,მათ,(ფრიდონმა და მისმა ქვეშევრდომებმა).,58,1467,False
ganm_10774,მიჰხვდა,"შეჰხვდა, შეუერთდა.",58,1467,False
ganm_10775,წახდომილსა,წასულს; აქ: დაკარგულს.,58,1467,False
ganm_10776,მივიდეს,მივიდნენ.,58,1468,False
ganm_10777,სადა,სადაც.,58,1468,False
ganm_10782,ზარი,სადღესასწაულო ხმაური.,58,1468,False
ganm_10778,სცემდეს,აქ: უკრავდნენ.,58,1468,False
ganm_10781,გახდა,"შეიქნა, გაისმა.",58,1468,False
ganm_10782,ზარი,სადღესასწაულო ხმაური.,58,1468,False
ganm_10783,დაბდაბი,დოლი.,58,1468,False
ganm_10784,ქოსი,სპილენძის დასარტყმელი საკრავი.,58,1468,False
ganm_10782,ზარი,სადღესასწაულო ხმაური.,58,1468,False
ganm_10786,მოატყდეს,მოაწყდნენ.,58,1468,False
ganm_10787,დააგდეს,დატოვეს.,58,1468,False
ganm_10788,მუნ,იქ.,58,1468,False
ganm_10782,ზარი,სადღესასწაულო ხმაური.,58,1468,False
ganm_10789,შუკათათ,"შუკებიდან, ქუჩაბანდებიდან.",58,1469,False
ganm_10790,მოდგეს,"მოდგნენ, მოვიდნენ.",58,1469,False
ganm_10791,ყოვლგნით,ყოველი მხრიდან.,58,1469,False
ganm_10792,უარებდეს,უვლიდნენ.,58,1469,False
ganm_10793,სარანგნი,"ქალაქში წესრიგის დამცველნი, “პოლიცია”.",58,1469,False
ganm_10794,მოიჯრებოდეს,"მოსვლას ლამობდნენ, ბრბოდ იდგნენ.",58,1469,False
ganm_10795,ჯალაბნი,"აქ: ქალები, ბავშვები, წვრილფეხობა.",58,1469,False
ganm_10796,დამსაჯარი,გამაწვალებელი.,58,1469,False
ganm_10798,გარდახდეს,ჩამოხდნენ.,58,1470,False
ganm_10799,სრა,სასახლე.,58,1470,False
ganm_10800,ოქსინო,ძვირფასი ქსოვილია.,58,1470,False
ganm_10801,აყრიდეს,აყრიდნენ.,58,1470,False
ganm_10802,ჯარი,აქ: ბრბო.,58,1470,False
ganm_10803,მუნ,იქ.,58,1470,False
ganm_10804,ნარონები,მოსიარულე.,58,1470,False
ganm_10805,მათ ქალ-ყმათათვის,იმ ქალისა და მოყმისთვის.,59,1471,True
ganm_10806,ძოწეული,წითელი.,59,1471,False
ganm_10807,კეკლუცად,ლამაზად.,59,1471,False
ganm_10808,ერთგან,ერთად.,59,1471,False
ganm_10809,მოვიდეს,მოვიდნენ.,59,1471,False
ganm_10810,დასხდეს,დასხდნენ.,59,1471,False
ganm_10812,მოდგეს,"მოდგნენ, მოვიდნენ.",59,1472,False
ganm_10813,ქმნეს,გამართეს.,59,1472,False
ganm_10814,ლარი,"ძვირფასი საქონელი, ქსოვილები და სხვ.",59,1472,False
ganm_10815,ლბილი,რბილი.,59,1472,False
ganm_10817,წბილი,"უღირსი, შერცხვენილი.",59,1472,False
ganm_10818,მოიღეს,მოიტანეს.,59,1473,False
ganm_10819,უსახო,"შეუდარებელი, სწორუპოვარი.",59,1473,False
ganm_10820,ალქატი,"ღატაკი, უპოვარი.",59,1473,False
ganm_10822,ძალ-ედვის,შეეძლო.,59,1473,False
ganm_10823,ხატისა,სურათის.,59,1473,False
ganm_10824,კვლა,კიდევ.,59,1474,False
ganm_10825,ფარღული,"მძივი, ყელსაბამი.",59,1474,False
ganm_10826,გარდასაყრელი,"აქ: ჩამოსაბმელი, ჩამოსაცმელი.",59,1474,False
ganm_10827,მრთელისა,მთლიანისა.,59,1474,False
ganm_10824,კვლა,კიდევ.,59,1474,False
ganm_10828,ტაბაკი,ხონჩა.,59,1474,False
ganm_10829,მძლედ,"აქ: ძლივს, გაჭირვებით.",59,1474,False
ganm_10830,საჭირავი,დასაჭერი.,59,1474,False
ganm_10831,ავთანდილისთვის ლომისა,ლომი ავთანდილისთვის.,59,1474,True
ganm_10832,ქველი,"მამაცი, ძლიერი, კარგი მეომარი.",59,1474,False
ganm_10833,ყველაი,ყოველივე.,59,1475,False
ganm_10834,წბილითა,"მომცდარით, არაგულწრფელით, არა¬დამაჯერებელით.",59,1475,False
ganm_10836,ლბილი,რბილი.,59,1475,False
ganm_10837,ტარიელ,ტარიელმა.,59,1475,False
ganm_10838,მადლი,მადლობა.,59,1475,False
ganm_10839,ყოვლთა დღეთა,ყოველ დღე.,59,1476,True
ganm_10840,მიართმიდის,მიართმევდა ხოლმე.,59,1476,False
ganm_10841,უფასოსა,ფასდაუდებელს.,59,1476,False
ganm_10842,მზასა,"გაწყობილს, გამზადებულს.",59,1476,False
ganm_10843,გასწყვედდის,წყვეტდა. ჩაღანა სიმებიანი საკრავია.,59,1476,False
ganm_10844,მიჰხვდეს,"შეჰხვდნენ, ეღირსნენ, ეწივნენ.",59,1476,False
ganm_10845,ყმა,"მოყმე, რაინდი.",59,1476,False
ganm_10845,ყმა,"მოყმე, რაინდი.",59,1476,False
ganm_10847,სიტყვები გულისა,აქ: გულითადი სიტყვები.,59,1477,True
ganm_10848,უფროსი,უმეტესი.,59,1477,False
ganm_10849,სრულისა,აქ: ნამდვილისა. ტაეპის აზრია: თქვენმა გულმა მე ღვიძლ ძმაზე უკეთესად მიმიღო.,59,1477,False
ganm_10850,არ გემუქფების,სანაცვლოს გადასახდელად არ გეყოფა (ჩემი სიცოცხლე).,59,1477,True
ganm_10851,თქვენგან,"თქვენი წყალობით, თქვენი გამოისობით.",59,1477,False
ganm_10852,აწ,ახლა.,59,1478,False
ganm_10855,დამივსო,ჩამიქრო.,59,1478,False
ganm_10856,სახმილი,"ალი, ცეცხლი. იგულისხმება: ტანჯვისა.",59,1478,False
ganm_10857,კმა,"კმარა. ტაეპის აზრია: ჩემი ცეცხლივით მისი ცეცხლიც უნდა ჩაქრეს, ახლა მე მას უნდა მივეხმარო.",59,1478,False
ganm_10858,ჭირ-ნახულსა,"აქ: დახმარებას, (ჩემთვის) გამოვლილ ტანჯვას.",59,1479,False
ganm_10859,ზეცით,ზეციდან.,59,1479,False
ganm_10860,შესახულსა,"აქ: გადაწყვეტილს, განკუთვნებულს.",59,1479,False
ganm_10861,გაზრახულსა,"(ჩემგან) გაზრახულს, მოფიქრებულს.",59,1479,False
ganm_10864,ანუ,ან.,59,1480,False
ganm_10865,რათ,რით.,59,1480,False
ganm_10867,მარები,"მატარებელი, წამყვანი, მეგზური.",59,1480,False
ganm_10866,ვარჩევ,"აქ: გირჩევთ, გთავაზობთ.",59,1480,False
ganm_10867,მარები,"მატარებელი, წამყვანი, მეგზური.",59,1480,False
ganm_10869,გავმართოთ,აქ: მოვაგვაროთ.,59,1480,False
ganm_10867,მარები,"მატარებელი, წამყვანი, მეგზური.",59,1480,False
ganm_10867,მარები,"მატარებელი, წამყვანი, მეგზური.",59,1480,False
ganm_10870,ტარიას,ტარიელს.,59,1481,False
ganm_10871,გაეცინნეს,"გაეცინა. შესაძლოა მრავლობითსუბიექტიანი ფორმა “გაეცინნეს” აქ და სხვაგან ტექსტში გავიგოთ როგორც ოდნავ ირონიული გაცინების გამომხატველი, როგორც ეს დღეს ხევსურულ დიალექტშია (ალ. ჭინჭარაული).",59,1481,False
ganm_10872,წყლულობა,"დაჭრილობა, წყლული.",59,1481,False
ganm_10873,ჰყავს,ჰყავთ.,59,1481,False
ganm_10874,მორჭმული,"ძლევამოსილი, ბედნიერი, წარმატებული.",59,1482,False
ganm_10875,საკრძალავი,"რიდის აღმძვრელი, მიუწვდომელი.",59,1482,False
ganm_10876,უკადრი,"ამპარტავანი, ამაყი, ხელშეუხებელი.",59,1482,False
ganm_10877,არვისგან ვნებით-ა,"ვერავინ დაუშავებს რასმე, ვერავინ აწყენს.",59,1482,True
ganm_10878,რა,რამე.,59,1482,False
ganm_10879,გრძნეულთა,ჯადოქრების.,59,1482,False
ganm_10881,მას ზედა,მის წინააღმდეგ. ან: მის მოსაპოვებლად.,59,1482,True
ganm_10878,რა,რამე.,59,1482,False
ganm_10878,რა,რამე.,59,1482,False
ganm_10878,რა,რამე.,59,1482,False
ganm_10885,რა,"რომ, როცა.",59,1483,False
ganm_10886,განგება,ღვთის ნება და მოვლენათა ღვთიური წინასწარგანსაზღვრულობა.,59,1483,False
ganm_10887,ზეცით,ზეციდან.,59,1483,False
ganm_10890,იწადებს,ინდომებს.,59,1483,False
ganm_10891,სახმილთა,ცეცხლთა. იგულისხმება: ტანჯვის ცეცხლთა.,59,1483,False
ganm_10892,ლხენა,"დაამება, შემსუბუქება. ა და ბ ტაეპთა აზრია: თინათინს მაშინ შევუერთდები, როცა ღვთიური განგების ნება იქნება.",59,1483,False
ganm_10893,მომხვდენ,"აქ: მომიწევს, შემხვდება.",59,1483,False
ganm_10894,ელვათა,აქ: სხივთა.,59,1483,False
ganm_10895,უმისჟამისოდ,იმ დრომდე.,59,1483,False
ganm_10896,ცუდნია,"ამაოა, უსარგებლოა.",59,1483,False
ganm_10897,მი და მო რბენანი,"აქეთ-იქით სირბილი. გადატანით: ცდა, გარჯა.",59,1483,True
ganm_10898,ჰკადრე,"უთხარ, მოახსენე.",59,1484,False
ganm_10899,თხრობილი,ნათქვამი.,59,1484,False
ganm_10900,მადლი,მადლობა.,59,1484,False
ganm_10901,ლმობილი,"ტანჯული, ტკივილიანი; აქ: შემატკივარი.",59,1484,False
ganm_10903,მუცლითგანვე დედისათ,დედის მუცლიდანვე.,59,1484,True
ganm_10904,სამონოდ,აქ: სასამსახუროდ.,59,1484,False
ganm_10905,მუნამდის,აქ: მანამდის. იგულისხმება: ვიდრე შენ ჩემთვის ასეთ მსხვერპლს გაიღებდე.,59,1484,False
ganm_10906,მიწა მყოს,დამამიწოს.,59,1484,True
ganm_10907,ვირ,ვიდრე.,59,1484,False
ganm_10908,ცნობილი,"გონიერი. ტაეპის აზრია: მანამდე ღმერთმა დამამიწოს! ეს იცოდე, სანამ გონიერ მეფედ ხარ, ე.ი. მუდამ. შესაძლოა ტაეპი ასეც გავიგოთ: სანამ შენ მეფე ხარ, მე შენი მიწა და მტვერი ვიყო (ალ. ჭინჭარაული).",59,1484,False
ganm_10909,შეყრა,"აქ: შეხვედრება, შეერთება (ავთანდილისა და თინათინის).",59,1485,False
ganm_10910,მსგავსი,შესაფერი.,59,1485,False
ganm_10911,მუნა,იქ.,59,1485,False
ganm_10912,სივრცელე,"სიფართე, სიდიდე.",59,1485,False
ganm_10914,მის განგებისა ზენისა,ზეციური განგებისა.,59,1485,True
ganm_10916,ესეა,ესაა.,59,1486,False
ganm_10917,მოსანდომარე,მოსანდომი.,59,1486,False
ganm_10918,მორჭმული,"ძლევამოსილი, წარმატებული, ბედნიერი.",59,1486,False
ganm_10919,საჯდომთა,აქ: ტახტზე.,59,1486,False
ganm_10920,მნათობი,(ნესტანი).,59,1486,False
ganm_10921,ელვათა,აქ: სხივთა.,59,1486,False
ganm_10922,მკრთომარე,აქ: მფრქვეველი.,59,1486,False
ganm_10923,მებრძოლნი,"შემბრძოლებელნი, მტერნი.",59,1486,False
ganm_10924,მოგესრნენ,გაგეწყვიტოს.,59,1486,False
ganm_10925,ჩნდეს,ჩანდეს.,59,1486,False
ganm_10926,რა გამისრულდენ,რომ შემისრულდება.,59,1487,True
ganm_10931,არა,არაფერი.,59,1487,False
ganm_10927,მომხვდენ მის მზისა ხლებანი,"წილად მხვდება, მეღირსება იმ მზის (თინათინის) ახლოს ყოფნა.",59,1487,True
ganm_10928,ოდესცა სწადდეს,როცა ენდომება.,59,1487,True
ganm_10929,დამივსნეს,ჩამიქრობს.,59,1487,False
ganm_10930,სხვად,სხვა მხრივ.,59,1487,False
ganm_10931,არა,არაფერი.,59,1487,False
ganm_10932,რასაცა,რასმე. აქ: ყოველგვარს.,59,1487,False
ganm_10933,თნება,"მაამებლობა, პირფერობა.",59,1487,False
ganm_10935,ესე,ეს.,59,1488,False
ganm_10936,ყმისანი,(ავთანდილისანი).,59,1488,False
ganm_10937,მან,(ტარიელმა).,59,1488,False
ganm_10938,ვიქმ,ვიზამ.,59,1488,False
ganm_10939,ვითა,როგორც.,59,1488,False
ganm_10937,მან,(ტარიელმა).,59,1488,False
ganm_10937,მან,(ტარიელმა).,59,1488,False
ganm_10942,სამისოდ,"მისთვის, მის (ავთანდილის) სარგოდ.",59,1488,False
ganm_10941,ნახნეს,"ნახოს, ნახავს.",59,1488,False
ganm_10943,ნათნები,"საამებლად, პირფერობით ნათქვამი.",59,1489,False
ganm_10944,ვეჭვ,"მგონი, ვფიქრობ.",59,1489,False
ganm_10945,ხოლე,აქ: მხოლოდ.,59,1489,False
ganm_10946,ესე,ეს.,59,1490,False
ganm_10947,ნურას,ნურაფერს.,59,1490,False
ganm_10948,დავშალო,"გადავიფიქრებ, ხელს ავიღებ.",59,1490,False
ganm_10949,გავათუო,სათუოდ გავხდი.,59,1490,False
ganm_10950,გავაცრუო,აქ: ტყუილად დავხარჯო.,59,1490,False
ganm_10951,ამოდ,"წყნარად, მშვიდობიანად, ტკბილად.",59,1490,False
ganm_10952,ვსთხოვო,ვთხოვ.,59,1490,False
ganm_10953,შევაგუო,გულთან მივატანინებ; (მეფის) გულს ამ საქმის სასარგებლოდ განვაწყობ (ალ. ჭინჭარაული).,59,1490,False
ganm_10954,ცუდია,"ამაოა, უსარგებლოა.",59,1491,False
ganm_10955,მას,(ავთანდილს).,59,1491,False
ganm_10956,დაუმძიმდა,"ეწყინა, გული დასწყდა.",59,1491,False
ganm_10957,ალმულობა,ალმური.,59,1491,False
ganm_10958,ხამს,"ჯერ-არს, საჭიროა, უნდა.",59,1491,False
ganm_10959,მოკრძალულობა,"მოკრძალება, სიფრთხილე.",59,1491,False
ganm_10960,მივა,მიდის.,59,1492,False
ganm_10961,ტარიას,ტარიელს.,59,1492,False
ganm_10962,აკოცებს,ჰკოცნის.,59,1492,False
ganm_10963,შეჰხედავს,უყურებს.,59,1492,False
ganm_10964,ეტყვის,ეუბნება.,59,1492,False
ganm_10965,შევსცოდე,"დავუშავე, მის წინაშე ბრალად დავიდე.",59,1492,False
ganm_10966,მიქმ,"გამხდი, მაქცევ.",59,1492,False
ganm_10967,და-ცა-მლეწელად,. ნაწილაკი “ცა” ჩართულია ზმნასა და ზმნისწინს შორის.,59,1492,False
ganm_10968,ჰლამი,"ლამობ, ცდილობ.",59,1493,False
ganm_10972,ვით,როგორ.,59,1493,False
ganm_10969,ვჰკადრო,"გავუბედო, შევბედო.",59,1493,False
ganm_10970,სამუხთალი,მუხთლური.,59,1493,False
ganm_10972,ვით,როგორ.,59,1493,False
ganm_10971,ვინ,ვინც.,59,1493,False
ganm_10972,ვით,როგორ.,59,1493,False
ganm_10973,მონა,"აქ: ყმა, ვასალი.",59,1493,False
ganm_10974,გაგულისდეს,"გაბრაზდეს, გული მოუვიდეს.",59,1494,False
ganm_10975,კუშტი,"მკაცრი, უკარებელი.",59,1494,False
ganm_10976,შეაურვებს,დაამწუხრებს.,59,1494,False
ganm_10977,ჭვრეტისათვის მომასურვებს,თავის ნახვას სანატრელად გამიხდის.,59,1494,True
ganm_10978,შენდობასა,პატიებას.,59,1494,False
ganm_10979,დამიურვებს,"მომიხერხებს, გამომითხოვს (თინათინისგან).",59,1494,False
ganm_10981,კარგი ყველაი,ყველაფერი კარგი.,59,1495,True
ganm_10982,მომართებამან,აქ: მოხმარებამ.,59,1495,False
ganm_10983,მაგრა,მაგრამ.,59,1495,False
ganm_10984,გალხინოს,"აქ: გიშველოს, მდგომარეობა შეგიმსუბუქოს.",59,1495,False
ganm_10985,დია,ძალიან.,59,1496,False
ganm_10996,დია,"აქ: გაცილებით, დიაღაც.",59,1496,False
ganm_10986,მეტი,ზედმეტი.,59,1496,False
ganm_10987,მოყვრისა,აქ: სატრფოსი.,59,1496,False
ganm_10988,რიდობა,რიდი.,59,1496,False
ganm_10989,კუშტობა,"მკაცრობა, უკარებლობა.",59,1496,False
ganm_10990,სულ-მძიმობა,"ჩაკეტილობა, უღიმღამობა, აუყოლობა.",59,1496,False
ganm_10991,დიდობა,"ამპარტავნობა, მედიდურობა.",59,1496,False
ganm_10993,თვარა,თორემ.,59,1496,False
ganm_10994,ჩემდა,ჩემთვის.,59,1496,False
ganm_10995,მისდა,მისთვის.,59,1496,False
ganm_10985,დია,ძალიან.,59,1496,False
ganm_10996,დია,"აქ: გაცილებით, დიაღაც.",59,1496,False
ganm_10997,კიდის-კიდობა,ცალ-ცალკე ყოფნა.,59,1496,False
ganm_10999,შენისა მე შემყრელისა,"ჩემი, ვინც შენ და მას შეგაერთებთ.",59,1497,True
ganm_11000,რადმცა რა ვჰკადრე,რატომ გავუბედავ რასმე? როგორ გავუბედავ რასმე!,59,1497,True
ganm_11001,თხრობა რასაცა ჭრელისა,"რაიმე საწყენი, რაიმე მრუდი სიტყვის თქმა.",59,1497,True
ganm_11002,მათისა,(როსტევანისა).,59,1497,False
ganm_11003,ნატრა,ნატვრა.,59,1497,False
ganm_11004,შეპოვნებით,"რიდით, ანგარიშგაწევით.",59,1498,False
ganm_11005,მოგონებით,"განსჯით, მოფიქრებით. ტაეპის აზრია: თვითონვე იფიქროს და ქალი ისე მოგცეს.",59,1498,False
ganm_11006,ვით ეთნებით,აქ: როგორ შეურიგდებით?,59,1498,True
ganm_11007,თავის-თავის,ცალ-ცალკე.,59,1498,False
ganm_11010,ჰკადრა,"აქ: აკადრა, გაუბედა.",59,1499,False
ganm_11011,შეცილება,"შედავება, შეკამათება.",59,1499,False
ganm_11012,საუბარსა ზედა ჰრთვიდა,დაეთანხმა.,59,1499,True
ganm_11013,სათანაოდ,თან წასაყვანად.,59,1499,False
ganm_11014,გარდასთ ვლიდა,"არჩევდა, ითვლიდა.",59,1499,True
ganm_11016,ვლიდა,მიდიოდა.,59,1499,False
ganm_11015,განაღამცა,"დიაღაც, რომ; სწორედ, რომ;",59,1499,False
ganm_11016,ვლიდა,მიდიოდა.,59,1499,False
ganm_11018,დივნოს,დიონისე (იხ. კომენტარი).,60,1500,False
ganm_11019,გააცხადებს,"აცხადებს, ცხადს ხდის, ამბობს.",60,1500,False
ganm_11020,კეთილს,აქ: სიკეთეს.,60,1500,False
ganm_11021,მოავლინებს,"მოავლენს, გვაძლევს.",60,1500,False
ganm_11022,მით,ამიტომ.,60,1500,False
ganm_11023,ბოროტსა,აქ: ბოროტებას.,60,1500,False
ganm_11024,დაბადებს,"ქმნის, აჩენს; შექმნის, გააჩენს.",60,1500,False
ganm_11025,ავსა,აქ: ბოროტებას.,60,1500,False
ganm_11026,წამ-ერთ,"ერთ წამად, ერთ წამამდე.",60,1500,False
ganm_11027,კარგსა,აქ: სიკეთეს.,60,1500,False
ganm_11028,გააკვლადებს,"გააგრძელებს, უწყვეტსა და უსასრულოს გახდის.",60,1500,False
ganm_11025,ავსა,აქ: ბოროტებას.,60,1500,False
ganm_11029,უკეთესსა,საუკეთესოს.,60,1500,False
ganm_11030,უზადო,"უნაკლო, უნაკლულო.",60,1500,False
ganm_11032,აზადებს,"ნაკლოვანს, ზადიანს გახდის.",60,1500,False
ganm_11033,ფრიდონისით,ფრიდონისგან.,60,1501,False
ganm_11034,გაემართნეს,"გაემართნენ, წავიდნენ.",60,1501,False
ganm_11035,თანა,თან.,60,1501,False
ganm_11036,მიჰყავს,მიჰყავთ.,60,1501,False
ganm_11037,მჭვრეტთა,შემხედველთა.,60,1501,False
ganm_11038,ამაზრზენი,"ამაფორიაქებელი, ზარ-დამცემი, განმაცვიფრებელი, სულიერად შემძვრელი.",60,1501,False
ganm_11039,ჰკიდავს,"ეკიდება. აქ: მჭიდროდ ეხება, შეერთებულია.",60,1501,False
ganm_11041,ყორნის ბოლო,შავი თმისა.,60,1501,True
ganm_11042,დანათხზენი,"აქ: დაწყობილი, დალაგებული. ტაეპის აზრია: ნესტანს თეთრ ყელზე შავი თმა სცემს.",60,1501,False
ganm_11043,მუნ,იქ.,60,1501,False
ganm_11045,აშვენებდეს,ამშვენებდნენ.,60,1501,False
ganm_11046,კუბო,ტახტრევანი.,60,1502,False
ganm_11047,არონინებდეს,ატარებდნენ.,60,1502,False
ganm_11048,მუნ,იქ.,60,1502,False
ganm_11049,დაადინებდეს,ადენდნენ.,60,1502,False
ganm_11050,დაჰხვდის,შეჰხვდებოდათ ხოლმე.,60,1502,False
ganm_11051,მჭვრეტელთა,შემხედველებს.,60,1502,False
ganm_11052,მოალხინებდეს,ახარებდნენ (თავიანთი მშვენიერებით).,60,1502,False
ganm_11053,მოეგებნიან,წინ ეგებებოდნენ.,60,1502,False
ganm_11054,სძღვნობდიან,საჩუქარს აძლევდნენ.,60,1502,False
ganm_11055,აქებდეს,აქებდნენ.,60,1502,False
ganm_11056,აგინებდეს,აგინებდნენ.,60,1502,False
ganm_11057,ჰგვანდეს,ჰგავდნენ.,60,1503,False
ganm_11060,იარნეს,იარეს.,60,1503,False
ganm_11061,ბრძნად,ბრძნულა,60,1503,False
ganm_11062,შიგან მათ დიდთა მინდორთა,იმ დიდ მინდვრებში.,60,1503,True
ganm_11064,კაც-მიუმხვდარეთა,კაცის ფეხდაუკარებელთა.,60,1503,False
ganm_11065,სად,სადაც.,60,1503,False
ganm_11066,მიჰხვდეს,"მიადგნენ, აღმოჩნდნენ.",60,1503,False
ganm_11067,მმართებს,"მეკუთვნის, ვალად მადევს.",60,1504,False
ganm_11068,მუნ,იქ.,60,1504,False
ganm_11069,სადა,სადაც.,60,1504,False
ganm_11069,სადა,სადაც.,60,1504,False
ganm_11071,ხელობა,"გახელება, სიშმაგე.",60,1504,False
ganm_11068,მუნ,იქ.,60,1504,False
ganm_11072,უც,"უდევს, შენახული აქვს.",60,1504,False
ganm_11073,ხორცისა ხმელობა,ხმელი ხორცი.,60,1504,True
ganm_11074,რომე,რომ.,60,1504,False
ganm_11075,გიძღვნი,გიძღვნით.,60,1504,False
ganm_11076,ტურფათა,"ძვირფასეულობას, საიუველირო ნივთებს.",60,1504,False
ganm_11077,აქოთ,შეაქებთ.,60,1504,False
ganm_11078,ლარი,ძვირფასი საქონელი.,60,1504,False
ganm_11079,ჭრელობა,აქ: მრავალფეროვნება.,60,1504,False
ganm_11080,მივიდეს,მივიდნენ.,60,1505,False
ganm_11082,გარდახდეს,"ჩამოქვეითდნენ, ჩამოხდნენ.",60,1505,False
ganm_11083,უც,აქვს.,60,1505,False
ganm_11084,კვეთა,ჭრა (იგულისხმება: ხორცისა).,60,1505,False
ganm_11086,ამხანაგობდეს,"თავისუფლად იყვნენ, ხუმრობდნენ.",60,1505,False
ganm_11087,ლაღობდეს,ხუმრობდნენ. აქ: მხიარულად ზეიმობდნენ.,60,1505,False
ganm_11088,მათ საქმეთასა,იმ საქმეებისას. იგულისხმება: იმ უბედურება-გაჭირვებისას. აზრია: ლაღობდნენ უბედურების წასვლის გამო.,60,1505,True
ganm_11089,ჰმადლობდეს,ჰმადლობდნენ.,60,1505,False
ganm_11090,ქვაბოვანი,"გამოქვაბულები, ქვაბნარი.",60,1506,False
ganm_11091,თამაშობდეს,"აქ: ხუმრობდნენ, ერთობოდნენ.",60,1506,False
ganm_11092,საჭურჭლენი,სიმდიდრის საცავები.,60,1506,False
ganm_11093,ვისგან,ვინმესგან.,60,1506,False
ganm_11093,ვისგან,ვინმესგან.,60,1506,False
ganm_11094,შეგებულნი,"აქ: წარმოდგენილნი, აზრით ნაწვდომნი.",60,1506,False
ganm_11095,არა,არაფერი.,60,1506,False
ganm_11096,ტურფა,"ძვირფასეულობა, საიუველირო ნივთები.",60,1507,False
ganm_11097,შესადარები,შესაფერი.,60,1507,False
ganm_11098,კვლა,შემდე,60,1507,False
ganm_11099,აავსნა,აავსო (იგულისხმება: ქონებით).,60,1507,False
ganm_11100,სპა,ჯარისკაცი.,60,1507,False
ganm_11101,სპასალარები,სარდლები.,60,1507,False
ganm_11102,ნარები,მოსიარულე. აქ: მყოფი.,60,1507,False
ganm_11103,ძეს,"დევს, აწყვია. ტაეპის აზრია: მაგრამ ასე ჰგავს, რომ სიმდიდრე ისევ კაცის ხელდაუკარებია, მას, თითქოს, არაფერი დაჰკლებია.",60,1507,False
ganm_11104,უთხრა,(ტარიელმა).,60,1508,False
ganm_11105,მაგრა,მაგრამ.,60,1508,False
ganm_11106,ბოლოდ,ბოლოს.,60,1508,False
ganm_11107,წახდების,აქ: დაიღუპება.,60,1508,False
ganm_11108,აწ,ახლა.,60,1508,False
ganm_11109,საჭურჭლე,სიმდიდრე.,60,1508,False
ganm_11110,რაზომიცა,რამდენიც.,60,1508,False
ganm_11111,ძეს,დევს.,60,1508,False
ganm_11112,ყველაკაი,ყოველივე.,60,1508,False
ganm_11113,ვითა გხვდების,როგორც მოგიხერხდება.,60,1508,True
ganm_11114,თაყვანის-სცა,მიწამდე თავი დაუკრა.,60,1509,False
ganm_11115,ჰკადრა,მოახსენა.,60,1509,False
ganm_11116,მადლი,მადლობა.,60,1509,False
ganm_11117,მეტის-მეტი,დიდი.,60,1509,False
ganm_11118,რეტი,"რეტიანი, უგონო.",60,1509,False
ganm_11119,გიჩანს,მიგაჩნია.,60,1509,False
ganm_11120,ვინმცა იყო,"ვინ იქნება?! ტაეპის აზრია: ასეთი ბრწყინვალე ვაჟკაცი ხარ. ვინ იქნება კეტივით უგრძნობი, რომ შენი ცქერა დასთმოს? ან: ყველა მტერი შენთან ჩალასავით რბილია, კეტივით მაგარი ვერცერთი ვერაა (ალ. ჭინჭარაული).",60,1509,True
ganm_11121,მუნამდის-ა,მანამდისაა.,60,1509,False
ganm_11122,ვირე,ვიდრე.,60,1509,False
ganm_11123,ვიყო,ვიქნები.,60,1509,False
ganm_11118,რეტი,"რეტიანი, უგონო.",60,1509,False
ganm_11125,მისაღებლად,წასაღება,60,1510,False
ganm_11127,აწ,ახლა.,60,1510,False
ganm_11128,მუნითცა,იქიდანაც.,60,1510,False
ganm_11129,გაემართნეს,წავიდნენ.,60,1510,False
ganm_11130,არაბეთად,"არაბეთში, არაბეთისკენ.",60,1510,False
ganm_11131,წავლად,აქ: წასასვლელა,60,1510,False
ganm_11133,მიჰხვდეს,"აქ: მიადგნენ, მივიდნენ.",60,1511,False
ganm_11135,რა ვლეს,რომ იარეს.,60,1511,True
ganm_11136,დაჰხვდა,დაჰხვდათ.,60,1511,False
ganm_11137,თანის-თანები,ერთი მეორეზე მოყოლებული.,60,1511,False
ganm_11138,მუნ შიგან,იქ: ლურჯი გლოვის ფერია.,60,1511,True
ganm_11140,გკადრებ,მოგახსენე,60,1512,False
ganm_11141,სიიეფე,სიუხვე.,60,1512,False
ganm_11143,მოვალ,მოვდივარ.,60,1512,False
ganm_11144,სეფე,სამეფო. (ზედსართავია).,60,1512,False
ganm_11146,გეწყინა,"გეწყინათ. მიწისა შენისა. იგულისხმება: მე, ტარიელი, შენს წინაშე მიწა და მტვერი ვარ.",60,1513,False
ganm_11147,შეპყრობისა,დაჭერისა.,60,1513,False
ganm_11148,ავი ჰქმენ,"ცუდი ჰქენი, ცუდი მოგივიდა (დაჭერა რომ მომინდომე).",60,1513,True
ganm_11149,შემოტევება ცხენისა,"ცხენის მიშვება, ცხენით გამოკიდება (ჩემი).",60,1513,True
ganm_11150,სრისა,სასახლისა.,60,1513,False
ganm_11151,ამად,ამიტომ.,60,1514,False
ganm_11152,მოვალ,მოვდივარ.,60,1514,False
ganm_11153,წინაშე,". იგულისხმება: თქვენს წინაშე, თქვენთან წარსადგომა",60,1514,False
ganm_11154,დავყარენ,"დავტოვე, მივატოვე.",60,1514,False
ganm_11155,შეგცოდე,დაგიშავეთ.,60,1514,False
ganm_11157,ოდენ,"ოღონდ, მხოლო",60,1514,False
ganm_11158,მომიტანია,მომიყვანია.,60,1514,False
ganm_11159,რა,რომ.,60,1515,False
ganm_11160,ვით,როგორ.,60,1515,False
ganm_11161,გაეხარნეს,გაუხარდა.,60,1515,False
ganm_11162,ერთისა წამისა,"იგულისხმება: ერთ წამში, ერთი წამითაც კი.",60,1515,True
ganm_11163,ღაწვთა,ლოყებზე.,60,1515,False
ganm_11164,ელვა,აქ: სხივი.,60,1515,False
ganm_11166,მუნ,იქ.,60,1515,False
ganm_11172,რებისა,"სიარულისა, წასვლისა.",60,1516,False
ganm_11169,რბოდეს,დარბოდნენ.,60,1516,False
ganm_11170,მი და მო,იქით-აქეთ.,60,1516,True
ganm_11171,მათკე,(სამი გმირისკენ და მზეთუნახავებისკენ).,60,1516,False
ganm_11172,რებისა,"სიარულისა, წასვლისა.",60,1516,False
ganm_11173,მოსხმა,მორეკვა.,60,1516,False
ganm_11174,მოღება,მოტანა.,60,1516,False
ganm_11172,რებისა,"სიარულისა, წასვლისა.",60,1516,False
ganm_11175,მოყმისა,"მეომრებისა, რაინდებისა.",60,1516,False
ganm_11172,რებისა,"სიარულისა, წასვლისა.",60,1516,False
ganm_11176,გაეგებნეს,გაეგებნენ.,60,1517,False
ganm_11177,თავადნი,მეთაურნი.,60,1517,False
ganm_11178,სრულად,"ყველა, მთლა",60,1517,False
ganm_11179,სპანი,"ჯარები, ჯარისკაცები.",60,1517,False
ganm_11180,ესმის,ესმოდათ (ამბავი).,60,1517,False
ganm_11181,მოვიდიან,მოდიოდნენ.,60,1517,False
ganm_11182,მას წინაშე,"მასთან, მის წინაშე.",60,1517,True
ganm_11183,სხვაგნით,სხვა მხრიდან.,60,1517,False
ganm_11184,ყველაკაი,ყველა.,60,1517,False
ganm_11185,ბოროტსა უმყოფოო,ბოროტების არგამჩენო (იგულისხმება: ღმერთო).,60,1517,True
ganm_11186,კეთილნი,სიკეთე.,60,1517,False
ganm_11187,მზა,"გამზადებული. აქ: არსებული, მოცემული.",60,1517,False
ganm_11188,რა ერთმანერთი აუჩნდა,ერთმანეთი რომ დაინახეს.,60,1518,True
ganm_11189,მიგებულ-მოსაგ ებავთა,დამხვდურ-მოსულებს.,60,1518,True
ganm_11197,ებავთა,ემწარა.,60,1518,False
ganm_11190,ეტყვის,ეუბნება.,60,1518,False
ganm_11191,დანაზ ებავთა,ნაზს. იგულისხმება: გულაჩუყებულს.,60,1518,True
ganm_11197,ებავთა,ემწარა.,60,1518,False
ganm_11193,შენაღ ებავთა,შეღებილს.,60,1518,True
ganm_11197,ებავთა,ემწარა.,60,1518,False
ganm_11194,ამად,ამიტომ.,60,1518,False
ganm_11195,სახმილი,"ცეცხლი, ალი.",60,1518,False
ganm_11197,ებავთა,ემწარა.,60,1518,False
ganm_11198,ისია,ისაა.,60,1519,False
ganm_11199,თქვენდა,თქვენთვის.,60,1519,False
ganm_11200,იქი,იქ.,60,1519,False
ganm_11201,სახმილი,"ცეცხლი, ალი.",60,1519,False
ganm_11202,ჩემად არაკად,ჩემსავით საარაკო,60,1519,True
ganm_11203,გაწბილებულა,შერცხვენილა.,60,1519,False
ganm_11199,თქვენდა,თქვენთვის.,60,1519,False
ganm_11205,იქმ,შვრები.,60,1520,False
ganm_11206,კრძალვასა,"რიდს, მოკრძალებას.",60,1520,False
ganm_11207,იქი,იქ.,60,1520,False
ganm_11205,იქმ,შვრები.,60,1520,False
ganm_11208,ხალვა,აქ: მარტოობა.,60,1520,False
ganm_11210,ვუთხრობ,ვეტყვი.,60,1520,False
ganm_11211,ვეჭვ,მგონი.,60,1520,False
ganm_11212,ღმრთითა,ღვთის შეწევნით.,60,1520,False
ganm_11213,ადრე,მალე. მზესა (თინათინს).,60,1520,False
ganm_11215,დადგა,აქ: დაბანაკდა.,60,1521,False
ganm_11220,არავი,სამხრეთის ქარი.,60,1521,False
ganm_11216,მჭვრეტთა,შემხედველთა.,60,1521,False
ganm_11217,მზ არავი,"შემზარავი, თავბრუდამხვევი (აღტაცებისაგან).",60,1521,True
ganm_11220,არავი,სამხრეთის ქარი.,60,1521,False
ganm_11218,წამწამთა,წამწამებიდან.,60,1521,False
ganm_11219,ნიავი,ძლიერი ქარი.,60,1521,False
ganm_11220,არავი,სამხრეთის ქარი.,60,1521,False
ganm_11221,მისრული,"მისული. მისრული, მიუპარავი. იგულისხმება: ღიად, თამამად მისული.",60,1521,False
ganm_11220,არავი,სამხრეთის ქარი.,60,1521,False
ganm_11222,განაღამცა,აქ: განა (ალ. ჭინჭარაული).,60,1522,False
ganm_11223,ცნა,"გაიგო, შეიტყო.",60,1522,False
ganm_11224,ტარიელ-ა,ტარიელია.,60,1522,False
ganm_11225,მოვა,მოდის (ლაპარაკია როსტევანზე).,60,1522,False
ganm_11226,გარდახდა,ჩამოქვეითდა.,60,1522,False
ganm_11227,თაყვანის-სცა,"მდაბლად, მიწამდე თავი დაუკრა.",60,1522,False
ganm_11228,უკადრსა,ამაყს.,60,1522,False
ganm_11229,ჯანსა,ძლიერს.,60,1522,False
ganm_11230,სდებს,აქ: სცემს.,60,1522,False
ganm_11231,ინდოთ მეფეს,(ტარიელს).,60,1522,True
ganm_11232,შესაგვანსა,შესაფერს.,60,1522,False
ganm_11233,ტარიელცა,ტარიელმაც.,60,1523,False
ganm_11234,თაყვანის-სცა,მიწამდე თავი დაუკრა.,60,1523,False
ganm_11235,მივა,მიდის.,60,1523,False
ganm_11236,კოცნად,საკოცნელა,60,1523,False
ganm_11237,აკოცებდა,ჰკოცნიდა.,60,1523,False
ganm_11238,ეუბნების,"ელაპარაკება. არის მისგან სათამამო ტაეპის აზრია: მეფეს თავის სათამამოდ, თავის სასახელოდ მიაჩნია, რომ ასეთ სრულყოფილ გმირს ხედავს.",60,1523,False
ganm_11239,სიალფე,"სიყოჩაღე, სიძლიერე.",60,1524,False
ganm_11240,კვლა,შემდეგ; აგრეთვე.,60,1524,False
ganm_11241,უსალამა,მიესალმა.,60,1524,False
ganm_11242,თაყვანის-სცა,მიწამდე თავი დაუკრა.,60,1524,False
ganm_11243,მას მეფესა,იმ მეფეს.,60,1524,True
ganm_11244,ნახვისათვის მოსწრაფესა,"ნახვის მონატრულს, სანახავად მოსწრაფეს.",60,1524,True
ganm_11245,ქებასა დაჰკრთების,"(ტარიელისგან) ქებას უკრთის, ეუხერხულება.",60,1525,True
ganm_11246,დაეღონების,"წუხდება, ღონდება.",60,1525,False
ganm_11247,ეტყვის,ეუბნება.,60,1525,False
ganm_11249,რად,აქ: როგორ.,60,1525,False
ganm_11248,გეგონების,"აქ: გგონიათ. ტაეპის აზრია: მიკვირს, ასეთი კარგი რად გეჩვენებით?!",60,1525,False
ganm_11249,რად,აქ: როგორ.,60,1525,False
ganm_11250,ვინ,ვინმე.,60,1525,False
ganm_11251,ამოა,"სასიამოვნოა, კარგია.",60,1526,False
ganm_11252,გკადრო,მოგახსენო.,60,1526,False
ganm_11253,მოტანისა,წამოყვანისა.,60,1526,False
ganm_11254,ვიაჯი,"ვითხოვ, გევედრები.",60,1526,False
ganm_11255,რასმე,რაღაცას.,60,1526,False
ganm_11256,მმართებს,"მეკუთვნის, მჭირდება.",60,1526,False
ganm_11257,ფარმანი,"უვნებლობისა და წინასწარი პატიების მოწმობა, ზეპირი ან წერილობითი.",60,1526,False
ganm_11258,დასხდეს,დასხდნენ.,60,1527,False
ganm_11259,გარე,გარშემო.,60,1527,False
ganm_11260,ათქს,ადგას.,60,1527,False
ganm_11262,ჭვრეტა,ცქერა.,60,1527,False
ganm_11263,ყოფა-ქცევისა,"თავდაჭერისა, მოძრაობისა.",60,1527,False
ganm_11265,თხრობა,თქმა.,60,1527,False
ganm_11266,ნაკაზმისა,აქ: აწონ-დაწონილის; შედგენილის.,60,1527,False
ganm_11267,მემცრობის,მცირედ მიმაჩნია.,60,1528,False
ganm_11268,მაგრა,მაგრამ.,60,1528,False
ganm_11269,მოსრული,მოსული.,60,1528,False
ganm_11270,მქენებლად,მთხოვნელა,60,1528,False
ganm_11271,იაჯს,ითხოვს.,60,1528,False
ganm_11272,რომელი,რომელიც (ლაპარაკია ნესტანზე).,60,1528,False
ganm_11273,ვინ,ვინც.,60,1528,False
ganm_11274,გკადრებთ,მოგახსენებთ.,60,1529,False
ganm_11275,თავისა დარებით,სიარულით.,60,1529,True
ganm_11276,დაჰვიწყდეს,დაავიწყდნენ.,60,1529,False
ganm_11278,სჭირდეს,სჭირდნენ.,60,1529,False
ganm_11279,ჩვენთავე დარებით,ჩვენივე (ტანჯვის) მსგავსა იგულისხმება: ჩვენდამი თანაგრძნობით. ან: ჩემსავით ისიც სიყვარულით იტანჯებოდა (ალ. ჭინჭარაული).,60,1529,True
ganm_11280,გაწყენ,თავს მოგაწყენ.,60,1529,False
ganm_11281,არს ჩვენგან მიუმხვდარებით,"ჩვენი მიუხვედრელობა, უტაქტობა იქნებოდა (ალ. ჭინჭარაული).",60,1529,True
ganm_11282,უყვარს,უყვართ. მას (ავთანდილს).,60,1530,False
ganm_11283,გეაჯები,გევედრები.,60,1530,False
ganm_11284,აწვევ,აქ: აწვევინე,60,1530,False
ganm_11285,ამით,"ამის გამო, ამით. (იგულისხმება: სიშორით, ერთმანეთის შორს ყოფნით).",60,1530,False
ganm_11286,რომე,რომ.,60,1530,False
ganm_11288,არ ას,არაფერს.,60,1531,True
ganm_11290,არ,აქ: არც.,60,1531,False
ganm_11289,გკადრებ,მოგახსენე,60,1531,False
ganm_11290,არ,აქ: არც.,60,1531,False
ganm_11290,არ,აქ: არც.,60,1531,False
ganm_11291,ხელ-მანდილი,ხელსახოცი.,60,1531,False
ganm_11292,ზედა ყელსა,ყელზე.,60,1531,True
ganm_11290,არ,აქ: არც.,60,1531,False
ganm_11293,ეაჯების,სთხოვს.,60,1531,False
ganm_11294,ვითა,როგორც.,60,1531,False
ganm_11295,მის ამბისა,იმ ამბის.,60,1531,True
ganm_11297,შეუზარდა,"შეუკრთა, შეუშინდა. იგულისხმება: ტარიელისგან ასეთი თავის დამდაბლება ეუცხოვა.",60,1532,False
ganm_11298,თაყვანის-სცა,"მდაბლად, მიწამდე თავი დაუკრა.",60,1532,False
ganm_11299,ვით ეგების,როგორ იქნება? როგორ შეიძლება?,60,1533,True
ganm_11300,რომე,რომ.,60,1533,False
ganm_11301,მოგთმინდეს,"აქ: დაგეთანხმოს, შეგისრულოს.",60,1533,False
ganm_11302,ანუ,ან.,60,1533,False
ganm_11303,გინდეს,გინდოდეს.,60,1533,False
ganm_11304,გებრძანამცა,რომც გებრძანათ.,60,1533,False
ganm_11305,სახლით თქვენით,თქვენი სახლიდან.,60,1533,True
ganm_11306,არმცა მაშინ მდინდეს,არც მაშინ დამედინებოდნენ.,60,1533,True
ganm_11307,ცათამდისცა გა-ცა-ფრინდეს,ცამდისაც რომ აფრინდეს (თინათინი). ნაწილაკი “ცა” ჩართულია ზმნასა და ზმნისწინს შორის.,60,1533,True
ganm_11308,თვით,აქ; ხოლო.,60,1534,False
ganm_11309,ეფერა,მიეკუთვნა; კარგად მოუხდა; მისი შესაფერი აღმოჩნდა.,60,1534,False
ganm_11311,დამებერა,დამიბერდა.,60,1534,False
ganm_11312,რადმცა ვჰკადრე,როგორ ვკადრო? როგორ ვკადრებ?,60,1534,True
ganm_11313,რასცა ოდენ,რასაც კი.,60,1534,True
ganm_11314,ჯერ-ა,"თანახმაა. ტაეპის აზრია: როგორ დავუშლი თინათინს იმას, რისიც იგი თვით თანახმაა?!",60,1534,False
ganm_11315,შეგერთო,შეგერთოთ (ქმრად თინათინისთვის).,60,1535,False
ganm_11316,ვინმცა გკადრა,ვინ გკადრებთ? ვინ გაგიბედავთ?!,60,1535,True
ganm_11317,უშმაგომცა ვინ მოგმდურდა,ჭკუათამყოფელი ვინ მოგიმდურებთ?,60,1535,True
ganm_11318,ასრე,ასე.,60,1535,False
ganm_11319,მისთვის რად მომსურდა,რად მომენატრა?,60,1535,True
ganm_11320,"დია, ღმერთო",დიახ! ოღონდაც!,60,1535,True
ganm_11321,წინაშე ვარ,თანახმა ვარ; თქვენი ნების აღსასრულებლად მზად ვარ.,60,1535,True
ganm_11323,ესე,ეს.,60,1536,False
ganm_11324,დადრკა,მოიხარა.,60,1536,False
ganm_11325,ეთაყვანა,მიწამდე თავი დაუკრა.,60,1536,False
ganm_11327,კვლა,აქ: შემდე,60,1536,False
ganm_11328,წამო-რე-ვლო,"წამოვიდა, გამოიარა.",60,1536,False
ganm_11329,მოიმადლეს,"მოიმადლიერეს, პატივი სცეს.",60,1536,False
ganm_11330,ესდენ,ამდენა,60,1537,False
ganm_11331,გაეხარნეს,გაუხარდა.,60,1537,False
ganm_11332,განა,ნამდვილად; სწორედაც რომ; დიაღაც.,60,1537,False
ganm_11333,მაგრა,მაგრამ.,60,1537,False
ganm_11334,ირცხვის მეფისაგან,ჰრცხვენია მეფისა.,60,1537,True
ganm_11335,მოევანა,გარს მოედგა (შუქი).,60,1537,False
ganm_11336,ყმა,(ავთანდილი).,60,1538,False
ganm_11337,გარდახდა,ჩამოქვეითდა.,60,1538,False
ganm_11338,რა,რომ.,60,1538,False
ganm_11339,ხელ-მანდილი,ხელსახოცი.,60,1538,False
ganm_11340,მითა,იმით.,60,1538,False
ganm_11341,იფარვიდა,იფარავდა.,60,1538,False
ganm_11342,მოჰფარვოდა,მოჰფარებოდა.,60,1538,False
ganm_11343,ქუშდებოდა,"პირქუშად, უღიმღამოდ იყო (მზე).",60,1538,False
ganm_11344,ზრვიდა,"აზრობდა, ყინავდა. ტაეპის აზრია: ავთანდილი სირცხვილისგან მოღუშულიყო.",60,1538,False
ganm_11338,რა,რომ.,60,1538,False
ganm_11338,რა,რომ.,60,1538,False
ganm_11347,ჰლამოდა,"ლამობდა, ცდილობდა.",60,1539,False
ganm_11348,სდენიან,აქ: სდიან.,60,1539,False
ganm_11349,ირცხვი,"გრცხვენია, მორცხვო",60,1539,False
ganm_11350,ზნენი გამოგჩენიან,ვაჟკაცობა და მაღალი ზნეობა გამოგაჩნდა.,60,1539,True
ganm_11351,მერჩი,მემორჩილები.,60,1539,False
ganm_11352,მერცხვი,ჩემს წინაშე მორცხვო,60,1539,False
ganm_11353,გაე,"გადი! აქ: გაჩუმდი, დაწყნარდი! (ალ. ჭინჭარაული).",60,1539,False
ganm_11354,რასაღა,რაღას.,60,1539,False
ganm_11355,გარდაჰკოცნა,გადაუკოცნა.,60,1540,False
ganm_11357,არე,აქ: მოიტანე.,60,1540,False
ganm_11357,არე,აქ: მოიტანე.,60,1540,False
ganm_11356,დამივსე,ჩამიქრე.,60,1540,False
ganm_11357,არე,აქ: მოიტანე.,60,1540,False
ganm_11357,არე,აქ: მოიტანე.,60,1540,False
ganm_11359,ვინ,ვინც (ლაპარაკია თინათინზე).,60,1540,False
ganm_11357,არე,აქ: მოიტანე.,60,1540,False
ganm_11361,გვალე,იარე!,60,1540,False
ganm_11357,არე,აქ: მოიტანე.,60,1540,False
ganm_11357,არე,აქ: მოიტანე.,60,1540,False
ganm_11364,ეუბნების,ელაპარაკება.,60,1541,False
ganm_11365,უჭვრეტს პირსა,პირისახეში შესცქერის.,60,1541,True
ganm_11366,მზე,(თინათინი).,60,1541,False
ganm_11367,მიჰხვდა,"ერგო, წილად ჰხვდა (ავთანდილს).",60,1541,False
ganm_11368,ვითა ღირს-ა,როგორც ღირსია.,60,1541,True
ganm_11369,ამო,საამო.,60,1541,False
ganm_11370,რა,როცა.,60,1541,False
ganm_11371,ყმა,"მოყმე, რაინდი (ავთანდილი).",60,1542,False
ganm_11372,რად,რატომ.,60,1542,False
ganm_11373,რას,რასმე.,60,1542,False
ganm_11372,რად,რატომ.,60,1542,False
ganm_11374,მზისა,(ნესტანის).,60,1542,False
ganm_11372,რად,რატომ.,60,1542,False
ganm_11375,შემოიმოს,შეიმოსავ. გ,60,1542,False
ganm_11376,არე მოივანებ,გარს მოიყენე,60,1542,True
ganm_11377,შესხდეს,ამხდერდნენ.,60,1543,False
ganm_11378,მიეგ ებნეს,მიეგებნენ.,60,1543,True
ganm_11383,ებნეს,ერტყათ.,60,1543,False
ganm_11383,ებნეს,ერტყათ.,60,1543,False
ganm_11380,მიჰხვდეს,"ეწივნენ, მიაღწიეს.",60,1543,False
ganm_11383,ებნეს,ერტყათ.,60,1543,False
ganm_11381,ხელი ჰხადეს,მოიხმარეს.,60,1543,True
ganm_11382,ცუდად,"ტყუილ-უბრალოდ, უსარგებლო",60,1543,False
ganm_11383,ებნეს,ერტყათ.,60,1543,False
ganm_11384,შორით გარდახდომილმან,შორიდანვე ჩამოქვეითებულმა (პატივისცემის ნიშნად).,60,1544,True
ganm_11385,დაუყვნა,"(თვალი) დაუბრმავა, მოსჭრა.",60,1544,False
ganm_11386,ელვა,"1. სხივი,",60,1544,False
ganm_11388,კრთომილმან,გამომკრთალმა.,60,1544,False
ganm_11389,კუბოსა შიგან,ტახტრევანში.,60,1544,True
ganm_11390,ვერას ვერ-მიხვდომილმან,"ვერაფერს მიმხვდარმა, (ქალის მშვენიერებისგან) დაბნეულმა.",60,1544,True
ganm_11391,ვითა,როგორ.,60,1545,False
ganm_11397,არ,არც.,60,1545,False
ganm_11392,ხელნი,გახელებულნი.,60,1545,False
ganm_11393,გონებანი,ფიქრი.,60,1545,False
ganm_11397,არ,არც.,60,1545,False
ganm_11394,ცუდად,"ტყუილად, ამაო ტაეპის აზრია: ფიქრი შენთვის ტყუილად არ ხელდება, შენ ამას იმსახურე",60,1545,False
ganm_11397,არ,არც.,60,1545,False
ganm_11397,არ,არც.,60,1545,False
ganm_11397,არ,არც.,60,1545,False
ganm_11396,მინდით,მინდიხართ.,60,1545,False
ganm_11397,არ,არც.,60,1545,False
ganm_11397,არ,არც.,60,1545,False
ganm_11397,არ,არც.,60,1545,False
ganm_11398,გაჰკვირდეს,გაჰკვირდნენ.,60,1546,False
ganm_11399,ელვათა,"1. სხივთა, 2. ელვათა.",60,1546,False
ganm_11400,დაყვნა,აქ: დააბრმავა.,60,1546,False
ganm_11401,ნათლისა ჩენასა,"სინათლეში. ტაეპის აზრია: დღისით, მზისით მნახველებს თვალი მოსჭრა.",60,1546,True
ganm_11403,სითცა,საითაც.,60,1546,False
ganm_11404,გამოჩნდის,გამოჩნდებოდა.,60,1546,False
ganm_11406,ჯარნი,აქ: ბრბონი.,60,1546,False
ganm_11407,შესხდეს,ამხედრდნენ.,60,1547,False
ganm_11408,წავიდეს,წავიდნენ.,60,1547,False
ganm_11409,ყოველნი,ყველანი.,60,1547,False
ganm_11410,თავისა დ არებად,წასასვლელა,60,1547,True
ganm_11418,არებად,აქ: (სასახლის) კარ-მიდამოში.,60,1547,False
ganm_11411,ჰქონდეს,ჰქონდათ (მნახველებს).,60,1547,False
ganm_11412,მის მზისა,იმ მზის (ნესტანის).,60,1547,True
ganm_11418,არებად,აქ: (სასახლის) კარ-მიდამოში.,60,1547,False
ganm_11413,არ მიიხვდომის სიტურფე,(ნესტანის) სიტურფეს ვერ სწვდებიან სიტყვით.,60,1547,True
ganm_11418,არებად,აქ: (სასახლის) კარ-მიდამოში.,60,1547,False
ganm_11415,ადრე,მალე.,60,1547,False
ganm_11416,მივიდეს,მივიდნენ.,60,1547,False
ganm_11418,არებად,აქ: (სასახლის) კარ-მიდამოში.,60,1547,False
ganm_11419,შევიდეს,შევიდნენ.,60,1548,False
ganm_11421,პორფირი,მეფეთა ჩასაცმელი წითელი სამოსი.,60,1548,False
ganm_11422,მოსრულთა,მოსულებს.,60,1548,False
ganm_11423,შეადგა,შეადგათ.,60,1548,False
ganm_11424,ელვა,აქ: სხივი.,60,1548,False
ganm_11425,უსალამეს,"მიესალმნენ, თავი დაუკრეს.",60,1549,False
ganm_11426,მიეგებნეს,მიეგებნენ.,60,1549,False
ganm_11427,საუბარი დააამეს,"საამოდ, წყნარად ესაუბრნენ.",60,1549,True
ganm_11430,გიშერი,შავი თმისა და წამწამებისა.,60,1549,False
ganm_11431,თინათინ,თინათინმა.,60,1550,False
ganm_11432,აწვივნა,მიიწვია.,60,1550,False
ganm_11433,ტახტსა მეფეთა ზეთასა,მაღალი მეფეების (იგულისხმება: არაბთა მეფეების) ტახტზე.,60,1550,True
ganm_11434,ბრჭე,მოსამართლე.,60,1550,False
ganm_11434,ბრჭე,მოსამართლე.,60,1550,False
ganm_11436,გმართებს,"გეკუთვნის, შეგეფერება.",60,1550,False
ganm_11437,მეტად ყოველთა დღეთასა,ყველა სხვა დღეებზე მეტა,60,1550,True
ganm_11438,დაგისვა,დაგისვამ.,60,1550,False
ganm_11439,მზესა მზეთასა,მზეთა მზეს (თინათინს).,60,1550,True
ganm_11442,ეჭვ,"გგონია. ტაეპის აზრია: ნუ გგონია, რომ ვისიც და რამინიც კი მათებრი მიჯნურნი არიან!",60,1551,False
ganm_11443,შესწბა,შერცხვა.,60,1552,False
ganm_11444,გაუფიცხა,გაუხშირა.,60,1552,False
ganm_11446,ეტყვის,ეუბნება.,60,1552,False
ganm_11447,ჩემგან,ჩემს წინაშე.,60,1552,False
ganm_11448,ნურა ზომა,"ნურავითარი, მცირეც კი (ნუ გექნება).",60,1552,True
ganm_11449,უთქვამს,უთქვამთ.,60,1552,False
ganm_11450,ბოლოდ,"ბოლოს, საბოლოო",60,1552,False
ganm_11452,სვე,ბედი.,60,1553,False
ganm_11454,კვლა,აქ: აგრეთვე.,60,1553,False
ganm_11455,შეგცვლის,შეგცვლით.,60,1553,False
ganm_11456,მოგხვდების,"აქ: გერგებათ, გეწილადებათ. ამავე ტაეპის პირველ სიტყვაში (ცამცა) გამოყენებული ნაწილაკი მცა მიგვანიშნებს, რომ ეს ზმნაც სურვილად უნდა გავიგოთ: გერგოთ, გეწილადოთ!",60,1553,False
ganm_11458,ესეაო,ესააო.,60,1554,False
ganm_11459,ასრე,ასე.,60,1554,False
ganm_11460,ვითა,როგორც.,60,1554,False
ganm_11461,სნება,სენი.,60,1554,False
ganm_11462,სწორად,თანასწორა,60,1554,False
ganm_11463,ჰმსახურებდით,ემსახურეთ!,60,1554,False
ganm_11464,დაიჭირეთ,"შეინახეთ, აასრულეთ!",60,1554,False
ganm_11465,მცნება,ბრძანება.,60,1554,False
ganm_11466,დადრკეს,მოიხარნენ.,60,1555,False
ganm_11467,ეთაყვანნეს,"ეთაყვანნენ, მიწამდე თავი დაუკრეს.",60,1555,False
ganm_11469,დაგვადიდნეს,"გვადიდოს, დაგვაწინაუროს.",60,1555,False
ganm_11470,დაგვაგვანნეს,დაგვამსგავსოს.,60,1555,False
ganm_11471,შეაძუნტნეს,დაასუსტოს.,60,1555,False
ganm_11472,აგულვანნეს,"გაათამამოს, გაამამაცოს.",60,1555,False
ganm_11476,დება,დობა.,60,1556,False
ganm_11473,ეტყვის,ეუბნება.,60,1556,False
ganm_11474,გწვავს,გწვავთ.,60,1556,False
ganm_11476,დება,დობა.,60,1556,False
ganm_11475,მწადს,"მინდა, მწადია.",60,1556,False
ganm_11476,დება,დობა.,60,1556,False
ganm_11477,შემცოდეთა თქვენთა,"თქვენს წინაშე დამნაშავეთა, თქვენ მტერთა.",60,1556,True
ganm_11476,დება,დობა.,60,1556,False
ganm_11479,პატრონად,"აქ: უმაღლეს ხელისუფლად, მეფედ.",61,1557,False
ganm_11480,ზენი,უზენაესი.,61,1557,False
ganm_11480,ზენი,უზენაესი.,61,1557,False
ganm_11481,ნესტანჯარ,ნესტან-დარეჯანი.,61,1557,False
ganm_11480,ზენი,უზენაესი.,61,1557,False
ganm_11483,მოდრკა,დაიხარა.,61,1557,False
ganm_11484,ქვეყანად,"დედამიწისკენ, დედამიწამდე.",61,1557,False
ganm_11480,ზენი,უზენაესი.,61,1557,False
ganm_11485,მორთმა,მორთმევა.,61,1558,False
ganm_11486,ლაშქართა,"ლაშქართათვის, ჯარებისთვის.",61,1558,False
ganm_11487,მის მესავსისა,"იმ უხვად გამცემისა (იგულისხმება: ავთანდილის, ან: როსტევანის). შესაძლოა სხვა გაგებაც: ლაშქართა მესავსისა ლაშქრის ამვსების, მბოძებლის (ალ. ჭინჭარაული).",61,1558,True
ganm_11488,ზროხა,ძროხა და ხარი.,61,1558,False
ganm_11489,მხავსი,ხავსი.,61,1558,False
ganm_11490,შესამსგავსისა,შესაფერისა.,61,1558,False
ganm_11491,ყოვლთა,ყველას.,61,1558,False
ganm_11492,უცხო-ფერთა,იშვიათთა.,61,1559,False
ganm_11493,ჰსხდის,"ედო, ერტყა.",61,1559,False
ganm_11495,მის ქორწილისა,იმ ქორწილის.,61,1559,True
ganm_11496,მუტრიბნი,"მეჩანგენი, მომღერალნი.",61,1560,False
ganm_11497,მოდგეს,"მოდგნენ, მოვიდნენ.",61,1560,False
ganm_11500,შეყრით,"დაყრით, დახვავებით.",61,1560,False
ganm_11501,ძეს,დევს.,61,1560,False
ganm_11502,გორი,გორა.,61,1560,False
ganm_11503,ბალახში,საუკეთესო ლალი.,61,1560,False
ganm_11504,გარდახდა,გადავიდა.,61,1560,False
ganm_11505,არა,აქ: არავინ.,61,1561,False
ganm_11507,საპყარი,ხეიბარი.,61,1561,False
ganm_11508,გაბედითდა,გაცუდდა.,61,1561,False
ganm_11511,კვლა,"აქ: კიდევ, ისევ.",61,1562,False
ganm_11512,ღაფალი,"აქ: უხალისო, უგულო.",61,1562,False
ganm_11513,მზე,(ნესტანი).,61,1562,False
ganm_11514,საჭვრეტლად სატურფალია,სანახავად მოსაწონია.,61,1562,True
ganm_11515,ხამს,"ჯერ-არს, საჭიროა.",61,1562,False
ganm_11516,გვეგდოს,"გვედოს, შემოდებული გვქონდეს.",61,1562,False
ganm_11518,არ ეგების,"არ იქნება, არ შეიძლება.",61,1563,True
ganm_11519,სწორად,თანასწორად.,61,1563,False
ganm_11521,სწორად,აქ: პირდაპირ.,61,1563,False
ganm_11520,სახელმწიფო საჯდომი,ხელმწიფის კუთვნილი დასაჯდომი.,61,1563,True
ganm_11519,სწორად,თანასწორად.,61,1563,False
ganm_11521,სწორად,აქ: პირდაპირ.,61,1563,False
ganm_11522,პირველ,"პირველად, ჯერ.",61,1563,False
ganm_11523,მოიღიან,მოჰქონდათ.,61,1563,False
ganm_11524,იდვის,იდო.,61,1563,False
ganm_11525,ოდენ,მხოლოდ.,61,1564,False
ganm_11526,არიფობასა,"სუფრის მოზიარეობას, ნადიმის წევრობას.",61,1564,False
ganm_11528,გასცემს,არიგებს საჩუქრებს.,61,1564,False
ganm_11529,იეფობა,"უხვობა, სიმდიდრე და ჩუქების დაუზარებლობა.",61,1564,False
ganm_11530,ახლოს ავთანდილს,ავთანდილის ახლოს.,61,1564,True
ganm_11532,რომე,რომ.,61,1565,False
ganm_11534,ნაათალი,მეათედი.,61,1565,False
ganm_11535,სკიპტრა,"მეფის კვერთხი, ხელისუფლების სიმბოლო.",61,1565,False
ganm_11536,პორფირი,"წითელი სამოსი, რომლის ტარება მეფეთა პრივილეგიაა.",61,1565,False
ganm_11537,კვლა,აქ: კიდევ.,61,1566,False
ganm_11538,ორთავე,ორივეს.,61,1566,False
ganm_11539,მსგავსი,შესაფერი.,61,1566,False
ganm_11540,დედისა,"აქ: ჯიშისა, მოდგმის. რომანული იაგუნდის განსაკუთრებით მაღალხარისხოვან სახეობას ჰქვია (გ. წერეთელი).",61,1566,False
ganm_11537,კვლა,აქ: კიდევ.,61,1566,False
ganm_11541,ტაიჭი,აქ: დაკოდილი ცხენი.,61,1566,False
ganm_11539,მსგავსი,შესაფერი.,61,1566,False
ganm_11542,თავ-შედგმული,იგულისხმება: მეტად გავსებული (ტაბაკი).,61,1567,False
ganm_11543,ტაიჭი,ცხენი.,61,1567,False
ganm_11544,თაყვანის-სცემს,მიწამდე თავს უხრის.,61,1567,False
ganm_11546,მადლი,მადლობა.,61,1567,False
ganm_11547,ჰკადრა,მოახსენა.,61,1567,False
ganm_11548,თუცა,თუმცა.,61,1567,False
ganm_11549,გარდახდეს,"გაიარეს, წავიდნენ.",61,1568,False
ganm_11550,თამაშობდიან,ერთობოდნენ.,61,1568,False
ganm_11551,იყვნეს,იყვნენ.,61,1568,False
ganm_11552,ყოლა,"სულ, სრულებით.",61,1568,False
ganm_11553,გაყრანი სმისანი,ნადიმის შეწყვეტა.,61,1568,True
ganm_11554,სძღვნიან,"სჩუქნიდნენ, უძღვნიდნენ.",61,1568,False
ganm_11555,უცხო,"აქ: იშვიათი, უნიკალური.",61,1568,False
ganm_11556,ყოვლთა,ყველას.,61,1568,False
ganm_11557,ელვანი,სხივნი.,61,1568,False
ganm_11558,ვითა,როგორც. ტაეპის აზრია: ყველა ეს გმირები და მზეთუნახავები საკუთარ სხივთა ელვარებით არიან შემოსილნი.,61,1568,False
ganm_11560,სიახლე,სიახლოვე.,61,1569,False
ganm_11561,კმა,კმარა.,61,1569,False
ganm_11563,აქვს,აქვთ.,61,1569,False
ganm_11564,ვიცი მუნ შიგან მძოველად,"ვიცი, რომ შიგ ძოვენ, რომ (ჩემ ქვეყანას) არბევენ და აოხრებენ.",61,1569,True
ganm_11565,უცებნი,უვიცნი.,61,1570,False
ganm_11566,მოსრნის,"ხოცავს, სპობს.",61,1570,False
ganm_11567,ხელოვნება,"ცოდნა, შემეცნება. ტაეპის აზრი, როგორც ჩანს, შემდეგია: შენ ხომ მცოდნე ხარ, ჩემს გულის ნადებს გაიგებ.",61,1570,False
ganm_11568,ვეჭვ,მგონი.,61,1570,False
ganm_11570,ჩემმან რასაცა ვნებამან,"ჩემმა რაგინდარა უსიამოვნებამ, ჩემმა ყოველმა უბედურებამ.",61,1570,True
ganm_11571,ადრე,მალე.,61,1570,False
ganm_11572,გნახნე,გნახავთ.,61,1570,False
ganm_11573,მორჭმულნი,"ძლევამოსილნი, წარმატებულნი.",61,1570,False
ganm_11574,რასაცა,"აქ: რაიმე, თუნდ მცირე (რიდით).",61,1571,False
ganm_11575,იქმოდით,"ქენით, გააკეთეთ!",61,1571,False
ganm_11576,გასჭვრეტდით,განსაჯეთ;,61,1571,False
ganm_11577,გაიცდიდით,"ნახეთ, აწონ-დაწონეთ!",61,1571,False
ganm_11578,წამოგყვეს,წამოგყვებათ.,61,1571,False
ganm_11579,დაჰფრეწდით,ფლითეთ!,61,1571,False
ganm_11580,და-ცა-სჭრიდით,სჭერით! ნაწილაკი “ცა” ჩართულია ზმნასა და ზმნისწინს შორის.,61,1571,False
ganm_11581,სიტყვები ორები,აზრი ბუნდოვანია. შესაძლოა იგულისხმებოდეს ერთ “სიტყვად” წასვლის ნებართვა.,61,1572,True
ganm_11582,გაე,წადი! აქ: გაჩუმდი!,61,1572,False
ganm_11583,უბნობ,ლაპარაკობ.,61,1572,False
ganm_11584,შეცევ,"დაიცავი! აქ: დაფარე! ბროლისა ყორები კბილთა აღმნიშვნელი მეტაფორაა. აზრია: კბილებს ნუ აჩენ, პირი მოკუმე!",61,1572,False
ganm_11585,მოვიღორები,მოვტყუვდები.,61,1572,False
ganm_11586,არ,"აქ: არა, არ მოვტყუვდები.",61,1573,False
ganm_11587,დია,ძალიან.,61,1573,False
ganm_11588,დამაგდო,დამტოვო. შესაძლოა სხვა გაგებაც;,61,1573,False
ganm_11586,არ,"აქ: არა, არ მოვტყუვდები.",61,1573,False
ganm_11590,გამწირა,დამტოვა.,61,1573,False
ganm_11591,მსახავად,აქ: მთქმელად.,61,1573,False
ganm_11592,შენი გაყრილი,შენს თავს დაშორებული.,61,1573,True
ganm_11593,მევაგლახავად,"მომტირლად, მომდურავად.",61,1573,False
ganm_11594,მოყვრისა,– მეგობრის.,61,1573,False
ganm_11595,გაწირვა,მიტოვება. ახ შორისდებულია.,61,1573,False
ganm_11597,ვარდთათ,ვარდებიდან.,61,1574,False
ganm_11599,შენისა უფრო,შენზე უფრო. ვა გლოვის გამომხატველი შორისდებულია.,61,1574,True
ganm_11600,ნურას თნევასა,ნურავითარ მაამებლობას.,61,1574,True
ganm_11601,ყოვლგნით,ყველა მხრიდან.,61,1574,False
ganm_11602,მის თანა,მასთან.,61,1574,True
ganm_11603,წვევასა,"დაძახებას, მობილიზაციას.",61,1574,False
ganm_11604,სპანი,"ჯარები, ჯარისკაცები.",61,1575,False
ganm_11605,აღარა ხანსა ზმულია,"(ავთანდილი) დროს არ კარგავს, (ამას) დიდხანს არ უნდება.",61,1575,True
ganm_11606,ნავღელ-ჭმულია,დანაღვლიანებულია.,61,1575,False
ganm_11607,ერთმანერთისა,აქ: ერთმანეთს.,61,1576,False
ganm_11608,სიტყვისა გამონდობილნი,"(ერთმანეთის) სიტყვის მნდობნი, სარწმუნო მეგობარნი.",61,1576,True
ganm_11609,ტიროდეს,ტიროდნენ.,61,1576,False
ganm_11610,მჭვრეტელთა,შემხედველებს.,61,1576,False
ganm_11611,გულნიმცა ესხნეს წრთობილნი,(ფოლადივით) წრთობილი გულები უნდა ჰქონდეთ (რომ ამ შესაბრალის სანახაობას გაუძლონ).,61,1576,True
ganm_11613,სწორად,თანასწორად.,61,1577,False
ganm_11615,ხამს,"საჭიროა, ჯერ-არს, უნდა.",61,1577,False
ganm_11616,თავი იქედგოროს,ქედსა და გორაზე ავიდეს (საცქერად).,61,1577,True
ganm_11617,მათადვე სახედ,მათვე (მთვარის და ცისკრის ვარსკვლავისავე) მსგავსად.,61,1578,True
ganm_11618,რომელსა,ვისაც (ლაპარაკია ღმერთზე). ესენი. იგულისხმებიან პოემის გმირები.,61,1578,False
ganm_11619,დაუბადიან,"შეუქმნიან, გაუჩენიან.",61,1578,False
ganm_11620,იგივე,(ღმერთი).,61,1578,False
ganm_11621,გაჰყრის,აშორებს ერთმანეთს.,61,1578,False
ganm_11622,ვარდსა სწებვენ და აპობენ,მეტაფორის აზრია: ერთმანეთს ჰკოცნიან.,61,1578,True
ganm_11623,იქადიან,"იკვეხნიან. ტაეპის აზრია: ისეთი მშვენიერნი არიან, რომ მათგან შორს მყოფებს თავისი სიცოცხლეც ეეჭვებათ (ან: აღარ უღირთ).",61,1578,False
ganm_11624,ყოლა,სულ.,61,1579,False
ganm_11625,შემოგმცნებოდი,გამეცანი.,61,1579,False
ganm_11626,სცნობდი,(ჩემი ამბავი) გაიგე ხოლმე!,61,1579,False
ganm_11627,მაცნევდი,(შენი ამბავი) გამაგებინე ხოლმე!,61,1579,False
ganm_11628,წიგნითა,წერილით.,61,1579,False
ganm_11629,მეუბნებოდი,მელაპარაკე!,61,1579,False
ganm_11630,დნებოდი,დადნი!,61,1579,False
ganm_11631,რადმცა გაგწირე,როგორ გაგწირავ? როგორ მიგატოვებ?!,61,1580,True
ganm_11632,ვითა,აქ: როგორმე.,61,1580,False
ganm_11633,მოვითმინებ,"მოვითმენ, გავძლებ.",61,1580,False
ganm_11634,ვინებო,ვინებებ.,61,1580,False
ganm_11635,აგრემცა მივი,დაე ასე მყავდე! ასე მეყოლე!,61,1580,True
ganm_11636,რაზომსა,"აქ: რამდენსაც, როგორც.",61,1580,False
ganm_11637,დავიდინებ,"ვიდენ. აზრია: ისე შენ იცოცხლე, როგორც მე ცრემლით მომენატრები!",61,1580,False
ganm_11638,კვლა,კიდევ.,61,1581,False
ganm_11642,იგი,(ნესტანი). ი,61,1581,False
ganm_11639,ქვე დამდგომმან,დამრჩენმა.,61,1581,True
ganm_11640,წამავალსა,მიმავალს.,61,1581,False
ganm_11641,ყოლა,"—სულ, სრულებით.",61,1581,False
ganm_11642,იგი,(ნესტანი). ი,61,1581,False
ganm_11643,ჭვრეტს,იხედება.,61,1581,False
ganm_11644,ედებოდეს,ედებოდნენ.,61,1581,False
ganm_11645,რომე,რომ.,61,1581,False
ganm_11646,მწადდეს,მინდოდა.,61,1581,False
ganm_11647,ნაათალნი,"მეათედნი. ტაეპის აზრია: რაც მინდოდა, იმის მეათედი ვერ დავწერე.",61,1581,False
ganm_11648,ხელთაგან უფრო ხელდების,"გახელებულზე უფრო ხელდება, შმაგდება (დარდით).",61,1582,True
ganm_11649,იტყვის,ამბობს. ვაგლახ მწუხარების გამომხატველი შორისდებულია.,61,1582,False
ganm_11650,სულთქმა,ოხვრა.,61,1582,False
ganm_11651,დაღრეჯით,დაღონებით.,61,1582,False
ganm_11653,ფიფქი,"მწუხარებისაგან ფერდაკარგული პირისახის აღმნიშვნელი მეტაფორაა, რომელსაც ცრემლი რეცხს და ათხელებს.",61,1582,False
ganm_11652,ნასდების,უშნოვდება.,61,1582,False
ganm_11655,დაუტყლეჟს,უჭყლეტს.,61,1583,False
ganm_11656,სიახლე,"სიახლოვე, ახლოს ყოლა.",61,1583,False
ganm_11659,დავიხოცებით,ვიხოცებით.,61,1583,False
ganm_11660,შეჯდა,ამხედრდა.,61,1584,False
ganm_11661,გამომსალამე,გამომსალმებელი.,61,1584,False
ganm_11662,სრულად ლაშქართა,მთელ ლაშქარს.,61,1584,True
ganm_11663,სალამე,დასალამავი. ან: დასანამავი.,61,1584,False
ganm_11665,თავი შენ მას ალამე,შენც შეეცილე!,61,1584,True
ganm_11666,უბრძანა,უთხრა (ტარიელმა როსტევანს).,61,1584,False
ganm_11667,ყოლ,"სულ, სრულებით,სულაც.",61,1584,False
ganm_11668,არად მიჩნდეს,"აქ: არაფრად მივიჩნევ. ტაეპის აზრია: თქვენთან განშორებამ ისე დამამწუხრა, რომ სალაც კი აღარაფრად მიმაჩნია.",61,1584,True
ganm_11669,სალა,"1. სალი კლდე, 2. ლიტერატურული პერსონაჟი (იხ. კომენტარი).",61,1584,False
ganm_11670,წავიდეს,წავიდნენ.,61,1585,False
ganm_11671,დია,ბევრი.,61,1585,False
ganm_11673,ბარგი,"სალაშქრო ტვირთი, აღალი.",61,1585,False
ganm_11674,ჰყვა,ჰყავდათ.,61,1585,False
ganm_11675,ვარგი,"ვარგისი, კარგი.",61,1585,False
ganm_11676,მივლენ,მიდიან.,61,1585,False
ganm_11677,მარგი,მარგებელი.,61,1585,False
ganm_11678,ნურა,აქ: ნურავინ.,61,1586,False
ganm_11679,დაბადოს,"გააჩინოს, შექმნას.",61,1586,False
ganm_11680,მოეგებნიან,"—ეგებებოდნენ (მოსახლენი, გზად შეხვედრილ ქვეყანათა მფლობელნი).",61,1586,False
ganm_11681,გარდახდეს,ჩამოქვეითდნენ.,61,1586,False
ganm_11682,უდილადოს,"მოგვიანებით, როცა დილა აღარ იყო.",61,1586,False
ganm_11683,ვითა ჰმართებდა,როგორც ეკუთვნოდათ.,61,1586,True
ganm_11684,სმიდეს,სვამდნენ.,61,1586,False
ganm_11686,სახედრები,"შესაჯდომი პირუტყვი: ცხენები, აქლემები, ჯორები.",62,1587,False
ganm_11687,ერთობ,"მთლად, ერთიანად.",62,1587,False
ganm_11688,მოეკვეცნეს,"მოეკრიჭათ, მოეჭრათ.",62,1587,False
ganm_11689,უკანამო,უკან.,62,1587,False
ganm_11690,დალალანი,თმები.,62,1587,False
ganm_11691,მოასხით,მოიყვანეთ.,62,1587,False
ganm_11692,დავყოვნოთ,დავყოფთ.,62,1587,False
ganm_11693,მოასხნეს,მოიყვანეს.,62,1588,False
ganm_11694,უბრძანეს,უთხრეს. მრ. რიცხვი მეფისადმი პატივისცემის გამომხატველია.,62,1588,False
ganm_11695,შეგიგლესია,"აქ: შეგიმოსავთ, დაგიფარავთ.",62,1588,False
ganm_11696,სით,საიდანაც.,62,1588,False
ganm_11697,მოვალთ,მოვდივართ.,62,1588,False
ganm_11698,მუნ,იქ.,62,1588,False
ganm_11699,ასრე,ასე.,62,1588,False
ganm_11700,მისრით,ეგვიპტიდან.,62,1588,False
ganm_11701,ჰკადრეს,"უთხრეს, მოახსენეს.",62,1589,False
ganm_11702,ზეცით,ზეციდან.,62,1589,False
ganm_11703,მას შიგან,მასში.,62,1589,True
ganm_11704,ცნობა,"გონება, ჭკუა.",62,1589,False
ganm_11705,ვითა,როგორც.,62,1589,False
ganm_11706,შეთი,გიჟი.,62,1589,False
ganm_11707,სვიანი,"ბედნიერი, გახარებული.",62,1590,False
ganm_11708,ესვა,ჰყავდა.,62,1590,False
ganm_11709,მზისაცა უფრო,მზეზედ უფრო.,62,1590,True
ganm_11710,მზიანი,აქ: მშვენიერი.,62,1590,False
ganm_11714,დაუვარდა,"აქ: მისწვდა, მიუვიდა.",62,1591,False
ganm_11716,ბუქთა მისგან მონაქროლთა,მისგან მონაქროლი ქარისგან (მეტაფორულად: მის გამო მომხდარი ამბებისგან).,62,1591,True
ganm_11717,გრძნეულობა,ჯადოქრობა.,62,1592,False
ganm_11718,შემართა,"გაბედა, თავს იდვა.",62,1592,False
ganm_11719,ხმელეთსა,მთელ ქვეყანას.,62,1592,False
ganm_11720,არად,არაფრად.,62,1592,False
ganm_11721,მორჩი,ნორჩი.,62,1592,False
ganm_11722,ცნა,"გაიგო, შეიტყო.",62,1593,False
ganm_11723,მის მზისა,იმ მზის (ნესტანის).,62,1593,True
ganm_11724,წახდა,"წავიდა, დაიკარგა.",62,1593,False
ganm_11725,გარდაიკარგნეს,გადაიკარგნენ.,62,1593,False
ganm_11726,მომიდებ,მიკიდებ.,62,1593,False
ganm_11730,გა-ვე-ძლო,კიდევ გაძლო. ნაწილაკი ვე ჩართულია ზმნასა და ზმნისწინს შორის.,62,1594,False
ganm_11732,გზნებისა,წვისა.,62,1594,False
ganm_11736,ესე,ეს.,62,1595,False
ganm_11737,გააკვლადნა,"გაიმეორა, განაახლა. იგულისხმება: თხრობით განაახლა მომხდარი ამბები.",62,1595,False
ganm_11738,ფიცხლა,სწრაფად.,62,1595,False
ganm_11739,დაიზახნა,დაიყვირა.,62,1595,False
ganm_11740,ნარგისთაგან,მეტაფორულად ნაგულისხმევია: თვალთაგან.,62,1595,False
ganm_11741,ღაწვი,ლოყა.,62,1596,False
ganm_11743,ლალი,"წითელ ტუჩებს,",62,1596,False
ganm_11744,ხავსი,"იმავე ტუჩებს, გლოვისაგან ფერდაკარგულს.",62,1596,False
ganm_11745,ამად,ამიტომ.,62,1596,False
ganm_11746,დაჰვსია,ჩაჰქრობია.,62,1596,False
ganm_11747,იხოჭს,იფხაჭნის (სახეს).,62,1597,False
ganm_11748,იგლეჯს,(თმას).,62,1597,False
ganm_11749,სიტყვა-ხაფი,აქ: ხმამაღლა მტირალი.,62,1597,False
ganm_11750,უარე,"უარესად, კიდევ უფრო.",62,1597,False
ganm_11751,უარე,"უნდა ნიშნავდეს: არეთა არმქონე, უსაზღვრო.",62,1597,False
ganm_11750,უარე,"უარესად, კიდევ უფრო.",62,1597,False
ganm_11751,უარე,"უნდა ნიშნავდეს: არეთა არმქონე, უსაზღვრო.",62,1597,False
ganm_11750,უარე,"უარესად, კიდევ უფრო.",62,1597,False
ganm_11751,უარე,"უნდა ნიშნავდეს: არეთა არმქონე, უსაზღვრო.",62,1597,False
ganm_11754,გმსახურა,აქ: გამოგადგა.,62,1597,False
ganm_11755,შეგაგუა-რე,"გასიამოვნა, შენი სურვილისამებრ მოაწყო.",62,1597,False
ganm_11756,გაცნევს,გაგაგებინებს.,62,1598,False
ganm_11757,თემთა,აქ: ქვეყანას.,62,1598,False
ganm_11758,ქვეყანად,"მიწაზე. აქ: დაბლა, ბარში.",62,1598,False
ganm_11759,ჰმართიხარ ზე,ზევით აღმართული ხარ.,62,1598,True
ganm_11760,არა,არაფერი.,62,1599,False
ganm_11761,დაუჩენია,აქ: შესტყობია.,62,1599,False
ganm_11762,მოჰკვე,მოკვდი.,62,1599,False
ganm_11763,სოფელი,"ქვეყანა, წუთისოფელი.",62,1599,False
ganm_11764,ღმერთსა მიჰმადლე,ღვთის სამადლოდ ჰქენი.,62,1599,True
ganm_11765,კვლა,"ისევ, კიდევ.",62,1600,False
ganm_11766,უბრძანებდეს,უთხრეს.,62,1600,False
ganm_11767,დანარჩომი,დანარჩენი.,62,1600,False
ganm_11768,პატრონო,"აქ: მეფევ. ვაჭრები ასე ეძხიან ტარიელს, რადგან იციან, რომ იგი ტახტის პრეტენდენტია.",62,1600,False
ganm_11769,მოსრულა,მოსულა.,62,1600,False
ganm_11770,ხატათ,ხატაელების.,62,1600,False
ganm_11771,ჯერთ,ჯერ.,62,1601,False
ganm_11772,ცოცხალ-ა,ცოცხალია.,62,1601,False
ganm_11773,მკვდართაგან უფრო,მკვდრებზე უფრო.,62,1601,True
ganm_11774,თუც,თუმცა.,62,1601,False
ganm_11775,გარეთ ციხენი,"იგულისხმება: დედაქალაქის გარეთ მდებარე, ინდოეთის მიწაწყლის დამცველი ციხეები.",62,1601,True
ganm_11776,წაუხვმან,წაურთმევია.,62,1601,False
ganm_11777,ყველაი,ყოველივე.,62,1601,False
ganm_11778,გარდამხდარია,"გადასულია (მტრის ხელში); ან: დაკარგულია, დაღუპულია",62,1601,False
ganm_11780,ფიცხლად,სწრაფად.,62,1602,False
ganm_11781,აიყ არა,"აქ: ბანაკი აყარა, გზას გაუდგა.",62,1602,True
ganm_11784,არა,არაფერი.,62,1602,False
ganm_11782,ეჯი,მანძილი.,62,1602,False
ganm_11783,წაი არა,გაიარა.,62,1602,True
ganm_11784,არა,არაფერი.,62,1602,False
ganm_11784,არა,არაფერი.,62,1602,False
ganm_11784,არა,არაფერი.,62,1602,False
ganm_11784,არა,არაფერი.,62,1602,False
ganm_11789,დია,ძალიან.,63,1603,False
ganm_11786,აჩნდა,გამოჩნდა.,63,1603,False
ganm_11787,უსახო,"შეუდარებელი. აქ: ისეთი დიდი, რომ ვერაფერს შეადარებ.",63,1603,False
ganm_11788,ესაკვირველა,გაუკვირდა.,63,1603,False
ganm_11789,დია,ძალიან.,63,1603,False
ganm_11790,მოყმენო,"მეომრებო, რაინდებო.",63,1603,False
ganm_11789,დია,ძალიან.,63,1603,False
ganm_11792,ადრე,მალე.,63,1603,False
ganm_11789,დია,ძალიან.,63,1603,False
ganm_11793,უნახვან,უნახავთ.,63,1604,False
ganm_11794,კვლა,"აქ: სხვა დროსაც, წინათაც.",63,1604,False
ganm_11795,კვეთა,"ჭრა; სიმახვილე, სიბასრე.",63,1604,False
ganm_11796,შემებნეს,შემებრძოლნენ.,63,1604,False
ganm_11797,ფლეთანი,ფლეთა.,63,1604,False
ganm_11798,მძლე,"ძლიერი. აქ: მრისხანე, მამაცური.",63,1604,False
ganm_11799,ვითა,როგორც.,63,1604,False
ganm_11800,წავიხვამთ,"წავიღებთ, გავიტანთ.",63,1604,False
ganm_11801,მიჰხვდეს,"მოუწევთ, წილად შეჰხვდებათ.",63,1604,False
ganm_11802,ფერხითა,ფეხით.,63,1604,False
ganm_11803,დაეკაზმნეს,"შეიკაზმნენ, შეიჭურვნენ.",63,1605,False
ganm_11804,გაამაყდეს,"გაამაყდნენ, ბრძოლის გუნებაზე დადგნენ.",63,1605,False
ganm_11805,გაჩაუქდეს,"გაჩაუქდნენ, თავიანთი ძალა შეიგრძნეს.",63,1605,False
ganm_11806,შესხდეს,"შესხდნენ. სახედარნი ასუბუქდეს. შესაძლოა ორგვარი გაგება: 1. “სახედარი” ცხენია. გმირების საომარი ცხენები ატოკდნენ, რაკი მხედარი იგრძნეს. 2. ვირები და ჯორები, რომელთაც გმირთა საჭურველი ჰქონდათ მგზავრობაში აკიდებული, ამ ტვირთისგან განთავისუფლდნენ.",63,1605,False
ganm_11808,ბუქისაგან უფრო ბუქდეს,ქარზე სწრაფად ჩაიქროლეს.,63,1605,True
ganm_11809,გარდეკიდეს,წაადგნენ.,63,1606,False
ganm_11810,ტარიასთა,ტარიელის მეომრებმა.,63,1606,False
ganm_11811,ჩამოჰყრიდეს,ჩამოყარეს ცხენებიდან.,63,1606,False
ganm_11812,მხარ-დაკრულნი,გაკოჭილნი. მათ. იგულისხმება: სამი გმირის.,63,1606,False
ganm_11813,მოასხმიდეს,მოიყვანეს.,63,1606,False
ganm_11814,აიზიდნეს,"თავი აიღეს, წამოიხედეს (ტყვეებმა).",63,1606,False
ganm_11815,ჰკითხეს,(გმირებმა).,63,1606,False
ganm_11816,დაზმიდეს,"აქ: კარგავდნენ (დროს), აყოვნებდნენ.",63,1606,False
ganm_11817,ცუდად,"ამაოდ, უსარგებლოდ.",63,1607,False
ganm_11818,დაღო რებულნი,"მოტყუებულნი, შემცდარნი.",63,1607,True
ganm_11819,რებულნი,აქ: მოსულნი.,63,1607,False
ganm_11819,რებულნი,აქ: მოსულნი.,63,1607,False
ganm_11821,მოვლენ,მოდიან.,63,1607,False
ganm_11828,დია,ძალიან.,63,1609,False
ganm_11829,დამაჯნება,"აქ: დაჯაბნა, დაბრიყვება, ხელყოფა.",63,1609,False
ganm_11830,უშმაგომან,ჭკუათმყოფელმა.,63,1609,False
ganm_11831,ვით გააგო,"როგორ განიზრახა, როგორ ინდომა?",63,1609,True
ganm_11832,შმაგთაგანცა უფრო,შმაგებზე უფრო.,63,1609,True
ganm_11833,აწ,ახლა.,63,1610,False
ganm_11834,მოპარვა,"აქ: მოპარვით, მალულად თავდასხმა.",63,1610,False
ganm_11837,დია,ძალიან.,63,1610,False
ganm_11835,შემები,შემებრძოლე.,63,1610,False
ganm_11833,აწ,ახლა.,63,1610,False
ganm_11836,პირველვე,"ადრევე, იმთავითვე.",63,1610,False
ganm_11837,დია,ძალიან.,63,1610,False
ganm_11837,დია,ძალიან.,63,1610,False
ganm_11837,დია,ძალიან.,63,1610,False
ganm_11837,დია,ძალიან.,63,1610,False
ganm_11838,წავიდეს,წავიდნენ.,63,1611,False
ganm_11839,მიუსწრობდეს,ასწრებდნენ.,63,1611,False
ganm_11840,ჰკადრეს,უთხრეს.,63,1611,False
ganm_11841,ყველაკაი,ყოველივე.,63,1611,False
ganm_11842,სთმობდეს,ითმენდნენ.,63,1611,False
ganm_11843,ვითა,როგორმე.,63,1611,False
ganm_11845,არაბთა,"იგულისხმება: არაბთა ამბავი, არაბთა ჩვეულება.",63,1612,False
ganm_11844,შენატყუბი,"შეტყუპებული, შეერთებული.",63,1612,False
ganm_11845,არაბთა,"იგულისხმება: არაბთა ამბავი, არაბთა ჩვეულება.",63,1612,False
ganm_11846,აბჯარი,იარაღი.,63,1612,False
ganm_11847,გამოჩნდეს,გამოჩნდნენ.,63,1613,False
ganm_11848,შეტევება,"ცხენების მიშვება, შეტევა.",63,1613,False
ganm_11849,ჰლამოდეს,ლამობდნენ.,63,1613,False
ganm_11850,ყმანი არაბთა თანანი,არაბთა მეომრები.,63,1613,True
ganm_11851,მოვიდეს,მოვიდნენ.,63,1613,False
ganm_11852,აჩნდეს,გამოჩნდნენ. აქ: აღმოჩნდნენ.,63,1613,False
ganm_11854,ყოვლთა,ყველამ.,63,1614,False
ganm_11855,ზენაარი,ფიცი.,63,1614,False
ganm_11856,მისსა ძალსა,მის (იგულისხმება: ღვთის) ძალას გაფიცებთ;,63,1614,True
ganm_11857,დაგარჩინა,"გადაგარჩინათ, გიხსნათ.",63,1614,False
ganm_11859,ალხენს,"აქ: ცოდვას უმსუბუქებს, შეუნდობს.",63,1614,False
ganm_11863,წა,"ზმნისწინი ზმნისა “წამიღონ”, განმეორებული აზრის გაძლიერების მიზნით.",63,1615,False
ganm_11860,მისსა ძალსა,მის (ღვთის) ძალას გაფიცებ!,63,1615,True
ganm_11861,გხვე წა,"გამოგთალა, (ასე მშვენიერი) შეგქმნა (ლაპარაკია ღმერთზე).",63,1615,True
ganm_11863,წა,"ზმნისწინი ზმნისა “წამიღონ”, განმეორებული აზრის გაძლიერების მიზნით.",63,1615,False
ganm_11862,და,დაე.,63,1615,False
ganm_11862,და,დაე.,63,1615,False
ganm_11863,წა,"ზმნისწინი ზმნისა “წამიღონ”, განმეორებული აზრის გაძლიერების მიზნით.",63,1615,False
ganm_11862,და,დაე.,63,1615,False
ganm_11863,წა,"ზმნისწინი ზმნისა “წამიღონ”, განმეორებული აზრის გაძლიერების მიზნით.",63,1615,False
ganm_11864,თქვენი სასაკუთრო,"თქვენი მოყვარული, თქვენი სიყვარულისთვის განკუთვნილი.",63,1615,True
ganm_11862,და,დაე.,63,1615,False
ganm_11863,წა,"ზმნისწინი ზმნისა “წამიღონ”, განმეორებული აზრის გაძლიერების მიზნით.",63,1615,False
ganm_11865,წაჰხედით,"წახვედით, დაიკარგეთ.",63,1616,False
ganm_11866,გახდეს,გახდნენ.,63,1616,False
ganm_11867,მოსტყდეს,მოსტყდნენ.,63,1616,False
ganm_11868,ამად,ამიტომ.,63,1616,False
ganm_11869,შევმართე,გავბედე.,63,1616,False
ganm_11870,ჩემნი საკამათენი,ჩემი შემარცხვენელი. (?).,63,1616,True
ganm_11871,სოფელი,"წუთისოფელი, ცხოვრება.",63,1616,False
ganm_11872,კაბათენი,"კამათელი. “კამათლის გატეხა”, როგორც ჩანს, ცუდი კამათლის დაჯდომას ნიშნავს.",63,1616,False
ganm_11873,ვიაჯი,"ვიხვეწები, გთხოვ.",63,1617,False
ganm_11874,ხოლე,აქ: მხოლოდ.,63,1617,False
ganm_11875,აქათ,აქედან.,63,1617,False
ganm_11876,სპა,ჯარისკაცები.,63,1617,False
ganm_11877,ამად,ამიტომ.,63,1617,False
ganm_11878,შეინდობს,"იპატიებს, შენდობას მოითხოვს.",63,1618,False
ganm_11879,ისხმიდეს,იყრიდნენ.,63,1618,False
ganm_11882,ნაცარსა,ზეციდან მოსულს.,63,1618,False
ganm_11880,დაეხსნნეს,გადაურჩნენ.,63,1618,False
ganm_11881,ზეცით,ზეციდან.,63,1618,False
ganm_11882,ნაცარსა,ზეციდან მოსულს.,63,1618,False
ganm_11883,კვლა,აქ: სხვა დროს.,63,1618,False
ganm_11882,ნაცარსა,ზეციდან მოსულს.,63,1618,False
ganm_11885,იგ,იგი.,63,1619,False
ganm_11886,წაღმართული,აქ: სასიკეთოდ განწყობილი. შესაძლოა: სამართლიანი.,63,1619,False
ganm_11888,სთული,ნართავი.,63,1619,False
ganm_11889,ნაქმარი,"ქმნილი, გაკეთებული, ჩადენილი.",63,1619,False
ganm_11890,ყველაი,"ყოველივე, ყველაფერი.",63,1619,False
ganm_11892,ხმა ერთად იერეს,ერთი ხმით დაიძახა (რამაზის ჯარმა).,63,1620,True
ganm_11893,სვე,"ბედი, იღბალი.",63,1620,False
ganm_11894,ამისმიერეს,მის (ტარიელის) ნაჩუქრად ჩათვალეს.,63,1620,False
ganm_11895,გაძღეს,გაძღნენ.,63,1620,False
ganm_11896,მათ ლომთა,იმ ლომების.,63,1621,True
ganm_11897,ნახვად,სანახავად.,63,1621,False
ganm_11898,მუშთარი,პლანეტა იუპიტერი.,63,1621,False
ganm_11899,სიტკბოთა,სიტკბოთი.,63,1621,False
ganm_11900,მოვიდეს,მოვიდნენ.,63,1621,False
ganm_11901,ზეცით,ზეციდან.,63,1621,False
ganm_11902,მათ ლაშქართა,იმ ლაშქარს.,63,1622,True
ganm_11903,ყველაკაი,ყველა.,63,1622,False
ganm_11904,დალოცვიდა,ლოცავდა.,63,1622,False
ganm_11905,იხარებდეს,ხარობდნენ.,63,1622,False
ganm_11906,მოზრახვიდა,ამბობდა.,63,1622,False
ganm_11907,რომე,რომ.,63,1622,False
ganm_11908,სრვიდა,ხოცავდა.,63,1622,False
ganm_11909,მოეგებნიან,"ჰხვდებოდნენ, ეგებებოდნენ.",63,1623,False
ganm_11910,უსალამიან,სალამს აძლევდნენ.,63,1623,False
ganm_11911,შიგანთა,შიგნით (გარემოცულ ციხეში) მყოფებმა.,63,1623,False
ganm_11912,იალამიან,აქ: თავიანთ ინდურ ალმად ჩათვალეს.,63,1623,False
ganm_11913,ვერ გამოენდვნეს,ვერ გამოენდნენ. იგულისხმება: ციხიდან გამოსვლა ვერ გაბედეს.,63,1623,True
ganm_11914,ღალატსა,"აქ: მოტყუებას, ეშმაკობით დახოცვას.",63,1623,False
ganm_11915,ჰლამიან,"ლამობენ, აპირებენ.",63,1623,False
ganm_11916,მოელოდეს,ელოდნენ.,63,1623,False
ganm_11917,მით,ამიტომ.,63,1623,False
ganm_11918,დაილამიან,"1. ლამიან მდინარესავით მოიდინეს. 2. “ნამავდნენ”, აფრქვევდნენ.",63,1623,False
ganm_11919,მიდგა,მივიდა.,63,1624,False
ganm_11920,უყივლა,დაუძახა.,63,1624,False
ganm_11921,ელვათა,აქ: სხივთა.,63,1624,False
ganm_11922,მაღლით,მაღლიდან. აქ: ციდან.,63,1624,False
ganm_11923,მაღალმან,იგულისხმება: ღმერთმა.,63,1624,False
ganm_11924,ზენი,"ზენა, ზეციური.",63,1624,False
ganm_11925,მი და მო სრბანი,"აქეთ-იქით რბენა, ალიაქოთი.",63,1625,True
ganm_11926,სრულად,"მთლად, ერთიანად.",63,1625,False
ganm_11927,ხმობდეს,იძახდნენ.,63,1625,False
ganm_11928,იზახდეს,"იძახდნენ, ყვიროდნენ.",63,1625,False
ganm_11929,მოგვშორდეს,მოგვშორდნენ.,63,1625,False
ganm_11930,სალმობა,"მწუხარება, ტკივილი.",63,1625,False
ganm_11932,გაახვნეს,გააღეს.,63,1626,False
ganm_11933,გამოჩნდეს,გამოჩნდნენ.,63,1626,False
ganm_11934,მოიხვნეს,მოიტანეს.,63,1626,False
ganm_11940,ტენი,სინესტე. აქ: ცრემლი.,63,1626,False
ganm_11935,ერთობ,"მთლად, ერთიანად.",63,1626,False
ganm_11936,ფლასი,"ძაძა, სამგლოვიარო სამოსი.",63,1626,False
ganm_11937,უჭვრეტდეს,უყურებდნენ.,63,1626,False
ganm_11938,მუნ,იქ.,63,1626,False
ganm_11940,ტენი,სინესტე. აქ: ცრემლი.,63,1626,False
ganm_11939,ქალ-ყმანი,ქალი და ვაჟი. ვარდისა ბაღი პირისახის აღმნიშვნელი მეტაფორაა.,63,1626,False
ganm_11940,ტენი,სინესტე. აქ: ცრემლი.,63,1626,False
ganm_11941,ზახილით,ყვირილით.,63,1626,False
ganm_11942,იცემდეს,"იცემდნენ. ყორნის ფრთა შავი თმისა და წვერ-ულვაშის აღმნიშვნელი მეტაფორაა, ბროლი- სახის კანისა.",63,1626,False
ganm_11940,ტენი,სინესტე. აქ: ცრემლი.,63,1626,False
ganm_11944,ვითა,როგორც.,63,1627,False
ganm_11945,ჰმართებდა,ეკუთვნოდა.,63,1627,False
ganm_11946,ხელია,"გაშმაგებულია, გონდაკარგულია (დარდისგან). გამზრდელი ინდოეთის მეფეა, გაზრდილი- ტარიელი.",63,1627,False
ganm_11947,რომე,რომ.,63,1627,False
ganm_11948,ცეცხლთაგან უფრო,ცეცხლზე უფრო.,63,1627,True
ganm_11946,ხელია,"გაშმაგებულია, გონდაკარგულია (დარდისგან). გამზრდელი ინდოეთის მეფეა, გაზრდილი- ტარიელი.",63,1627,False
ganm_11949,იცემდის,იცემდა.,63,1627,False
ganm_11950,იზახდის,ყვიროდა.,63,1627,False
ganm_11946,ხელია,"გაშმაგებულია, გონდაკარგულია (დარდისგან). გამზრდელი ინდოეთის მეფეა, გაზრდილი- ტარიელი.",63,1627,False
ganm_11946,ხელია,"გაშმაგებულია, გონდაკარგულია (დარდისგან). გამზრდელი ინდოეთის მეფეა, გაზრდილი- ტარიელი.",63,1627,False
ganm_11953,მოეხვივნეს,მოეხვივნენ.,63,1628,False
ganm_11954,მიუზრუნეს,მიუსამძიმრეს,63,1628,False
ganm_11956,მათ ცოლ-ქმართა,იმ ცოლ-ქმარს.,63,1628,True
ganm_11957,დაბნდა,"გული წაუვიდა. აქ: შეკრთა, დაიბნა.",63,1628,False
ganm_11958,შემართა,გაბედა.,63,1628,False
ganm_11959,ჩამოსცვივდეს,"ჩამოსცვივდნენ. ტაეპის აზრია: ნესტანმა დარდით თავი ჩაქინდრა, მწუხარებას მიეცა.",63,1628,False
ganm_11960,მუნა,იქ.,63,1628,False
ganm_11961,ჰნახვიდა,ნახავდა.,63,1628,False
ganm_11962,გამოჭრილი,"გამოქცეული, გამოვარდნილი.",63,1629,False
ganm_11963,მოვიდოდა,მოდიოდა.,63,1629,False
ganm_11971,ახვად,“ახ”–ის სათქმელად.,63,1629,False
ganm_11964,უბრძანებდა,ეუბნებოდა.,63,1629,False
ganm_11965,ესე,ეს.,63,1629,False
ganm_11971,ახვად,“ახ”–ის სათქმელად.,63,1629,False
ganm_11966,მოაქცივა,აქ: შეცვალა.,63,1629,False
ganm_11967,გამოს ახვად,გამოსახატად.,63,1629,True
ganm_11971,ახვად,“ახ”–ის სათქმელად.,63,1629,False
ganm_11968,გვმართებს,"გვეკუთვნის, გვევალება.",63,1629,False
ganm_11969,მადლი,მადლობა.,63,1629,False
ganm_11970,გვცალს,გვცალია.,63,1629,False
ganm_11971,ახვად,“ახ”–ის სათქმელად.,63,1629,False
ganm_11972,ზედა მოიჭდო,ჩაიხუტა.,63,1630,True
ganm_11973,"იტყვის, თუ",ამბობს.,63,1630,True
ganm_11974,დამევსო,ჩამიქრა.,63,1630,False
ganm_11975,სული დაიღე,გაჩუმდი!,63,1630,True
ganm_11976,დაგაგდე,დაგტოვე.,63,1631,False
ganm_11977,აწ,ახლა.,63,1631,False
ganm_11978,არღასადა,აქ: აღარ; აღარანაირად.,63,1631,False
ganm_11979,ბედ-აო,"ბედ-ავო, უბედურო.",63,1631,False
ganm_11980,ვარდსა,ნესტანის პირისახის აღმნიშვნელი მეტაფორაა.,63,1632,False
ganm_11981,დაუტყლეჟს,უჭყლეტს.,63,1632,False
ganm_11982,ბაგითა,ტუჩებით.,63,1632,False
ganm_11983,მას მზესა,იმ მზეს (ნესტანს).,63,1632,True
ganm_11984,ეტყვის,ეუბნება.,63,1632,False
ganm_11987,ყოვლთა,ყველას.,63,1632,False
ganm_11988,გვმართებს,გვეკუთვნის.,63,1632,False
ganm_11989,ნეტარძი,"სიხარული, ბედის მადლობა, “ნეტარძის” თქმა (ნეტარძი - რა კარგია, მადლობა ღმერთს).",63,1632,False
ganm_11990,რა გარდახდა,რომ გავიდა.,63,1633,True
ganm_11991,ეთაყვანნეს,"ეთაყვანნენ, მდაბლად, მიწამდე თავის დახრით სალამი მისცეს და მორჩილება გამოუცხადეს.",63,1633,False
ganm_11992,ერთობილნი,ყველანი.,63,1633,False
ganm_11993,ადგეს,ადგნენ.,63,1633,False
ganm_11994,მიეგებნეს,მიეგებნენ.,63,1633,False
ganm_11995,მოეხვივნეს,მოეხვივნენ.,63,1633,False
ganm_11996,თავის-თავის,"ცალ-ცალკე, სათითაოდ.",63,1633,False
ganm_11997,ჰკადრეს,"მოახსენეს, უთხრეს.",63,1634,False
ganm_11998,მიმტკივნება,სამძიმარი.,63,1634,False
ganm_11999,არ-მეცნება,არცოდნა.,63,1634,False
ganm_12000,აწ,ახლა.,63,1634,False
ganm_12001,გვცალს,გვცალია.,63,1634,False
ganm_12002,უბნება,ლაპარაკი.,63,1634,False
ganm_12003,ამათგან,ამათი წყალობით.,63,1634,False
ganm_12004,მოპოვნება,შოვნა. აქ: შენარჩუნება.,63,1634,False
ganm_12005,ადგეს,ადგნენ.,63,1635,False
ganm_12006,შევიდეს,შევიდნენ.,63,1635,False
ganm_12007,გარდახდეს,"ჩამოხდნენ, დაბინავდნენ.",63,1635,False
ganm_12008,სრა,სასახლე.,63,1635,False
ganm_12009,მოსრნა,"დახოცა, გაწყვიტა.",63,1635,False
ganm_12012,ამად,ამიტომ.,63,1635,False
ganm_12013,შევიქმ სიხარულსა,ვმხიარულობ.,63,1635,True
ganm_12014,საკამათსა,"გასართობს, მოსალხენს. (?)",63,1635,False
ganm_12015,გახსენით,"აქ: შეწყვიტეთ, გააუქმეთ.",63,1636,False
ganm_12017,წინწილა,"ლითონის თეფშები, საკრავი.",63,1636,False
ganm_12018,კარით,კარიდან.,63,1636,False
ganm_12018,კარით,კარიდან.,63,1636,False
ganm_12019,ნახლები,ძვირფასი ქსოვილია. აქ: ძვირფასი ქსოვილის ტანსაცმელი.,63,1636,False
ganm_12018,კარით,კარიდან.,63,1636,False
ganm_12020,იცინოდით,იცინეთ!,63,1636,False
ganm_12021,იმღერდით,იმღერეთ; ითამაშეთ!,63,1636,False
ganm_12018,კარით,კარიდან.,63,1636,False
ganm_12022,მათ ცოლ-ქმართა,იმ ცოლ-ქმარს.,64,1637,True
ganm_12023,ზედა ტახტსა,ტახტზე.,64,1637,True
ganm_12024,ერთგან,ერთად.,64,1637,False
ganm_12025,მდედრი,ქალური.,64,1637,False
ganm_12026,შეიმოსა,"ჩაიცვა. იგულისხმება: სამხიარულო ჩაიცვა, ძაძა გაიხადა.",64,1638,False
ganm_12027,ყველაკაი,ყველანი.,64,1638,False
ganm_12028,უდიადა,ბევრი მისცა.,64,1638,False
ganm_12029,დაგვებადა,გაგვიჩნდა.,64,1638,False
ganm_12030,ერთგან,ერთად.,64,1639,False
ganm_12031,შეჰფერობდეს,შეეფერებოდნენ.,64,1639,False
ganm_12032,ყმისა,"მოყმის, რაინდის.",64,1639,False
ganm_12033,შესატყ ვისი,შესაფერი.,64,1639,True
ganm_12036,ვისი,ვისიმე.,64,1639,False
ganm_12034,გამოთქმიდა,გამოთქვამდა (იგულისხმება: მათს ქებას).,64,1639,False
ganm_12035,ვითა,როგორ.,64,1639,False
ganm_12036,ვისი,ვისიმე.,64,1639,False
ganm_12037,ვინმცა ჰგვანდა,ვინ ემგვანებოდა.,64,1639,True
ganm_12038,სოფელს,ქვეყნად.,64,1639,False
ganm_12039,მიჰხვდა,"ჰხვდათ, ერგოთ.",64,1640,False
ganm_12040,საშვებელი,"ლხინი, სიამე, ბედნიერება.",64,1640,False
ganm_12041,გაუცდელი,უნახავი.,64,1640,False
ganm_12042,მათ პატიჟთა,(იმ) ტანჯვას.,64,1640,True
ganm_12043,ესე,ეს.,64,1640,False
ganm_12044,ყოლა,"სულ, სრულებით.",64,1640,False
ganm_12045,იამებს,"შეიშნობს, შეიგრძნობს.",64,1640,False
ganm_12046,ერთგან,ერთად.,64,1641,False
ganm_12047,ჰნახნეთ,აქ: რომ ჰნახოთ.,64,1641,False
ganm_12049,ჰკრეს,აქ: დაუკრეს.,64,1641,False
ganm_12050,ქოსნი,დოლები.,64,1641,False
ganm_12051,დაატკბობდეს,ატკბობდნენ.,64,1641,False
ganm_12052,საჭურჭლეთა,"აქ: განძის, სიმდიდრის საცავთა.",64,1641,False
ganm_12053,მიანდობდეს,"აქ: აბარებდნენ; მიაბარეს, მიანდეს. ლაპარაკია ინდოეთის ქვეშევრდომებზე, პირველ ყოვლისა, დიდებულებზე.",64,1641,False
ganm_12054,ესეაო,ესააო.,64,1641,False
ganm_12055,იზახდეს,"იძახდნენ, ყვიროდნენ.",64,1641,False
ganm_12056,ხმობდეს,"იძახდნენ, ამბობდნენ.",64,1641,False
ganm_12057,ზედა,ზედ.,64,1642,False
ganm_12058,დასხნეს,"დასხეს, დასვეს.",64,1642,False
ganm_12059,უდიადნეს,"უმრავლეს, უუხვეს.",64,1642,False
ganm_12060,რა დაბადნეს,რას შექმნის? აქ: ვის შექმნის? ვის გააჩენს?!,64,1642,True
ganm_12061,ამბობდიან,"ამბობდნენ, ჰყვებოდნენ.",64,1642,False
ganm_12062,ყველაკასა,ყველას.,64,1642,False
ganm_12063,ჯალაბი,"აქ: ხალხმრავლობა, სტუმრიანობა.",64,1643,False
ganm_12064,ვითარი,როგორი.,64,1643,False
ganm_12065,ხამს,"საჭიროა, ჯერ-არს.",64,1643,False
ganm_12066,გარდიხდიდეს,იხდიდნენ.,64,1643,False
ganm_12067,თავის-თავის,ცალ-ცალკე.,64,1643,False
ganm_12068,სწორად,თანასწორად.,64,1643,False
ganm_12069,მიართმიდეს,"მი¬ართმევდნენ, აძლევდნენ.",64,1643,False
ganm_12070,საჭურჭლესა,სიმდიდრეს.,64,1643,False
ganm_12071,ერთგან,ერთად.,64,1643,False
ganm_12073,სრულნი,ყველა.,64,1644,False
ganm_12074,მწედ,მშველელად.,64,1644,False
ganm_12075,ხადოდიან,"აღიარებდნენ, უწოდებდნენ.",64,1644,False
ganm_12076,გვჭირს,"გვაქვს, დაგვემართა.",64,1644,False
ganm_12077,ყველაი,ყოველივე.,64,1644,False
ganm_12078,მოიტყოდიან,ამბობდნენ.,64,1644,False
ganm_12079,ვითა,როგორც.,64,1644,False
ganm_12080,პატრონსა,(ტარიელს).,64,1644,False
ganm_12081,სჭვრეტდიან,შესცქეროდნენ.,64,1644,False
ganm_12082,სწადდის,უნდოდათ (ავთანდილს და ფრიდონს).,64,1644,False
ganm_12083,იქმოდიან,აკეთებდნენ (ინდონი).,64,1644,False
ganm_12084,სადარბაზობლად,"სადარბაზოდ, მათ წინაშე წარსადგომად, პატივისცემის დასამოწმებლად.",64,1644,False
ganm_12085,ნიადაგ,მუდამ.,64,1644,False
ganm_12086,მათ წინა,მათთან.,64,1644,True
ganm_12087,მოვიდოდიან,მოდიოდნენ.,64,1644,False
ganm_12088,ინდოთ მეფე,(ტარიელი).,64,1645,True
ganm_12089,უბრძანებდა,ეუბნებოდა.,64,1645,False
ganm_12091,მეშვიდესა,აქ: მეშვიდედსა.,64,1645,False
ganm_12092,ზედა დაგსვამ,(ინდოეთის მეშვიდედზე) გაგაბატონებ.,64,1645,True
ganm_12093,გვმსახურებდი,"გვემსახურე! ჩვენი პატრონობა სცანი, როგორც ყმამ, ვასალმა!",64,1645,False
ganm_12094,მუნიდაღმა,იქიდან.,64,1646,False
ganm_12095,გვმსახურებდი,"გვემსახურე! ჩვენი ყმა, ვასალი იყავ!",64,1646,False
ganm_12096,ღონე,"აქ: შველა, იმედი.",64,1646,False
ganm_12097,მონებისა,"მონობისა. აქ: ყმობის, სამსახურის.",64,1646,False
ganm_12099,ერთგან,ერთად.,64,1647,False
ganm_12100,თამაშობდიან,"ერთობოდნენ (იგულისხმება: ნადირობდნენ, ასპარეზობდნენ, ჯირითობდნენ და ა.შ.).",64,1647,False
ganm_12101,უსახო,შეუდარებელი.,64,1647,False
ganm_12102,მიუდიოდის,მიუდიოდათ.,64,1647,False
ganm_12103,ღარიბი,"იშვიათი, უნიკალური.",64,1647,False
ganm_12104,მაგრა,მაგრამ.,64,1647,False
ganm_12105,სურვილმან,იგულისხმება: თინათინისამ.,64,1647,False
ganm_12106,დაღრეჯა,მოწყენა.,64,1647,False
ganm_12107,ცნა,"მიხვდა, გაიგო.",64,1648,False
ganm_12108,ყმასა,"მოყმეს, რაინდს.",64,1648,False
ganm_12109,ცოლისათვის მოეს ურვა,ცოლი მოენატრა.,64,1648,True
ganm_12116,ურვა,რვად გაუხადა (იგულისხმება: გაუმრავლა დარდი).,64,1648,False
ganm_12110,უბრძანებდა,აქ: უთხრა.,64,1648,False
ganm_12111,განაღამცა მომემდ ურვა,სწორედ რომ მომემდურება! სწორედ რომ უნდა მემდუროდეს!,64,1648,True
ganm_12116,ურვა,რვად გაუხადა (იგულისხმება: გაუმრავლა დარდი).,64,1648,False
ganm_12112,აწ,ახლა.,64,1648,False
ganm_12113,ვაგლახ,ვაი.,64,1648,False
ganm_12114,გონებამან,ფიქრმა (იგულისხმება: თინათინზე).,64,1648,False
ganm_12115,შვიდით,შვიდიდან.,64,1648,False
ganm_12116,ურვა,რვად გაუხადა (იგულისხმება: გაუმრავლა დარდი).,64,1648,False
ganm_12112,აწ,ახლა.,64,1648,False
ganm_12116,ურვა,რვად გაუხადა (იგულისხმება: გაუმრავლა დარდი).,64,1648,False
ganm_12119,კვლა,აქ: აგრეთვე.,64,1649,False
ganm_12121,მიბრძანებდი,მიბრძანე ხოლმე!,64,1649,False
ganm_12122,უხუცესი,უფროსი.,64,1649,False
ganm_12125,უბოძა,(ტარიელმა).,64,1650,False
ganm_12126,ფარმანი,"ნებართვა, დასტური.",64,1650,False
ganm_12127,გამწირავ,დამტოვებ.,64,1650,False
ganm_12128,მნახევდი,მნახე ხოლმე!,64,1650,False
ganm_12129,ადრე,მალე.,64,1650,False
ganm_12131,რამცა ვით გავიხარეო?,როგორ და რით გავიხარებ?,64,1650,True
ganm_12132,ნუ გაგვა,ნუ გენაღვლება (ჩემი გულის დაწყვეტა).,64,1650,True
ganm_12133,წაატანა,გაატანა. ჯუბაჩა ჩასაცმელია.,64,1651,False
ganm_12134,კვლა,აქ: კიდევ.,64,1651,False
ganm_12135,ჭურჭელი,"აქ: საჭურჭლე, სიმდიდრე.",64,1651,False
ganm_12136,წაო,წადიო.,64,1651,False
ganm_12137,ვით,როგორ.,64,1651,False
ganm_12138,დავრჩები,ვიცოცხლებ.,64,1651,False
ganm_12139,ყაბაჩა,მოკლე ქათიბი.,64,1652,False
ganm_12140,რიდე,"მოსასხამი, თავსაბურავი.",64,1652,False
ganm_12141,დაბურვა,დახურვა.,64,1652,False
ganm_12142,ღირს იყო,ღირსი იყო (ჩაცმის).,64,1652,True
ganm_12143,მათგან კიდე,მათ გარდა.,64,1652,True
ganm_12144,ცუდად,ტყუილად.,64,1652,False
ganm_12145,განანათლის,ანათებდა.,64,1652,False
ganm_12146,ჩნდის,"ჩანდა. აქ: კაშკაშებდა, ბრწყნავდა.",64,1652,False
ganm_12147,შეჯდა,ამხედრდა.,64,1653,False
ganm_12148,გაეს ალამა,გამოემშვიდობა.,64,1653,True
ganm_12149,ალამა,ალმა.,64,1653,False
ganm_12149,ალამა,ალმა.,64,1653,False
ganm_12150,სრულად,ყველა.,64,1653,False
ganm_12149,ალამა,ალმა.,64,1653,False
ganm_12152,იტყვის,ამბობს.,64,1653,False
ganm_12153,სოფლისა,"წუთისოფლის, საწუთროს.",64,1653,False
ganm_12149,ალამა,ალმა.,64,1653,False
ganm_12155,ერთგან,ერთად.,64,1654,False
ganm_12156,თავის-თავ,ცალ-ცალკე.,64,1654,False
ganm_12157,მოუხდეს,"მოუვიდათ, მოუხდათ, გამოუვიდათ.",64,1654,False
ganm_12158,მიხდა,მივიდა.,64,1654,False
ganm_12159,ცუდნი,"უსარგებლონი, ამაონი.",64,1654,False
ganm_12160,ჭირენი,გასაჭირი.,64,1654,False
ganm_12161,გამოეგებნეს,გამოეგებნენ.,64,1655,False
ganm_12162,მიჰრიდა,"გაექცა, გაეცალა.",64,1655,False
ganm_12164,მის თანა,მასთან.,64,1655,True
ganm_12165,და-ვე-ჯდა,კვლავ დაჯდა. ნაწილაკი “ვე” ჩართულია ზმნასა და ზმნისწინს შორის.,64,1655,False
ganm_12166,ალხინა,გაახარა.,64,1655,False
ganm_12167,ზეცით,ზეციდან.,64,1655,False
ganm_12168,ზენამან,"იგულისხმება: ზეციურმა წყალობამ, ღვთის წყალობამ.",64,1655,False
ganm_12169,მათ სამთავე ხელმწიფეთა,(იმ) სამსავე ხელმწიფეს.,64,1656,True
ganm_12170,სძულდეს,სძულდათ.,64,1656,False
ganm_12171,ნახვიდიან,ნახულობდნენ.,64,1656,False
ganm_12172,გაუსრულდეს,აუსრულდათ.,64,1656,False
ganm_12173,შემცილენი,"აქ: დამრღვევნი, წინააღმდეგობის გამწევნი.",64,1656,False
ganm_12175,და-ვე-წყლულდეს,დაწყლულდნენ. ნაწილაკი “ვე” ჩართულია ზმნასა და ზმნისწინს შორის.,64,1656,False
ganm_12176,გახელმწიფდეს,"იგულისხმება: გაძლიერდნენ, კიდევ უფრო დიდი ხელმწიფეები გახდნენ:",64,1656,False
ganm_12177,გამორჭმულდეს,გამარჯვებითა და დიდებით შეიმოსნენ.,64,1656,False
ganm_12178,ყოვლთა,ყველას (ყველა ქვეშევრდომს).,64,1657,False
ganm_12179,სწორად,თანასწორად.,64,1657,False
ganm_12180,ვითა,როგორც.,64,1657,False
ganm_12181,მოათოვდეს,ათოვდნენ.,64,1657,False
ganm_12182,უწოვდეს,უწოვდნენ.,64,1657,False
ganm_12183,შიგან მათთა საბრძანისთა,მათ საბრძანებელში.,64,1657,True
ganm_12184,ერთგან,ერთად.,64,1657,False
ganm_12186,გასრულდა,დამთავრდა.,65,1658,False
ganm_12187,ვითა,როგორც.,65,1658,False
ganm_12188,გარდახდეს,"გადავიდნენ, გადაეგნენ. იგულისხმება: დაიხოცნენ.",65,1658,False
ganm_12189,სოფელი,"წუთისოფელი, ცხოვრება.",65,1658,False
ganm_12190,ვის,ვისაც.,65,1658,False
ganm_12191,გრძლად ჰგონია,გრძელი ჰგონია.,65,1658,True
ganm_12192,რუსთველისად ამისა,"ამ რუსთველისათვის. იგულისხმება: ამ რუსთველის სახელით. საერთო აზრი შემდეგია: მე, ვინმე მესხი მელექსე, ამ შემაჯამებელ სტროფსაც, რომელიც ყოველივეს წარმავლობაზე მეტყველებს, ამავე რუსთველის სახელით (ფსევდონიმით) ვწერ, ვისი სახელითაც (ფსევდონიმითაც) დანარჩენი ტექსტი დავწერე (იხ. კომენტარი)",65,1658,True
ganm_12193,ქართველთა ღმრთისა,იგულისხმება: თამარ მეფის.,65,1659,True
ganm_12194,ვის,ვისაც.,65,1659,False
ganm_12195,მზე,"აქ: სიცოცხლე, ბედი.",65,1659,False
ganm_12196,სარებლად,"სატარებლად. ტაეპის აზრია: დავითის (სოსლანის) სიცოცხლე და მისი ბედი, მისი იღბალი ბრძოლა-ლაშქრობაში თამარს ემსახურება.",65,1659,False
ganm_12197,ესე,ეს. მათად. ლაპარაკია თამარზე. მრ. რიცხვი მეფისადმი მოწიწების გამომხატველია.,65,1659,False
ganm_12198,სახუმარებლად,"გასართობად, შესაქცევად.",65,1659,False
ganm_12199,აღმოსავლეთით დასავლეთს ზართა მარებლად,აღმოსავლეთიდან დასავლეთამდე შიშის ზარის დამცემად (მტრებისათვის).,65,1659,True
ganm_12200,მათთა,თავისთა (ლაპარაკია თამარზე).,65,1659,False
ganm_12201,დავითის,ლაპარაკია დავით სოსლანზე.,65,1660,False
ganm_12202,ქმნანი,"საქმენი, გმირობანი.",65,1660,False
ganm_12203,ვითა ვთქვნე,როგორ ვთქვა? როგორ აღვწერო?,65,1660,True
ganm_12204,სიჩალხე-სიხაფეთანი,"(მისი) სიკისკასისა და ძლიერებისა, რიხისა და ომახიანობისა.",65,1660,False
ganm_12205,ესე,ეს.,65,1660,False
ganm_12206,პირველ,ჯერ.,65,1660,False
ganm_12207,ზნენი,"ღირსებანი (ვაჟკაცობა, ქველობა და ა.შ.).",65,1660,False
ganm_12208,მათ მეფეთანი,იმ მეფეებისა (პოემის გმირებისა).,65,1660,True
ganm_12209,ვპოვენ,"ვიპოვე, ვნახე.",65,1660,False
ganm_12210,გარდავთქვენ,"გადავთქვი, გავაწყე. ვილაყფეთანი. როგორც ჩანს, ნიშნავს: ვილაყბე, უსარგბლოდ გავსარჯე ჩემი ენა და კალამი (ლიცენციაა).",65,1660,False
ganm_12211,ესე,ეს.,65,1661,False
ganm_12212,სოფელი,"წუთისოფელი, საწუთრო.",65,1661,False
ganm_12213,წამია,დახამხამებაა.,65,1661,False
ganm_12214,რას აქმნევთ,რაში გარგიათ? რაში გამოიყენებთ?,65,1661,True
ganm_12215,მაყივნებელი,"აქ: მატყუარა, მაცდური, გამაცრუებელი.",65,1661,False
ganm_12216,ვის,ვისაც.,65,1661,False
ganm_12217,ორისავ იყოს მხლებელი,"აქ: ორივესთან მყოფი, ორივეს მქონე (იგულისხმება: სააქაო და საიქიო ცხოვრების). ტაეპის აზრია: კარგია, თუ ბედმა კაცს საიქიო ცხოვრებაც არ დააკარგვინა, წაწყმედამდე არ მიიყვანა.",65,1661,True
ganm_12218,უქია,იგულისხმება: მისი საქმენი აღუწერია.,65,1662,False
ganm_12219,მას უქეს რომელსა,რომელსაც უქეს (ლექსი).,65,1662,True
ganm_12220,მას ენა-დაუშვრომელსა,იმ ენა-დაუღლელს.,65,1662,True
